<?xml version="1.0" encoding="utf-8"?>
<COLLADA xmlns="http://www.collada.org/2005/11/COLLADASchema" version="1.4.1">
  <asset><contributor><author></author><authoring_tool>FBX COLLADA exporter</authoring_tool><comments></comments></contributor><created>2017-11-06T17:54:23Z</created><keywords></keywords><modified>2017-11-06T17:54:23Z</modified><revision></revision><subject></subject><title></title><unit meter="1.000000" name="centimeter"></unit><up_axis>Y_UP</up_axis></asset>
  <library_materials>
    <material id="Material.001" name="Material.001">
      <instance_effect url="#Material.001-fx"/>
    </material>
    <material id="Material.002" name="Material.002">
      <instance_effect url="#Material.002-fx"/>
    </material>
    <material id="Material.003" name="Material.003">
      <instance_effect url="#Material.003-fx"/>
    </material>
    <material id="Material.004" name="Material.004">
      <instance_effect url="#Material.004-fx"/>
    </material>
  </library_materials>
  <library_effects>
    <effect id="Material.001-fx" name="Material.001">
      <profile_COMMON>
        <technique sid="standard">
          <phong>
            <emission>
              <color sid="emission">0.000000  0.000000 0.000000 1.000000</color>
            </emission>
            <ambient>
              <color sid="ambient">0.000000  0.000000 0.000000 1.000000</color>
            </ambient>
            <diffuse>
              <color sid="diffuse">1.000000  1.000000 1.000000 1.000000</color>
            </diffuse>
            <specular>
              <color sid="specular">0.020000  0.020000 0.020000 1.000000</color>
            </specular>
            <shininess>
              <float sid="shininess">9.600389</float>
            </shininess>
            <reflective>
              <color sid="reflective">0.000000  0.000000 0.000000 1.000000</color>
            </reflective>
            <reflectivity>
              <float sid="reflectivity">1.000000</float>
            </reflectivity>
            <transparent opaque="RGB_ZERO">
              <color sid="transparent">1.000000  1.000000 1.000000 1.000000</color>
            </transparent>
            <transparency>
              <float sid="transparency">0.000000</float>
            </transparency>
          </phong>
        </technique>
      </profile_COMMON>
    </effect>
    <effect id="Material.002-fx" name="Material.002">
      <profile_COMMON>
        <technique sid="standard">
          <phong>
            <emission>
              <color sid="emission">0.000000  0.000000 0.000000 1.000000</color>
            </emission>
            <ambient>
              <color sid="ambient">0.000000  0.000000 0.000000 1.000000</color>
            </ambient>
            <diffuse>
              <color sid="diffuse">0.221961  0.221961 0.629804 1.000000</color>
            </diffuse>
            <specular>
              <color sid="specular">0.020000  0.020000 0.020000 1.000000</color>
            </specular>
            <shininess>
              <float sid="shininess">9.600389</float>
            </shininess>
            <reflective>
              <color sid="reflective">0.000000  0.000000 0.000000 1.000000</color>
            </reflective>
            <reflectivity>
              <float sid="reflectivity">1.000000</float>
            </reflectivity>
            <transparent opaque="RGB_ZERO">
              <color sid="transparent">1.000000  1.000000 1.000000 1.000000</color>
            </transparent>
            <transparency>
              <float sid="transparency">0.000000</float>
            </transparency>
          </phong>
        </technique>
      </profile_COMMON>
    </effect>
    <effect id="Material.003-fx" name="Material.003">
      <profile_COMMON>
        <technique sid="standard">
          <phong>
            <emission>
              <color sid="emission">0.000000  0.000000 0.000000 1.000000</color>
            </emission>
            <ambient>
              <color sid="ambient">0.000000  0.000000 0.000000 1.000000</color>
            </ambient>
            <diffuse>
              <color sid="diffuse">0.861961  0.491765 0.206274 1.000000</color>
            </diffuse>
            <specular>
              <color sid="specular">0.020000  0.020000 0.020000 1.000000</color>
            </specular>
            <shininess>
              <float sid="shininess">9.600389</float>
            </shininess>
            <reflective>
              <color sid="reflective">0.000000  0.000000 0.000000 1.000000</color>
            </reflective>
            <reflectivity>
              <float sid="reflectivity">1.000000</float>
            </reflectivity>
            <transparent opaque="RGB_ZERO">
              <color sid="transparent">1.000000  1.000000 1.000000 1.000000</color>
            </transparent>
            <transparency>
              <float sid="transparency">0.000000</float>
            </transparency>
          </phong>
        </technique>
      </profile_COMMON>
    </effect>
    <effect id="Material.004-fx" name="Material.004">
      <profile_COMMON>
        <technique sid="standard">
          <phong>
            <emission>
              <color sid="emission">0.000000  0.000000 0.000000 1.000000</color>
            </emission>
            <ambient>
              <color sid="ambient">0.000000  0.000000 0.000000 1.000000</color>
            </ambient>
            <diffuse>
              <color sid="diffuse">0.925490  0.027451 0.023529 1.000000</color>
            </diffuse>
            <specular>
              <color sid="specular">0.020000  0.020000 0.020000 1.000000</color>
            </specular>
            <shininess>
              <float sid="shininess">9.600389</float>
            </shininess>
            <reflective>
              <color sid="reflective">0.000000  0.000000 0.000000 1.000000</color>
            </reflective>
            <reflectivity>
              <float sid="reflectivity">1.000000</float>
            </reflectivity>
            <transparent opaque="RGB_ZERO">
              <color sid="transparent">1.000000  1.000000 1.000000 1.000000</color>
            </transparent>
            <transparency>
              <float sid="transparency">0.000000</float>
            </transparency>
          </phong>
        </technique>
      </profile_COMMON>
    </effect>
  </library_effects>
  <library_geometries>
    <geometry id="Plane.002-lib" name="Plane.002Mesh">
      <mesh>
        <source id="Plane.002-POSITION">
          <float_array id="Plane.002-POSITION-array" count="9696">
0.173036 1.344106 0.077533
0.350561 1.699154 0.077533
0.357957 2.505410 0.077533
0.391243 3.008395 0.077533
0.502196 3.400427 0.077533
0.287462 3.553808 0.077533
0.126882 1.805668 0.077533
0.254698 1.779040 0.077533
0.233396 1.699154 0.077533
0.111812 1.685105 0.077533
0.081671 1.715246 0.077533
0.081671 1.770504 0.077533
0.164162 1.550035 0.077533
0.137533 1.635246 0.077533
0.123184 1.931412 0.077533
0.174961 1.935111 0.077533
0.252626 1.968396 0.077533
0.274816 2.046061 0.077533
0.274816 2.127425 0.077533
0.219341 2.216186 0.077533
0.152770 2.282756 0.077533
0.167564 2.308645 0.077533
0.226738 2.308645 0.077533
0.252626 2.353025 0.077533
0.241531 2.434389 0.077533
0.171262 2.426992 0.077533
0.115787 2.482468 0.077533
0.174961 2.545340 0.077533
0.245229 2.537943 0.077533
0.256325 2.593419 0.077533
0.200849 2.682179 0.077533
0.263721 2.756147 0.077533
0.297006 2.874494 0.077533
0.204547 3.015032 0.077533
0.171262 3.044619 0.077533
0.171262 3.000238 0.077533
0.167564 2.926271 0.077533
0.193452 2.878192 0.077533
0.071406 2.759845 0.077533
0.137977 2.656291 0.077533
0.071406 2.426993 0.077533
0.067708 2.353025 0.077533
0.052915 2.182901 0.077533
0.082502 2.112632 0.077533
0.156469 2.090442 0.077533
0.219341 2.131124 0.077533
0.230436 2.105236 0.077533
0.234134 2.034967 0.077533
0.167564 2.046062 0.077533
0.093597 2.016475 0.077533
0.071406 1.964698 0.077533
0.182357 3.166664 0.077533
0.267420 3.233235 0.077533
0.348783 3.266520 0.077533
0.326593 3.007635 0.077533
0.210790 1.563521 0.077533
0.225860 1.636361 0.077533
0.123184 1.931412 0.077533
0.174961 1.935111 0.077533
0.252626 1.968396 0.077533
0.274816 2.046061 0.077533
0.274816 2.127425 0.077533
0.219341 2.216186 0.077533
0.152770 2.282756 0.077533
0.167564 2.308645 0.077533
0.226738 2.308645 0.077533
0.252626 2.353025 0.077533
0.241531 2.434389 0.077533
0.171262 2.426992 0.077533
0.115787 2.482468 0.077533
0.174961 2.545340 0.077533
0.245229 2.537943 0.077533
0.256325 2.593419 0.077533
0.200849 2.682179 0.077533
0.263721 2.756147 0.077533
0.297006 2.874494 0.077533
0.204547 3.015032 0.077533
0.171262 3.044619 0.077533
0.171262 3.000238 0.077533
0.167564 2.926271 0.077533
0.193452 2.878192 0.077533
0.071406 2.759845 0.077533
0.137977 2.656291 0.077533
0.071406 2.426993 0.077533
0.067708 2.353025 0.077533
0.052915 2.182901 0.077533
0.082502 2.112632 0.077533
0.156469 2.090442 0.077533
0.219341 2.131124 0.077533
0.230436 2.105236 0.077533
0.234134 2.034967 0.077533
0.167564 2.046062 0.077533
0.093597 2.016475 0.077533
0.071406 1.964698 0.077533
0.182357 3.166664 0.077533
0.267420 3.233235 0.077533
0.348783 3.266520 0.077533
0.326593 3.007635 0.077533
0.126882 1.805668 0.041429
0.254698 1.779040 0.041429
0.233396 1.699154 0.041429
0.111812 1.685105 0.041429
0.081671 1.715246 0.041429
0.081671 1.770504 0.041429
0.164162 1.550035 0.041429
0.137533 1.635246 0.041429
0.263721 2.756147 0.041429
0.297006 2.874494 0.041429
0.204547 3.015032 0.041429
0.171262 3.044619 0.041429
0.171262 3.000238 0.041429
0.167564 2.926271 0.041429
0.193452 2.878192 0.041429
0.210790 1.563521 0.041429
0.225860 1.636361 0.041429
0.123184 1.931412 0.041429
0.174961 1.935111 0.041429
0.252626 1.968396 0.041429
0.274816 2.046061 0.041429
0.274816 2.127425 0.041429
0.219341 2.216186 0.041429
0.152770 2.282756 0.041429
0.167564 2.308645 0.041429
0.226738 2.308645 0.041429
0.252626 2.353025 0.041429
0.241531 2.434389 0.041429
0.171262 2.426992 0.041429
0.115787 2.482468 0.041429
0.174961 2.545340 0.041429
0.245229 2.537943 0.041429
0.256325 2.593419 0.041429
0.200849 2.682179 0.041429
0.263721 2.756147 0.041429
0.193452 2.878192 0.041429
0.071406 2.759845 0.041429
0.137977 2.656291 0.041429
0.071406 2.426993 0.041429
0.067708 2.353025 0.041429
0.052915 2.182901 0.041429
0.082502 2.112632 0.041429
0.156469 2.090442 0.041429
0.219341 2.131124 0.041429
0.230436 2.105236 0.041429
0.234134 2.034967 0.041429
0.167564 2.046062 0.041429
0.093597 2.016475 0.041429
0.071406 1.964698 0.041429
0.182357 3.166664 0.041429
0.267420 3.233235 0.041429
0.348783 3.266520 0.041429
0.326593 3.007635 0.041429
0.502196 3.400427 0.102928
0.693793 3.371507 0.102928
0.943230 3.328127 0.102928
1.091447 3.252211 0.102928
1.337269 3.111225 0.102928
1.575861 2.970238 0.102927
1.771073 3.349817 0.102928
1.698773 3.469113 0.102928
1.391495 3.613714 0.102928
1.091447 3.740241 0.102928
0.784169 3.780006 0.102928
0.476891 3.787236 0.102928
0.332289 3.787236 0.102928
0.238298 3.725780 0.102928
0.097312 3.599254 0.102928
-0.014754 3.537798 0.102928
-0.014754 3.454652 0.102928
0.328705 3.309344 0.102928
0.146539 3.161877 0.102928
0.068468 3.023084 0.102927
1.627943 3.310781 0.102928
1.684328 3.393190 0.102928
1.376381 3.549332 0.102928
1.033736 3.657764 0.102928
0.708440 3.683788 0.102928
0.526274 3.631740 0.102928
0.331096 3.510297 0.102928
0.261700 3.540658 0.102928
0.114232 3.345480 0.102928
0.109895 3.254397 0.102928
0.292061 3.410539 0.102928
0.495913 3.484273 0.102928
0.725789 3.462587 0.102928
0.986026 3.384516 0.102928
1.241925 3.289095 0.102928
1.467464 3.158977 0.102928
1.545535 3.132953 0.102928
1.597582 3.215362 0.102928
1.168191 3.427889 0.102928
0.873256 3.514634 0.102928
1.090120 3.531983 0.102928
1.337345 3.443069 0.102928
1.627943 3.310781 0.086238
1.684328 3.393190 0.086238
1.376381 3.549332 0.086238
1.033736 3.657764 0.086238
0.708440 3.683788 0.086238
0.526274 3.631740 0.086238
0.331096 3.510297 0.086238
0.261700 3.540658 0.086238
0.114232 3.345480 0.086238
0.109895 3.254397 0.086238
0.292061 3.410539 0.086238
0.495913 3.484273 0.086238
0.725789 3.462587 0.086238
0.986026 3.384516 0.086238
1.241925 3.289095 0.086238
1.467464 3.158977 0.086238
1.545535 3.132953 0.086238
1.597582 3.215362 0.086238
1.168191 3.427889 0.086238
0.873256 3.514634 0.086238
1.090120 3.531983 0.086238
1.337345 3.443069 0.086238
0.000000 1.547519 0.077533
-0.173036 1.344106 0.077533
-0.350561 1.699154 0.077533
-0.357957 2.505410 0.077533
-0.391243 3.008395 0.077533
-0.502196 3.400427 0.077533
-0.287462 3.553808 0.077533
0.000000 3.461779 0.077533
-0.126882 1.805668 0.077533
-0.254698 1.779040 0.077533
-0.233396 1.699154 0.077533
-0.111812 1.685105 0.077533
-0.081671 1.715246 0.077533
-0.081671 1.770504 0.077533
-0.164162 1.550035 0.077533
-0.137533 1.635246 0.077533
-0.123184 1.931412 0.077533
-0.174961 1.935111 0.077533
-0.252626 1.968396 0.077533
-0.274816 2.046061 0.077533
-0.274816 2.127425 0.077533
-0.219341 2.216186 0.077533
-0.152770 2.282756 0.077533
-0.167564 2.308645 0.077533
-0.226738 2.308645 0.077533
-0.252626 2.353025 0.077533
-0.241531 2.434389 0.077533
-0.171262 2.426992 0.077533
-0.115787 2.482468 0.077533
-0.174961 2.545340 0.077533
-0.245229 2.537943 0.077533
-0.256325 2.593419 0.077533
-0.200849 2.682179 0.077533
-0.263721 2.756147 0.077533
-0.297006 2.874494 0.077533
-0.204547 3.015032 0.077533
-0.171262 3.044619 0.077533
-0.171262 3.000238 0.077533
-0.167564 2.926271 0.077533
-0.193452 2.878192 0.077533
-0.071406 2.759845 0.077533
-0.137977 2.656291 0.077533
0.000000 2.541642 0.077533
-0.071406 2.426993 0.077533
-0.067708 2.353025 0.077533
-0.052915 2.182901 0.077533
-0.082502 2.112632 0.077533
-0.156469 2.090442 0.077533
-0.219341 2.131124 0.077533
-0.230436 2.105236 0.077533
-0.234134 2.034967 0.077533
-0.167564 2.046062 0.077533
-0.093597 2.016475 0.077533
-0.071406 1.964698 0.077533
-0.182357 3.166664 0.077533
-0.267420 3.233235 0.077533
-0.348783 3.266520 0.077533
-0.326593 3.007635 0.077533
-0.210790 1.563521 0.077533
-0.225860 1.636361 0.077533
-0.123184 1.931412 0.077533
-0.174961 1.935111 0.077533
-0.252626 1.968396 0.077533
-0.274816 2.046061 0.077533
-0.274816 2.127425 0.077533
-0.219341 2.216186 0.077533
-0.152770 2.282756 0.077533
-0.167564 2.308645 0.077533
-0.226738 2.308645 0.077533
-0.252626 2.353025 0.077533
-0.241531 2.434389 0.077533
-0.171262 2.426992 0.077533
-0.115787 2.482468 0.077533
-0.174961 2.545340 0.077533
-0.245229 2.537943 0.077533
-0.256325 2.593419 0.077533
-0.200849 2.682179 0.077533
-0.263721 2.756147 0.077533
-0.297006 2.874494 0.077533
-0.204547 3.015032 0.077533
-0.171262 3.044619 0.077533
-0.171262 3.000238 0.077533
-0.167564 2.926271 0.077533
-0.193452 2.878192 0.077533
-0.071406 2.759845 0.077533
-0.137977 2.656291 0.077533
0.000000 2.541642 0.077533
-0.071406 2.426993 0.077533
-0.067708 2.353025 0.077533
-0.052915 2.182901 0.077533
-0.082502 2.112632 0.077533
-0.156469 2.090442 0.077533
-0.219341 2.131124 0.077533
-0.230436 2.105236 0.077533
-0.234134 2.034967 0.077533
-0.167564 2.046062 0.077533
-0.093597 2.016475 0.077533
-0.071406 1.964698 0.077533
-0.182357 3.166664 0.077533
-0.267420 3.233235 0.077533
-0.348783 3.266520 0.077533
-0.326593 3.007635 0.077533
-0.126882 1.805668 0.041429
-0.254698 1.779040 0.041429
-0.233396 1.699154 0.041429
-0.111812 1.685105 0.041429
-0.081671 1.715246 0.041429
-0.081671 1.770504 0.041429
-0.164162 1.550035 0.041429
-0.137533 1.635246 0.041429
-0.263721 2.756147 0.041429
-0.297006 2.874494 0.041429
-0.204547 3.015032 0.041429
-0.171262 3.044619 0.041429
-0.171262 3.000238 0.041429
-0.167564 2.926271 0.041429
-0.193452 2.878192 0.041429
-0.210790 1.563521 0.041429
-0.225860 1.636361 0.041429
-0.123184 1.931412 0.041429
-0.174961 1.935111 0.041429
-0.252626 1.968396 0.041429
-0.274816 2.046061 0.041429
-0.274816 2.127425 0.041429
-0.219341 2.216186 0.041429
-0.152770 2.282756 0.041429
-0.167564 2.308645 0.041429
-0.226738 2.308645 0.041429
-0.252626 2.353025 0.041429
-0.241531 2.434389 0.041429
-0.171262 2.426992 0.041429
-0.115787 2.482468 0.041429
-0.174961 2.545340 0.041429
-0.245229 2.537943 0.041429
-0.256325 2.593419 0.041429
-0.200849 2.682179 0.041429
-0.263721 2.756147 0.041429
-0.193452 2.878192 0.041429
-0.071406 2.759845 0.041429
-0.137977 2.656291 0.041429
0.000000 2.541642 0.041429
-0.071406 2.426993 0.041429
-0.067708 2.353025 0.041429
-0.052915 2.182901 0.041429
-0.082502 2.112632 0.041429
-0.156469 2.090442 0.041429
-0.219341 2.131124 0.041429
-0.230436 2.105236 0.041429
-0.234134 2.034967 0.041429
-0.167564 2.046062 0.041429
-0.093597 2.016475 0.041429
-0.071406 1.964698 0.041429
-0.182357 3.166664 0.041429
-0.267420 3.233235 0.041429
-0.348783 3.266520 0.041429
-0.326593 3.007635 0.041429
0.000000 2.504649 0.077533
0.000000 2.026084 0.077533
0.000000 -6.344359 0.030576
0.000000 1.815940 0.054071
-0.502196 3.400427 0.102928
-0.693793 3.371507 0.102928
-0.943230 3.328127 0.102928
-1.091447 3.252211 0.102928
-1.337269 3.111225 0.102928
-1.575861 2.970238 0.102927
-1.771073 3.349817 0.102928
-1.698773 3.469113 0.102928
-1.391495 3.613714 0.102928
-1.091447 3.740241 0.102928
-0.784169 3.780006 0.102928
-0.476891 3.787236 0.102928
-0.332289 3.787236 0.102928
-0.238298 3.725780 0.102928
-0.097312 3.599254 0.102928
0.014754 3.537798 0.102928
0.014754 3.454652 0.102928
-0.328705 3.309344 0.102928
-0.146539 3.161877 0.102928
-0.068468 3.023084 0.102927
0.000000 2.888628 0.102927
-1.627943 3.310781 0.102928
-1.684328 3.393190 0.102928
-1.376381 3.549332 0.102928
-1.033736 3.657764 0.102928
-0.708440 3.683788 0.102928
-0.526274 3.631740 0.102928
-0.331096 3.510297 0.102928
-0.261700 3.540658 0.102928
-0.114232 3.345480 0.102928
-0.109895 3.254397 0.102928
-0.292061 3.410539 0.102928
-0.495913 3.484273 0.102928
-0.725789 3.462587 0.102928
-0.986026 3.384516 0.102928
-1.241925 3.289095 0.102928
-1.467464 3.158977 0.102928
-1.545535 3.132953 0.102928
-1.597582 3.215362 0.102928
-1.168191 3.427889 0.102928
-0.873256 3.514634 0.102928
-1.090120 3.531983 0.102928
-1.337345 3.443069 0.102928
-1.627943 3.310781 0.086238
-1.684328 3.393190 0.086238
-1.376381 3.549332 0.086238
-1.033736 3.657764 0.086238
-0.708440 3.683788 0.086238
-0.526274 3.631740 0.086238
-0.331096 3.510297 0.086238
-0.261700 3.540658 0.086238
-0.114232 3.345480 0.086238
-0.109895 3.254397 0.086238
-0.292061 3.410539 0.086238
-0.495913 3.484273 0.086238
-0.725789 3.462587 0.086238
-0.986026 3.384516 0.086238
-1.241925 3.289095 0.086238
-1.467464 3.158977 0.086238
-1.545535 3.132953 0.086238
-1.597582 3.215362 0.086238
-1.168191 3.427889 0.086238
-0.873256 3.514634 0.086238
-1.090120 3.531983 0.086238
-1.337345 3.443069 0.086238
0.171354 -6.196732 0.000000
0.329530 1.815940 0.000000
0.144726 -6.274308 0.000000
0.173036 1.344106 -0.077533
0.350561 1.699154 -0.077533
0.357957 2.505410 -0.077533
0.391243 3.008395 -0.077533
0.502196 3.400427 -0.077533
0.287462 3.553808 -0.077533
0.126882 1.805668 -0.077533
0.254698 1.779040 -0.077533
0.233396 1.699154 -0.077533
0.111812 1.685105 -0.077533
0.081671 1.715246 -0.077533
0.081671 1.770504 -0.077533
0.164162 1.550035 -0.077533
0.137533 1.635246 -0.077533
0.123184 1.931412 -0.077533
0.174961 1.935111 -0.077533
0.252626 1.968396 -0.077533
0.274816 2.046061 -0.077533
0.274816 2.127425 -0.077533
0.219341 2.216186 -0.077533
0.152770 2.282756 -0.077533
0.167564 2.308645 -0.077533
0.226738 2.308645 -0.077533
0.252626 2.353025 -0.077533
0.241531 2.434389 -0.077533
0.171262 2.426992 -0.077533
0.115787 2.482468 -0.077533
0.174961 2.545340 -0.077533
0.245229 2.537943 -0.077533
0.256325 2.593419 -0.077533
0.200849 2.682179 -0.077533
0.263721 2.756147 -0.077533
0.297006 2.874494 -0.077533
0.204547 3.015032 -0.077533
0.171262 3.044619 -0.077533
0.171262 3.000238 -0.077533
0.167564 2.926271 -0.077533
0.193452 2.878192 -0.077533
0.071406 2.759845 -0.077533
0.137977 2.656291 -0.077533
0.071406 2.426993 -0.077533
0.067708 2.353025 -0.077533
0.052915 2.182901 -0.077533
0.082502 2.112632 -0.077533
0.156469 2.090442 -0.077533
0.219341 2.131124 -0.077533
0.230436 2.105236 -0.077533
0.234134 2.034967 -0.077533
0.167564 2.046062 -0.077533
0.093597 2.016475 -0.077533
0.071406 1.964698 -0.077533
0.182357 3.166664 -0.077533
0.267420 3.233235 -0.077533
0.348783 3.266520 -0.077533
0.326593 3.007635 -0.077533
0.210790 1.563521 -0.077533
0.225860 1.636361 -0.077533
0.123184 1.931412 -0.077533
0.174961 1.935111 -0.077533
0.252626 1.968396 -0.077533
0.274816 2.046061 -0.077533
0.274816 2.127425 -0.077533
0.219341 2.216186 -0.077533
0.152770 2.282756 -0.077533
0.167564 2.308645 -0.077533
0.226738 2.308645 -0.077533
0.252626 2.353025 -0.077533
0.241531 2.434389 -0.077533
0.171262 2.426992 -0.077533
0.115787 2.482468 -0.077533
0.174961 2.545340 -0.077533
0.245229 2.537943 -0.077533
0.256325 2.593419 -0.077533
0.200849 2.682179 -0.077533
0.263721 2.756147 -0.077533
0.297006 2.874494 -0.077533
0.204547 3.015032 -0.077533
0.171262 3.044619 -0.077533
0.171262 3.000238 -0.077533
0.167564 2.926271 -0.077533
0.193452 2.878192 -0.077533
0.071406 2.759845 -0.077533
0.137977 2.656291 -0.077533
0.071406 2.426993 -0.077533
0.067708 2.353025 -0.077533
0.052915 2.182901 -0.077533
0.082502 2.112632 -0.077533
0.156469 2.090442 -0.077533
0.219341 2.131124 -0.077533
0.230436 2.105236 -0.077533
0.234134 2.034967 -0.077533
0.167564 2.046062 -0.077533
0.093597 2.016475 -0.077533
0.071406 1.964698 -0.077533
0.182357 3.166664 -0.077533
0.267420 3.233235 -0.077533
0.348783 3.266520 -0.077533
0.326593 3.007635 -0.077533
0.126882 1.805668 -0.041429
0.254698 1.779040 -0.041429
0.233396 1.699154 -0.041429
0.111812 1.685105 -0.041429
0.081671 1.715246 -0.041429
0.081671 1.770504 -0.041429
0.164162 1.550035 -0.041429
0.137533 1.635246 -0.041429
0.263721 2.756147 -0.041429
0.297006 2.874494 -0.041429
0.204547 3.015032 -0.041429
0.171262 3.044619 -0.041429
0.171262 3.000238 -0.041429
0.167564 2.926271 -0.041429
0.193452 2.878192 -0.041429
0.210790 1.563521 -0.041429
0.225860 1.636361 -0.041429
0.123184 1.931412 -0.041429
0.174961 1.935111 -0.041429
0.252626 1.968396 -0.041429
0.274816 2.046061 -0.041429
0.274816 2.127425 -0.041429
0.219341 2.216186 -0.041429
0.152770 2.282756 -0.041429
0.167564 2.308645 -0.041429
0.226738 2.308645 -0.041429
0.252626 2.353025 -0.041429
0.241531 2.434389 -0.041429
0.171262 2.426992 -0.041429
0.115787 2.482468 -0.041429
0.174961 2.545340 -0.041429
0.245229 2.537943 -0.041429
0.256325 2.593419 -0.041429
0.200849 2.682179 -0.041429
0.263721 2.756147 -0.041429
0.193452 2.878192 -0.041429
0.071406 2.759845 -0.041429
0.137977 2.656291 -0.041429
0.071406 2.426993 -0.041429
0.067708 2.353025 -0.041429
0.052915 2.182901 -0.041429
0.082502 2.112632 -0.041429
0.156469 2.090442 -0.041429
0.219341 2.131124 -0.041429
0.230436 2.105236 -0.041429
0.234134 2.034967 -0.041429
0.167564 2.046062 -0.041429
0.093597 2.016475 -0.041429
0.071406 1.964698 -0.041429
0.182357 3.166664 -0.041429
0.267420 3.233235 -0.041429
0.348783 3.266520 -0.041429
0.326593 3.007635 -0.041429
0.502196 3.400427 -0.102928
0.693793 3.371507 -0.102928
0.943230 3.328127 -0.102928
1.091447 3.252211 -0.102928
1.337269 3.111225 -0.102928
1.575861 2.970238 -0.102927
1.771073 3.349817 -0.102928
1.698773 3.469113 -0.102928
1.391495 3.613714 -0.102928
1.091447 3.740241 -0.102928
0.784169 3.780006 -0.102928
0.476891 3.787236 -0.102928
0.332289 3.787236 -0.102928
0.238298 3.725780 -0.102928
0.097312 3.599254 -0.102928
-0.014754 3.537798 -0.102928
-0.014754 3.454652 -0.102928
0.328705 3.309344 -0.102928
0.146539 3.161877 -0.102928
0.068468 3.023084 -0.102927
1.627943 3.310781 -0.102928
1.684328 3.393190 -0.102928
1.376381 3.549332 -0.102928
1.033736 3.657764 -0.102928
0.708440 3.683788 -0.102928
0.526274 3.631740 -0.102928
0.331096 3.510297 -0.102928
0.261700 3.540658 -0.102928
0.114232 3.345480 -0.102928
0.109895 3.254397 -0.102928
0.292061 3.410539 -0.102928
0.495913 3.484273 -0.102928
0.725789 3.462587 -0.102928
0.986026 3.384516 -0.102928
1.241925 3.289095 -0.102928
1.467464 3.158977 -0.102928
1.545535 3.132953 -0.102928
1.597582 3.215362 -0.102928
1.168191 3.427889 -0.102928
0.873256 3.514634 -0.102928
1.090120 3.531983 -0.102928
1.337345 3.443069 -0.102928
1.627943 3.310781 -0.086238
1.684328 3.393190 -0.086238
1.376381 3.549332 -0.086238
1.033736 3.657764 -0.086238
0.708440 3.683788 -0.086238
0.526274 3.631740 -0.086238
0.331096 3.510297 -0.086238
0.261700 3.540658 -0.086238
0.114232 3.345480 -0.086238
0.109895 3.254397 -0.086238
0.292061 3.410539 -0.086238
0.495913 3.484273 -0.086238
0.725789 3.462587 -0.086238
0.986026 3.384516 -0.086238
1.241925 3.289095 -0.086238
1.467464 3.158977 -0.086238
1.545535 3.132953 -0.086238
1.597582 3.215362 -0.086238
1.168191 3.427889 -0.086238
0.873256 3.514634 -0.086238
1.090120 3.531983 -0.086238
1.337345 3.443069 -0.086238
-0.015583 1.547519 0.000000
0.173036 1.344106 0.000000
0.350561 1.699154 0.000000
0.357957 2.505410 0.000000
0.391243 3.008395 0.000000
0.502196 3.400427 0.000000
0.287462 3.553808 0.000000
-0.011630 3.461779 0.000000
0.502196 3.400427 0.000000
0.693793 3.371507 0.000000
0.943230 3.328127 0.000000
1.091447 3.252211 0.000000
1.337269 3.111225 0.000000
1.575861 2.970238 0.000000
1.771073 3.349817 0.000000
1.698773 3.469113 0.000000
1.391495 3.613714 0.000000
1.091447 3.740241 0.000000
0.784169 3.780006 0.000000
0.476891 3.787236 0.000000
0.332289 3.787236 0.000000
0.238298 3.725780 0.000000
0.097312 3.599254 0.000000
-0.014754 3.537798 0.000000
0.328705 3.309344 0.000000
0.146539 3.161877 0.000000
0.068468 3.023084 0.000000
-0.171354 -6.196732 0.000000
-0.329530 1.815940 0.000000
-0.144726 -6.274308 0.000000
0.000000 1.547519 -0.077533
-0.173036 1.344106 -0.077533
-0.350561 1.699154 -0.077533
-0.357957 2.505410 -0.077533
-0.391243 3.008395 -0.077533
-0.502196 3.400427 -0.077533
-0.287462 3.553808 -0.077533
0.000000 3.461779 -0.077533
-0.126882 1.805668 -0.077533
-0.254698 1.779040 -0.077533
-0.233396 1.699154 -0.077533
-0.111812 1.685105 -0.077533
-0.081671 1.715246 -0.077533
-0.081671 1.770504 -0.077533
-0.164162 1.550035 -0.077533
-0.137533 1.635246 -0.077533
-0.123184 1.931412 -0.077533
-0.174961 1.935111 -0.077533
-0.252626 1.968396 -0.077533
-0.274816 2.046061 -0.077533
-0.274816 2.127425 -0.077533
-0.219341 2.216186 -0.077533
-0.152770 2.282756 -0.077533
-0.167564 2.308645 -0.077533
-0.226738 2.308645 -0.077533
-0.252626 2.353025 -0.077533
-0.241531 2.434389 -0.077533
-0.171262 2.426992 -0.077533
-0.115787 2.482468 -0.077533
-0.174961 2.545340 -0.077533
-0.245229 2.537943 -0.077533
-0.256325 2.593419 -0.077533
-0.200849 2.682179 -0.077533
-0.263721 2.756147 -0.077533
-0.297006 2.874494 -0.077533
-0.204547 3.015032 -0.077533
-0.171262 3.044619 -0.077533
-0.171262 3.000238 -0.077533
-0.167564 2.926271 -0.077533
-0.193452 2.878192 -0.077533
-0.071406 2.759845 -0.077533
-0.137977 2.656291 -0.077533
0.000000 2.541642 -0.077533
-0.071406 2.426993 -0.077533
-0.067708 2.353025 -0.077533
-0.052915 2.182901 -0.077533
-0.082502 2.112632 -0.077533
-0.156469 2.090442 -0.077533
-0.219341 2.131124 -0.077533
-0.230436 2.105236 -0.077533
-0.234134 2.034967 -0.077533
-0.167564 2.046062 -0.077533
-0.093597 2.016475 -0.077533
-0.071406 1.964698 -0.077533
-0.182357 3.166664 -0.077533
-0.267420 3.233235 -0.077533
-0.348783 3.266520 -0.077533
-0.326593 3.007635 -0.077533
-0.210790 1.563521 -0.077533
-0.225860 1.636361 -0.077533
-0.123184 1.931412 -0.077533
-0.174961 1.935111 -0.077533
-0.252626 1.968396 -0.077533
-0.274816 2.046061 -0.077533
-0.274816 2.127425 -0.077533
-0.219341 2.216186 -0.077533
-0.152770 2.282756 -0.077533
-0.167564 2.308645 -0.077533
-0.226738 2.308645 -0.077533
-0.252626 2.353025 -0.077533
-0.241531 2.434389 -0.077533
-0.171262 2.426992 -0.077533
-0.115787 2.482468 -0.077533
-0.174961 2.545340 -0.077533
-0.245229 2.537943 -0.077533
-0.256325 2.593419 -0.077533
-0.200849 2.682179 -0.077533
-0.263721 2.756147 -0.077533
-0.297006 2.874494 -0.077533
-0.204547 3.015032 -0.077533
-0.171262 3.044619 -0.077533
-0.171262 3.000238 -0.077533
-0.167564 2.926271 -0.077533
-0.193452 2.878192 -0.077533
-0.071406 2.759845 -0.077533
-0.137977 2.656291 -0.077533
0.000000 2.541642 -0.077533
-0.071406 2.426993 -0.077533
-0.067708 2.353025 -0.077533
-0.052915 2.182901 -0.077533
-0.082502 2.112632 -0.077533
-0.156469 2.090442 -0.077533
-0.219341 2.131124 -0.077533
-0.230436 2.105236 -0.077533
-0.234134 2.034967 -0.077533
-0.167564 2.046062 -0.077533
-0.093597 2.016475 -0.077533
-0.071406 1.964698 -0.077533
-0.182357 3.166664 -0.077533
-0.267420 3.233235 -0.077533
-0.348783 3.266520 -0.077533
-0.326593 3.007635 -0.077533
-0.126882 1.805668 -0.041429
-0.254698 1.779040 -0.041429
-0.233396 1.699154 -0.041429
-0.111812 1.685105 -0.041429
-0.081671 1.715246 -0.041429
-0.081671 1.770504 -0.041429
-0.164162 1.550035 -0.041429
-0.137533 1.635246 -0.041429
-0.263721 2.756147 -0.041429
-0.297006 2.874494 -0.041429
-0.204547 3.015032 -0.041429
-0.171262 3.044619 -0.041429
-0.171262 3.000238 -0.041429
-0.167564 2.926271 -0.041429
-0.193452 2.878192 -0.041429
-0.210790 1.563521 -0.041429
-0.225860 1.636361 -0.041429
-0.123184 1.931412 -0.041429
-0.174961 1.935111 -0.041429
-0.252626 1.968396 -0.041429
-0.274816 2.046061 -0.041429
-0.274816 2.127425 -0.041429
-0.219341 2.216186 -0.041429
-0.152770 2.282756 -0.041429
-0.167564 2.308645 -0.041429
-0.226738 2.308645 -0.041429
-0.252626 2.353025 -0.041429
-0.241531 2.434389 -0.041429
-0.171262 2.426992 -0.041429
-0.115787 2.482468 -0.041429
-0.174961 2.545340 -0.041429
-0.245229 2.537943 -0.041429
-0.256325 2.593419 -0.041429
-0.200849 2.682179 -0.041429
-0.263721 2.756147 -0.041429
-0.193452 2.878192 -0.041429
-0.071406 2.759845 -0.041429
-0.137977 2.656291 -0.041429
0.000000 2.541642 -0.041429
-0.071406 2.426993 -0.041429
-0.067708 2.353025 -0.041429
-0.052915 2.182901 -0.041429
-0.082502 2.112632 -0.041429
-0.156469 2.090442 -0.041429
-0.219341 2.131124 -0.041429
-0.230436 2.105236 -0.041429
-0.234134 2.034967 -0.041429
-0.167564 2.046062 -0.041429
-0.093597 2.016475 -0.041429
-0.071406 1.964698 -0.041429
-0.182357 3.166664 -0.041429
-0.267420 3.233235 -0.041429
-0.348783 3.266520 -0.041429
-0.326593 3.007635 -0.041429
0.000000 2.504649 -0.077533
0.000000 2.026084 -0.077533
0.000000 -6.344359 -0.030576
0.000000 1.815940 -0.054071
0.000000 -6.580256 0.000000
-0.502196 3.400427 -0.102928
-0.693793 3.371507 -0.102928
-0.943230 3.328127 -0.102928
-1.091447 3.252211 -0.102928
-1.337269 3.111225 -0.102928
-1.575861 2.970238 -0.102927
-1.771073 3.349817 -0.102928
-1.698773 3.469113 -0.102928
-1.391495 3.613714 -0.102928
-1.091447 3.740241 -0.102928
-0.784169 3.780006 -0.102928
-0.476891 3.787236 -0.102928
-0.332289 3.787236 -0.102928
-0.238298 3.725780 -0.102928
-0.097312 3.599254 -0.102928
0.014754 3.537798 -0.102928
0.014754 3.454652 -0.102928
-0.328705 3.309344 -0.102928
-0.146539 3.161877 -0.102928
-0.068468 3.023084 -0.102927
0.000000 2.888628 -0.102927
-1.627943 3.310781 -0.102928
-1.684328 3.393190 -0.102928
-1.376381 3.549332 -0.102928
-1.033736 3.657764 -0.102928
-0.708440 3.683788 -0.102928
-0.526274 3.631740 -0.102928
-0.331096 3.510297 -0.102928
-0.261700 3.540658 -0.102928
-0.114232 3.345480 -0.102928
-0.109895 3.254397 -0.102928
-0.292061 3.410539 -0.102928
-0.495913 3.484273 -0.102928
-0.725789 3.462587 -0.102928
-0.986026 3.384516 -0.102928
-1.241925 3.289095 -0.102928
-1.467464 3.158977 -0.102928
-1.545535 3.132953 -0.102928
-1.597582 3.215362 -0.102928
-1.168191 3.427889 -0.102928
-0.873256 3.514634 -0.102928
-1.090120 3.531983 -0.102928
-1.337345 3.443069 -0.102928
-1.627943 3.310781 -0.086238
-1.684328 3.393190 -0.086238
-1.376381 3.549332 -0.086238
-1.033736 3.657764 -0.086238
-0.708440 3.683788 -0.086238
-0.526274 3.631740 -0.086238
-0.331096 3.510297 -0.086238
-0.261700 3.540658 -0.086238
-0.114232 3.345480 -0.086238
-0.109895 3.254397 -0.086238
-0.292061 3.410539 -0.086238
-0.495913 3.484273 -0.086238
-0.725789 3.462587 -0.086238
-0.986026 3.384516 -0.086238
-1.241925 3.289095 -0.086238
-1.467464 3.158977 -0.086238
-1.545535 3.132953 -0.086238
-1.597582 3.215362 -0.086238
-1.168191 3.427889 -0.086238
-0.873256 3.514634 -0.086238
-1.090120 3.531983 -0.086238
-1.337345 3.443069 -0.086238
0.015583 1.547519 0.000000
-0.173036 1.344106 0.000000
-0.350561 1.699154 0.000000
-0.357957 2.505410 0.000000
-0.391243 3.008395 0.000000
-0.502196 3.400427 0.000000
-0.287462 3.553808 0.000000
0.011630 3.461779 0.000000
-0.502196 3.400427 0.000000
-0.693793 3.371507 0.000000
-0.943230 3.328127 0.000000
-1.091447 3.252211 0.000000
-1.337269 3.111225 0.000000
-1.575861 2.970238 0.000000
-1.771073 3.349817 0.000000
-1.698773 3.469113 0.000000
-1.391495 3.613714 0.000000
-1.091447 3.740241 0.000000
-0.784169 3.780006 0.000000
-0.476891 3.787236 0.000000
-0.332289 3.787236 0.000000
-0.238298 3.725780 0.000000
-0.097312 3.599254 0.000000
0.014754 3.537798 0.000000
-0.328705 3.309344 0.000000
-0.146539 3.161877 0.000000
-0.068468 3.023084 0.000000
0.000000 2.888628 0.000000
0.002664 4.705204 -0.126045
0.052585 4.705204 -0.123609
0.002664 3.499207 -0.084091
0.002663 3.894038 -0.150865
0.041177 3.499207 -0.082461
0.065459 3.894038 -0.147952
0.078211 3.499207 -0.077635
0.125840 3.894038 -0.139325
0.112341 3.499207 -0.069797
0.181489 3.894038 -0.125317
0.142257 3.499207 -0.059249
0.230265 3.894038 -0.106465
0.166808 3.499207 -0.046396
0.270294 3.894038 -0.083493
0.185051 3.499207 -0.031732
0.300039 3.894038 -0.057285
0.196285 3.499207 -0.015821
0.318355 3.894038 -0.028848
0.200078 3.499207 0.000726
0.324540 3.894038 0.000726
0.196285 3.499207 0.017273
0.318356 3.894038 0.030300
0.185051 3.499207 0.033184
0.300039 3.894038 0.058738
0.166808 3.499207 0.047848
0.270294 3.894038 0.084946
0.142257 3.499207 0.060701
0.230265 3.894038 0.107917
0.112341 3.499207 0.071249
0.181489 3.894038 0.126769
0.078211 3.499207 0.079087
0.125840 3.894038 0.140778
0.041177 3.499207 0.083914
0.065458 3.894038 0.149404
0.002663 3.499207 0.085543
0.002663 3.894038 0.152317
-0.035850 3.499207 0.083914
-0.060132 3.894038 0.149404
-0.072884 3.499207 0.079087
-0.120514 3.894038 0.140778
-0.107014 3.499207 0.071249
-0.176162 3.894038 0.126769
-0.136930 3.499207 0.060701
-0.224938 3.894038 0.107917
-0.161481 3.499207 0.047848
-0.264967 3.894038 0.084946
-0.179724 3.499207 0.033184
-0.294712 3.894038 0.058737
-0.190958 3.499207 0.017273
-0.313029 3.894038 0.030300
-0.194751 3.499207 0.000726
-0.319213 3.894038 0.000726
-0.190958 3.499207 -0.015821
-0.313028 3.894038 -0.028848
-0.179724 3.499207 -0.031732
-0.294712 3.894038 -0.057285
-0.161481 3.499207 -0.046396
-0.264967 3.894038 -0.083493
-0.136930 3.499207 -0.059249
-0.224937 3.894038 -0.106465
-0.107014 3.499207 -0.069797
-0.176161 3.894038 -0.125317
-0.072884 3.499207 -0.077635
-0.120513 3.894038 -0.139326
-0.035850 3.499207 -0.082461
-0.060131 3.894038 -0.147952
0.100588 4.705204 -0.116395
0.144827 4.705204 -0.104680
0.183604 4.705204 -0.088915
0.215427 4.705204 -0.069704
0.239073 4.705204 -0.047787
0.253635 4.705204 -0.024005
0.258552 4.705204 0.000726
0.253635 4.705204 0.025458
0.239073 4.705204 0.049240
0.215427 4.705204 0.071157
0.183604 4.705204 0.090368
0.144827 4.705204 0.106133
0.100588 4.705204 0.117848
0.052585 4.705204 0.125062
0.002663 4.705204 0.127498
-0.047258 4.705204 0.125062
-0.095261 4.705204 0.117848
-0.139500 4.705204 0.106133
-0.178277 4.705204 0.090368
-0.210100 4.705204 0.071157
-0.233746 4.705204 0.049240
-0.248308 4.705204 0.025458
-0.253225 4.705204 0.000726
-0.248308 4.705204 -0.024006
-0.233746 4.705204 -0.047787
-0.210100 4.705204 -0.069704
-0.178276 4.705204 -0.088915
-0.139500 4.705204 -0.104680
-0.095260 4.705204 -0.116395
-0.047257 4.705204 -0.123609
0.002664 5.651564 -0.104672
-0.038841 5.651564 -0.102647
-0.078751 5.651564 -0.096649
-0.115532 5.651564 -0.086909
-0.147771 5.651564 -0.073802
-0.174228 5.651564 -0.057830
-0.193888 5.651564 -0.039608
-0.205995 5.651564 -0.019836
-0.210083 5.651564 0.000726
-0.205995 5.651564 0.021289
-0.193888 5.651564 0.041061
-0.174229 5.651564 0.059283
-0.147771 5.651564 0.075254
-0.115532 5.651564 0.088362
-0.078751 5.651564 0.098102
-0.038841 5.651564 0.104100
0.002663 5.651564 0.106125
0.044168 5.651564 0.104100
0.084078 5.651564 0.098102
0.120859 5.651564 0.088362
0.153098 5.651564 0.075254
0.179555 5.651564 0.059283
0.199215 5.651564 0.041061
0.211322 5.651564 0.021289
0.215410 5.651564 0.000726
0.211322 5.651564 -0.019836
0.199215 5.651564 -0.039608
0.179555 5.651564 -0.057830
0.153098 5.651564 -0.073801
0.120859 5.651564 -0.086909
0.084078 5.651564 -0.096649
0.044168 5.651564 -0.102647
0.002663 6.334258 -0.143580
-0.054163 6.334258 -0.140807
-0.108806 6.334258 -0.132595
-0.159165 6.334258 -0.119260
-0.203305 6.334258 -0.101313
-0.239530 6.334258 -0.079445
-0.266448 6.334258 -0.054496
-0.283024 6.334258 -0.027425
-0.288621 6.334258 0.000728
-0.283024 6.334258 0.028881
-0.266448 6.334258 0.055952
-0.239531 6.334258 0.080901
-0.203306 6.334258 0.102769
-0.159166 6.334258 0.120715
-0.108806 6.334258 0.134051
-0.054163 6.334258 0.142263
0.002663 6.334258 0.145036
0.059490 6.334258 0.142263
0.114133 6.334258 0.134051
0.164492 6.334258 0.120715
0.208633 6.334258 0.102769
0.244858 6.334258 0.080901
0.271775 6.334258 0.055952
0.288351 6.334258 0.028881
0.293948 6.334258 0.000728
0.288351 6.334258 -0.027425
0.271775 6.334258 -0.054496
0.244858 6.334258 -0.079445
0.208633 6.334258 -0.101313
0.164492 6.334258 -0.119260
0.114133 6.334258 -0.132595
0.059490 6.334258 -0.140807
0.002663 6.537049 -0.101696
-0.037669 6.537049 -0.099728
-0.076452 6.537049 -0.093899
-0.112195 6.537049 -0.084434
-0.143524 6.537049 -0.071697
-0.169235 6.537049 -0.056176
-0.188340 6.537049 -0.038468
-0.200104 6.537049 -0.019254
-0.204077 6.537049 0.000727
-0.200105 6.537049 0.020709
-0.188340 6.537049 0.039923
-0.169235 6.537049 0.057631
-0.143524 6.537049 0.073151
-0.112195 6.537049 0.085889
-0.076453 6.537049 0.095354
-0.037670 6.537049 0.101182
0.002663 6.537049 0.103151
0.042997 6.537049 0.101183
0.081780 6.537049 0.095354
0.117522 6.537049 0.085889
0.148851 6.537049 0.073151
0.174562 6.537049 0.057631
0.193667 6.537049 0.039923
0.205432 6.537049 0.020709
0.209404 6.537049 0.000727
0.205431 6.537049 -0.019254
0.193667 6.537049 -0.038468
0.174562 6.537049 -0.056176
0.148851 6.537049 -0.071697
0.117522 6.537049 -0.084434
0.081780 6.537049 -0.093899
0.042997 6.537049 -0.099728
0.002663 6.653808 -0.037753
-0.012490 6.653808 -0.037014
-0.027061 6.653808 -0.034824
-0.040490 6.653808 -0.031268
-0.052260 6.653808 -0.026483
-0.061920 6.653808 -0.020651
-0.069098 6.653808 -0.013998
-0.073518 6.653808 -0.006779
-0.075011 6.653808 0.000728
-0.073518 6.653808 0.008235
-0.069098 6.653808 0.015454
-0.061920 6.653808 0.022107
-0.052261 6.653808 0.027938
-0.040490 6.653808 0.032724
-0.027061 6.653808 0.036280
-0.012490 6.653808 0.038470
0.002663 6.653808 0.039209
0.017817 6.653808 0.038470
0.032388 6.653808 0.036280
0.045817 6.653808 0.032724
0.057587 6.653808 0.027938
0.067247 6.653808 0.022107
0.074425 6.653808 0.015454
0.078845 6.653808 0.008235
0.080338 6.653808 0.000728
0.078845 6.653808 -0.006779
0.074425 6.653808 -0.013998
0.067247 6.653808 -0.020651
0.057587 6.653808 -0.026482
0.045817 6.653808 -0.031268
0.032388 6.653808 -0.034824
0.017817 6.653808 -0.037014
0.086851 5.067195 -0.112259
0.043072 5.041382 -0.119218
0.213151 5.141669 -0.046074
0.191585 5.128953 -0.067217
0.213151 5.141669 0.047527
0.226431 5.149499 0.024585
0.086851 5.067195 0.113712
0.127198 5.090987 0.102411
-0.091763 4.961876 -0.117732
-0.132110 4.938085 -0.100958
-0.218064 4.887403 -0.046074
-0.231344 4.879572 -0.023132
-0.218064 4.887402 0.047526
-0.196498 4.900118 0.068670
-0.091764 4.961875 0.113712
-0.047985 4.987689 0.120671
-0.002456 5.014535 -0.121568
0.162563 5.111839 -0.085749
0.230916 5.152143 0.000726
0.162563 5.111839 0.087202
-0.167475 4.917233 -0.085749
-0.235828 4.876928 0.000726
-0.167475 4.917232 0.087202
-0.002456 5.014535 0.123021
-0.047984 4.987689 -0.119218
0.127198 5.090987 -0.100958
0.226431 5.149499 -0.023132
0.191585 5.128953 0.068670
0.043072 5.041382 0.120671
-0.196498 4.900119 -0.067217
-0.231344 4.879572 0.024585
-0.132111 4.938085 0.102411
0.088711 4.982361 -0.118959
0.215578 5.061499 -0.048849
0.215578 5.061499 0.050302
0.088711 4.982361 0.120412
-0.090706 4.870446 -0.118960
-0.217573 4.791308 -0.048849
-0.217573 4.791308 0.050302
-0.090706 4.870445 0.120412
0.044735 4.954931 -0.126331
0.193915 5.047986 -0.071246
0.228918 5.069819 0.026000
0.129239 5.007642 0.108441
-0.131234 4.845165 -0.106988
-0.230913 4.782988 -0.024547
-0.195910 4.804821 0.072699
-0.046731 4.897876 0.127784
-0.000997 4.926404 -0.128821
0.164762 5.029801 -0.090877
0.233422 5.072630 0.000726
0.164762 5.029801 0.092330
-0.166757 4.823007 -0.090877
-0.235417 4.780177 0.000726
-0.166757 4.823006 0.092330
-0.000998 4.926404 0.130274
-0.046730 4.897876 -0.126331
0.129239 5.007642 -0.106988
0.228918 5.069819 -0.024547
0.193915 5.047986 0.072699
0.044735 4.954931 0.127784
-0.195910 4.804821 -0.071246
-0.230913 4.782988 0.026000
-0.131234 4.845165 0.108441
0.108476 6.205751 -0.125829
0.056606 6.205751 -0.133624
0.258117 6.205751 -0.051694
0.232565 6.205751 -0.075376
0.258117 6.205751 0.053149
0.273851 6.205751 0.027452
0.108476 6.205751 0.127284
0.156279 6.205751 0.114625
-0.103149 6.205751 0.127284
-0.051279 6.205751 0.135079
-0.252790 6.205751 0.053149
-0.227239 6.205751 0.076832
-0.252790 6.205751 -0.051694
-0.268524 6.205751 -0.025997
-0.103148 6.205751 -0.125829
-0.150952 6.205751 -0.113170
0.002663 6.205751 -0.136256
0.198179 6.205751 -0.096134
0.279164 6.205751 0.000728
0.198179 6.205751 0.097590
0.002663 6.205751 0.137711
-0.192852 6.205751 0.097590
-0.273837 6.205751 0.000727
-0.192852 6.205751 -0.096134
0.156279 6.205751 -0.113170
0.273851 6.205751 -0.025997
0.232565 6.205751 0.076832
0.056606 6.205751 0.135079
-0.227238 6.205751 -0.075377
-0.051279 6.205751 -0.133624
-0.150952 6.205751 0.114625
-0.268524 6.205751 0.027452
-0.018479 3.822930 0.046360
-0.042310 3.815700 0.046360
-0.064273 3.803961 0.046360
-0.083524 3.788162 0.046360
-0.099323 3.768911 0.046360
-0.111062 3.746948 0.046360
-0.118292 3.723117 0.046360
-0.120733 3.698333 0.046360
-0.118292 3.673549 0.046360
-0.111062 3.649718 0.046360
-0.099323 3.627754 0.046360
-0.083524 3.608504 0.046360
-0.064273 3.592705 0.046360
-0.042310 3.580965 0.046360
-0.018479 3.573736 0.046360
-0.018003 3.822930 0.041525
-0.041376 3.815700 0.036876
-0.062917 3.803961 0.032591
-0.081798 3.788162 0.028835
-0.097293 3.768911 0.025753
-0.108807 3.746948 0.023463
-0.115897 3.723117 0.022053
-0.118292 3.698333 0.021576
-0.115898 3.673549 0.022052
-0.108807 3.649718 0.023463
-0.097293 3.627754 0.025753
-0.081798 3.608504 0.028835
-0.062917 3.592705 0.032591
-0.041376 3.580965 0.036876
-0.018002 3.573736 0.041525
-0.016592 3.822930 0.036876
-0.038610 3.815700 0.027756
-0.058901 3.803961 0.019351
-0.076686 3.788162 0.011984
-0.091282 3.768911 0.005938
-0.102128 3.746948 0.001446
-0.108807 3.723117 -0.001321
-0.111062 3.698333 -0.002255
-0.108807 3.673549 -0.001321
-0.102128 3.649718 0.001446
-0.091282 3.627754 0.005938
-0.076686 3.608504 0.011984
-0.058901 3.592705 0.019351
-0.038609 3.580965 0.027756
-0.016592 3.573736 0.036876
-0.014302 3.822930 0.032591
-0.034117 3.815700 0.019351
-0.052379 3.803961 0.007149
-0.068385 3.788162 -0.003546
-0.081521 3.768911 -0.012324
-0.091282 3.746948 -0.018846
-0.097293 3.723117 -0.022862
-0.099323 3.698333 -0.024218
-0.097293 3.673549 -0.022862
-0.091282 3.649718 -0.018846
-0.081521 3.627754 -0.012324
-0.068385 3.608504 -0.003546
-0.052379 3.592705 0.007149
-0.034117 3.580965 0.019351
-0.014302 3.573736 0.032591
-0.011220 3.822930 0.028835
-0.028071 3.815700 0.011984
-0.043601 3.803961 -0.003546
-0.057214 3.788162 -0.017159
-0.068385 3.768911 -0.028330
-0.076686 3.746948 -0.036631
-0.081798 3.723117 -0.041743
-0.083524 3.698333 -0.043469
-0.081798 3.673549 -0.041743
-0.076686 3.649718 -0.036631
-0.068385 3.627754 -0.028330
-0.057214 3.608504 -0.017159
-0.043601 3.592705 -0.003546
-0.028071 3.580965 0.011984
-0.011220 3.573736 0.028835
-0.007464 3.822930 0.025753
-0.020704 3.815700 0.005938
-0.032906 3.803961 -0.012324
-0.043601 3.788162 -0.028330
-0.052379 3.768911 -0.041466
-0.058901 3.746948 -0.051227
-0.062917 3.723117 -0.057238
-0.064273 3.698333 -0.059268
-0.062917 3.673549 -0.057238
-0.058901 3.649718 -0.051227
-0.052379 3.627754 -0.041466
-0.043601 3.608504 -0.028330
-0.032906 3.592705 -0.012324
-0.020704 3.580965 0.005938
-0.007464 3.573736 0.025753
-0.003179 3.822930 0.023463
-0.012299 3.815700 0.001445
-0.020704 3.803961 -0.018846
-0.028071 3.788162 -0.036631
-0.034117 3.768911 -0.051227
-0.038609 3.746948 -0.062073
-0.041376 3.723117 -0.068752
-0.042310 3.698333 -0.071007
-0.041376 3.673549 -0.068752
-0.038609 3.649718 -0.062073
-0.034117 3.627754 -0.051227
-0.028071 3.608504 -0.036631
-0.020704 3.592705 -0.018846
-0.012299 3.580965 0.001445
-0.003179 3.573736 0.023463
0.001470 3.822930 0.022052
-0.003179 3.815700 -0.001321
-0.007464 3.803961 -0.022862
-0.011220 3.788162 -0.041743
-0.014302 3.768911 -0.057238
-0.016592 3.746948 -0.068752
-0.018002 3.723117 -0.075842
-0.018479 3.698333 -0.078237
-0.018002 3.673549 -0.075842
-0.016592 3.649718 -0.068752
-0.014302 3.627754 -0.057238
-0.011220 3.608504 -0.041743
-0.007464 3.592705 -0.022862
-0.003179 3.580965 -0.001321
0.001470 3.573736 0.022052
0.006305 3.822930 0.021576
0.006305 3.815700 -0.002255
0.006305 3.803961 -0.024218
0.006305 3.788162 -0.043469
0.006305 3.768911 -0.059268
0.006305 3.746948 -0.071007
0.006305 3.723117 -0.078237
0.006305 3.698333 -0.080678
0.006305 3.673549 -0.078237
0.006305 3.649718 -0.071007
0.006305 3.627754 -0.059268
0.006305 3.608504 -0.043469
0.006305 3.592705 -0.024218
0.006305 3.580965 -0.002255
0.006305 3.573736 0.021576
0.011140 3.822930 0.022052
0.015789 3.815700 -0.001321
0.020074 3.803961 -0.022862
0.023830 3.788162 -0.041743
0.026912 3.768911 -0.057238
0.029202 3.746948 -0.068752
0.030613 3.723117 -0.075842
0.031089 3.698333 -0.078237
0.030613 3.673549 -0.075842
0.029202 3.649718 -0.068752
0.026912 3.627754 -0.057238
0.023830 3.608504 -0.041743
0.020074 3.592705 -0.022862
0.015789 3.580965 -0.001321
0.011140 3.573736 0.022052
0.015789 3.822930 0.023463
0.024909 3.815700 0.001445
0.033314 3.803961 -0.018846
0.040681 3.788162 -0.036631
0.046727 3.768911 -0.051227
0.051220 3.746948 -0.062073
0.053986 3.723117 -0.068752
0.054920 3.698333 -0.071007
0.053986 3.673549 -0.068752
0.051220 3.649718 -0.062073
0.046727 3.627754 -0.051227
0.040681 3.608504 -0.036631
0.033314 3.592705 -0.018846
0.024909 3.580965 0.001446
0.015789 3.573736 0.023463
0.020074 3.822930 0.025753
0.033314 3.815700 0.005938
0.045516 3.803961 -0.012324
0.056212 3.788162 -0.028330
0.064989 3.768911 -0.041466
0.071511 3.746948 -0.051227
0.075527 3.723117 -0.057238
0.076883 3.698333 -0.059268
0.075527 3.673549 -0.057238
0.071511 3.649718 -0.051227
0.064989 3.627754 -0.041466
0.056212 3.608504 -0.028330
0.045516 3.592705 -0.012324
0.033314 3.580965 0.005938
0.020074 3.573736 0.025753
0.023830 3.822930 0.028835
0.040681 3.815700 0.011984
0.056212 3.803961 -0.003546
0.069824 3.788162 -0.017159
0.080995 3.768911 -0.028330
0.089296 3.746948 -0.036631
0.094408 3.723117 -0.041743
0.096134 3.698333 -0.043469
0.094408 3.673549 -0.041743
0.089296 3.649718 -0.036631
0.080995 3.627754 -0.028330
0.069824 3.608504 -0.017159
0.056212 3.592705 -0.003546
0.040681 3.580965 0.011984
0.023830 3.573736 0.028835
0.026912 3.822930 0.032591
0.046727 3.815700 0.019351
0.064989 3.803961 0.007149
0.080995 3.788162 -0.003546
0.094132 3.768911 -0.012324
0.103893 3.746948 -0.018846
0.109903 3.723117 -0.022862
0.111933 3.698333 -0.024218
0.109903 3.673549 -0.022862
0.103893 3.649718 -0.018846
0.094132 3.627754 -0.012324
0.080995 3.608504 -0.003546
0.064989 3.592705 0.007149
0.046727 3.580965 0.019351
0.026912 3.573736 0.032591
0.029202 3.822930 0.036876
0.051220 3.815700 0.027756
0.071511 3.803961 0.019351
0.089296 3.788162 0.011984
0.103893 3.768911 0.005938
0.114739 3.746948 0.001446
0.121417 3.723117 -0.001321
0.123673 3.698333 -0.002255
0.121417 3.673549 -0.001321
0.114739 3.649718 0.001446
0.103893 3.627754 0.005938
0.089296 3.608504 0.011984
0.071511 3.592705 0.019351
0.051220 3.580965 0.027756
0.029202 3.573736 0.036876
0.030613 3.822930 0.041525
0.053986 3.815700 0.036876
0.075527 3.803961 0.032591
0.094408 3.788162 0.028835
0.109903 3.768911 0.025753
0.121417 3.746948 0.023463
0.128508 3.723117 0.022053
0.130902 3.698333 0.021576
0.128508 3.673549 0.022053
0.121417 3.649718 0.023463
0.109903 3.627754 0.025753
0.094408 3.608504 0.028835
0.075527 3.592705 0.032591
0.053986 3.580965 0.036876
0.030613 3.573736 0.041525
0.031089 3.822930 0.046360
0.054920 3.815700 0.046360
0.076883 3.803961 0.046360
0.096134 3.788162 0.046360
0.111933 3.768911 0.046360
0.123673 3.746948 0.046360
0.130902 3.723117 0.046360
0.133343 3.698333 0.046360
0.130902 3.673549 0.046360
0.123673 3.649718 0.046360
0.111933 3.627754 0.046360
0.096134 3.608504 0.046360
0.076883 3.592705 0.046360
0.054920 3.580965 0.046360
0.031089 3.573736 0.046360
0.030613 3.822930 0.051195
0.053986 3.815700 0.055844
0.075527 3.803961 0.060129
0.094408 3.788162 0.063885
0.109903 3.768911 0.066967
0.121417 3.746948 0.069257
0.128508 3.723117 0.070668
0.130902 3.698333 0.071144
0.128508 3.673549 0.070668
0.121417 3.649718 0.069257
0.109903 3.627754 0.066967
0.094408 3.608504 0.063885
0.075527 3.592705 0.060129
0.053986 3.580965 0.055844
0.030613 3.573736 0.051195
0.029202 3.822930 0.055844
0.051220 3.815700 0.064964
0.071511 3.803961 0.073369
0.089296 3.788162 0.080736
0.103893 3.768911 0.086782
0.114739 3.746948 0.091275
0.121417 3.723117 0.094041
0.123673 3.698333 0.094975
0.121417 3.673549 0.094041
0.114739 3.649718 0.091275
0.103893 3.627754 0.086782
0.089296 3.608504 0.080736
0.071511 3.592705 0.073369
0.051220 3.580965 0.064964
0.029202 3.573736 0.055844
0.026912 3.822930 0.060129
0.046727 3.815700 0.073369
0.064989 3.803961 0.085571
0.080995 3.788162 0.096267
0.094132 3.768911 0.105044
0.103893 3.746948 0.111566
0.109903 3.723117 0.115582
0.111933 3.698333 0.116938
0.109903 3.673549 0.115582
0.103893 3.649718 0.111566
0.094132 3.627754 0.105044
0.080995 3.608504 0.096267
0.064989 3.592705 0.085571
0.046727 3.580965 0.073369
0.026912 3.573736 0.060129
0.023830 3.822930 0.063885
0.040681 3.815700 0.080736
0.056212 3.803961 0.096267
0.069824 3.788162 0.109879
0.080995 3.768911 0.121050
0.089296 3.746948 0.129351
0.094408 3.723117 0.134463
0.096134 3.698333 0.136189
0.094408 3.673549 0.134463
0.089296 3.649718 0.129351
0.080995 3.627754 0.121050
0.069824 3.608504 0.109879
0.056212 3.592705 0.096267
0.040681 3.580965 0.080736
0.023830 3.573736 0.063885
0.020074 3.822930 0.066967
0.033314 3.815700 0.086782
0.045516 3.803961 0.105044
0.056212 3.788162 0.121050
0.064989 3.768911 0.134187
0.071511 3.746948 0.143948
0.075527 3.723117 0.149958
0.076883 3.698333 0.151988
0.075527 3.673549 0.149958
0.071511 3.649718 0.143948
0.064989 3.627754 0.134187
0.056212 3.608504 0.121050
0.045516 3.592705 0.105044
0.033314 3.580965 0.086782
0.020074 3.573736 0.066967
0.006305 3.571295 0.046360
0.015789 3.822930 0.069257
0.024909 3.815700 0.091275
0.033314 3.803961 0.111566
0.040681 3.788162 0.129351
0.046727 3.768911 0.143948
0.051220 3.746948 0.154794
0.053986 3.723117 0.161472
0.054920 3.698333 0.163728
0.053986 3.673549 0.161472
0.051220 3.649718 0.154794
0.046727 3.627754 0.143948
0.040681 3.608504 0.129351
0.033314 3.592705 0.111566
0.024909 3.580965 0.091275
0.015789 3.573736 0.069257
0.011140 3.822930 0.070668
0.015789 3.815700 0.094041
0.020074 3.803961 0.115582
0.023830 3.788162 0.134463
0.026912 3.768911 0.149958
0.029202 3.746948 0.161472
0.030613 3.723117 0.168563
0.031089 3.698333 0.170957
0.030613 3.673549 0.168563
0.029202 3.649718 0.161472
0.026912 3.627754 0.149958
0.023830 3.608504 0.134463
0.020074 3.592705 0.115582
0.015789 3.580965 0.094041
0.011140 3.573736 0.070668
0.006305 3.822930 0.071144
0.006305 3.815700 0.094975
0.006305 3.803961 0.116938
0.006305 3.788162 0.136189
0.006305 3.768911 0.151988
0.006305 3.746948 0.163728
0.006305 3.723117 0.170957
0.006305 3.698333 0.173398
0.006305 3.673549 0.170957
0.006305 3.649718 0.163728
0.006305 3.627754 0.151988
0.006305 3.608504 0.136189
0.006305 3.592705 0.116938
0.006305 3.580965 0.094975
0.006305 3.573736 0.071144
0.001470 3.822930 0.070668
-0.003179 3.815700 0.094041
-0.007464 3.803961 0.115582
-0.011220 3.788162 0.134463
-0.014302 3.768911 0.149958
-0.016592 3.746948 0.161472
-0.018002 3.723117 0.168563
-0.018479 3.698333 0.170957
-0.018002 3.673549 0.168563
-0.016592 3.649718 0.161472
-0.014302 3.627754 0.149958
-0.011220 3.608504 0.134463
-0.007464 3.592705 0.115582
-0.003179 3.580965 0.094041
0.001470 3.573736 0.070668
-0.003179 3.822930 0.069257
-0.012299 3.815700 0.091275
-0.020704 3.803961 0.111566
-0.028071 3.788162 0.129351
-0.034117 3.768911 0.143948
-0.038609 3.746948 0.154794
-0.041376 3.723117 0.161472
-0.042310 3.698333 0.163728
-0.041376 3.673549 0.161472
-0.038609 3.649718 0.154794
-0.034117 3.627754 0.143948
-0.028071 3.608504 0.129351
-0.020704 3.592705 0.111566
-0.012299 3.580965 0.091275
-0.003179 3.573736 0.069257
-0.007464 3.822930 0.066967
-0.020704 3.815700 0.086782
-0.032906 3.803961 0.105044
-0.043601 3.788162 0.121050
-0.052379 3.768911 0.134187
-0.058901 3.746948 0.143948
-0.062917 3.723117 0.149958
-0.064273 3.698333 0.151988
-0.062917 3.673549 0.149958
-0.058901 3.649718 0.143948
-0.052379 3.627754 0.134187
-0.043601 3.608504 0.121050
-0.032906 3.592705 0.105044
-0.020704 3.580965 0.086782
-0.007464 3.573736 0.066967
-0.011220 3.822930 0.063885
-0.028071 3.815700 0.080736
-0.043601 3.803961 0.096267
-0.057214 3.788162 0.109879
-0.068385 3.768911 0.121050
-0.076686 3.746948 0.129351
-0.081798 3.723117 0.134463
-0.083524 3.698333 0.136189
-0.081798 3.673549 0.134463
-0.076686 3.649718 0.129351
-0.068385 3.627754 0.121050
-0.057214 3.608504 0.109879
-0.043601 3.592705 0.096267
-0.028071 3.580965 0.080736
-0.011220 3.573736 0.063885
-0.014302 3.822930 0.060129
-0.034117 3.815700 0.073369
-0.052379 3.803961 0.085571
-0.068385 3.788162 0.096267
-0.081521 3.768911 0.105044
-0.091282 3.746948 0.111566
-0.097293 3.723117 0.115582
-0.099323 3.698333 0.116938
-0.097293 3.673549 0.115582
-0.091282 3.649718 0.111566
-0.081521 3.627754 0.105044
-0.068385 3.608504 0.096267
-0.052379 3.592705 0.085571
-0.034117 3.580965 0.073369
-0.014302 3.573736 0.060129
0.006305 3.825371 0.046360
-0.016592 3.822930 0.055844
-0.038609 3.815700 0.064964
-0.058901 3.803961 0.073369
-0.076686 3.788162 0.080736
-0.091282 3.768911 0.086782
-0.102128 3.746948 0.091275
-0.108807 3.723117 0.094041
-0.111062 3.698333 0.094975
-0.108807 3.673549 0.094041
-0.102128 3.649718 0.091275
-0.091282 3.627754 0.086782
-0.076686 3.608504 0.080736
-0.058901 3.592705 0.073369
-0.038609 3.580965 0.064964
-0.016592 3.573736 0.055844
-0.018002 3.822930 0.051195
-0.041376 3.815700 0.055844
-0.062917 3.803961 0.060129
-0.081798 3.788162 0.063885
-0.097293 3.768911 0.066967
-0.108807 3.746948 0.069257
-0.115897 3.723117 0.070668
-0.118291 3.698333 0.071144
-0.115897 3.673549 0.070668
-0.108807 3.649718 0.069257
-0.097293 3.627754 0.066967
-0.081798 3.608504 0.063885
-0.062917 3.592705 0.060129
-0.041376 3.580965 0.055844
-0.018002 3.573736 0.051195
-0.018479 3.822930 -0.035897
-0.042310 3.815700 -0.035897
-0.064273 3.803961 -0.035897
-0.083524 3.788162 -0.035897
-0.099323 3.768911 -0.035897
-0.111062 3.746948 -0.035897
-0.118292 3.723117 -0.035897
-0.120733 3.698333 -0.035897
-0.118292 3.673549 -0.035897
-0.111062 3.649718 -0.035897
-0.099323 3.627754 -0.035897
-0.083524 3.608504 -0.035897
-0.064273 3.592705 -0.035897
-0.042310 3.580965 -0.035897
-0.018479 3.573736 -0.035897
-0.018003 3.822930 -0.040732
-0.041376 3.815700 -0.045381
-0.062917 3.803961 -0.049666
-0.081798 3.788162 -0.053421
-0.097293 3.768911 -0.056504
-0.108807 3.746948 -0.058794
-0.115897 3.723117 -0.060204
-0.118292 3.698333 -0.060680
-0.115898 3.673549 -0.060204
-0.108807 3.649718 -0.058794
-0.097293 3.627754 -0.056504
-0.081798 3.608504 -0.053421
-0.062917 3.592705 -0.049666
-0.041376 3.580965 -0.045381
-0.018002 3.573736 -0.040732
-0.016592 3.822930 -0.045381
-0.038610 3.815700 -0.054501
-0.058901 3.803961 -0.062906
-0.076686 3.788162 -0.070273
-0.091282 3.768911 -0.076319
-0.102128 3.746948 -0.080811
-0.108807 3.723117 -0.083578
-0.111062 3.698333 -0.084512
-0.108807 3.673549 -0.083578
-0.102128 3.649718 -0.080811
-0.091282 3.627754 -0.076319
-0.076686 3.608504 -0.070273
-0.058901 3.592705 -0.062906
-0.038609 3.580965 -0.054501
-0.016592 3.573736 -0.045381
-0.014302 3.822930 -0.049666
-0.034117 3.815700 -0.062906
-0.052379 3.803961 -0.075108
-0.068385 3.788162 -0.085803
-0.081521 3.768911 -0.094580
-0.091282 3.746948 -0.101103
-0.097293 3.723117 -0.105119
-0.099323 3.698333 -0.106475
-0.097293 3.673549 -0.105119
-0.091282 3.649718 -0.101103
-0.081521 3.627754 -0.094580
-0.068385 3.608504 -0.085803
-0.052379 3.592705 -0.075108
-0.034117 3.580965 -0.062906
-0.014302 3.573736 -0.049666
-0.011220 3.822930 -0.053421
-0.028071 3.815700 -0.070273
-0.043601 3.803961 -0.085803
-0.057214 3.788162 -0.099415
-0.068385 3.768911 -0.110587
-0.076686 3.746948 -0.118888
-0.081798 3.723117 -0.124000
-0.083524 3.698333 -0.125726
-0.081798 3.673549 -0.124000
-0.076686 3.649718 -0.118888
-0.068385 3.627754 -0.110587
-0.057214 3.608504 -0.099416
-0.043601 3.592705 -0.085803
-0.028071 3.580965 -0.070273
-0.011220 3.573736 -0.053421
-0.007464 3.822930 -0.056504
-0.020704 3.815700 -0.076319
-0.032906 3.803961 -0.094580
-0.043601 3.788162 -0.110587
-0.052379 3.768911 -0.123723
-0.058901 3.746948 -0.133484
-0.062917 3.723117 -0.139495
-0.064273 3.698333 -0.141525
-0.062917 3.673549 -0.139495
-0.058901 3.649718 -0.133484
-0.052379 3.627754 -0.123723
-0.043601 3.608504 -0.110587
-0.032906 3.592705 -0.094580
-0.020704 3.580965 -0.076319
-0.007464 3.573736 -0.056504
-0.003179 3.822930 -0.058794
-0.012299 3.815700 -0.080811
-0.020704 3.803961 -0.101103
-0.028071 3.788162 -0.118888
-0.034117 3.768911 -0.133484
-0.038609 3.746948 -0.144330
-0.041376 3.723117 -0.151009
-0.042310 3.698333 -0.153264
-0.041376 3.673549 -0.151009
-0.038609 3.649718 -0.144330
-0.034117 3.627754 -0.133484
-0.028071 3.608504 -0.118888
-0.020704 3.592705 -0.101103
-0.012299 3.580965 -0.080811
-0.003179 3.573736 -0.058794
0.001470 3.822930 -0.060204
-0.003179 3.815700 -0.083578
-0.007464 3.803961 -0.105119
-0.011220 3.788162 -0.124000
-0.014302 3.768911 -0.139495
-0.016592 3.746948 -0.151009
-0.018002 3.723117 -0.158099
-0.018479 3.698333 -0.160493
-0.018002 3.673549 -0.158099
-0.016592 3.649718 -0.151009
-0.014302 3.627754 -0.139495
-0.011220 3.608504 -0.124000
-0.007464 3.592705 -0.105119
-0.003179 3.580965 -0.083578
0.001470 3.573736 -0.060204
0.006305 3.822930 -0.060680
0.006305 3.815700 -0.084512
0.006305 3.803961 -0.106475
0.006305 3.788162 -0.125726
0.006305 3.768911 -0.141525
0.006305 3.746948 -0.153264
0.006305 3.723117 -0.160493
0.006305 3.698333 -0.162934
0.006305 3.673549 -0.160493
0.006305 3.649718 -0.153264
0.006305 3.627754 -0.141525
0.006305 3.608504 -0.125726
0.006305 3.592705 -0.106475
0.006305 3.580965 -0.084512
0.006305 3.573736 -0.060680
0.011140 3.822930 -0.060204
0.015789 3.815700 -0.083578
0.020074 3.803961 -0.105119
0.023830 3.788162 -0.124000
0.026912 3.768911 -0.139495
0.029202 3.746948 -0.151009
0.030613 3.723117 -0.158099
0.031089 3.698333 -0.160493
0.030613 3.673549 -0.158099
0.029202 3.649718 -0.151009
0.026912 3.627754 -0.139495
0.023830 3.608504 -0.124000
0.020074 3.592705 -0.105119
0.015789 3.580965 -0.083578
0.011140 3.573736 -0.060204
0.015789 3.822930 -0.058794
0.024909 3.815700 -0.080811
0.033314 3.803961 -0.101103
0.040681 3.788162 -0.118888
0.046727 3.768911 -0.133484
0.051220 3.746948 -0.144330
0.053986 3.723117 -0.151009
0.054920 3.698333 -0.153264
0.053986 3.673549 -0.151009
0.051220 3.649718 -0.144330
0.046727 3.627754 -0.133484
0.040681 3.608504 -0.118888
0.033314 3.592705 -0.101103
0.024909 3.580965 -0.080811
0.015789 3.573736 -0.058794
0.020074 3.822930 -0.056504
0.033314 3.815700 -0.076319
0.045516 3.803961 -0.094580
0.056212 3.788162 -0.110587
0.064989 3.768911 -0.123723
0.071511 3.746948 -0.133484
0.075527 3.723117 -0.139495
0.076883 3.698333 -0.141525
0.075527 3.673549 -0.139495
0.071511 3.649718 -0.133484
0.064989 3.627754 -0.123723
0.056212 3.608504 -0.110587
0.045516 3.592705 -0.094580
0.033314 3.580965 -0.076319
0.020074 3.573736 -0.056504
0.023830 3.822930 -0.053421
0.040681 3.815700 -0.070273
0.056212 3.803961 -0.085803
0.069824 3.788162 -0.099415
0.080995 3.768911 -0.110587
0.089296 3.746948 -0.118888
0.094408 3.723117 -0.124000
0.096134 3.698333 -0.125726
0.094408 3.673549 -0.124000
0.089296 3.649718 -0.118888
0.080995 3.627754 -0.110587
0.069824 3.608504 -0.099415
0.056212 3.592705 -0.085803
0.040681 3.580965 -0.070273
0.023830 3.573736 -0.053421
0.026912 3.822930 -0.049666
0.046727 3.815700 -0.062906
0.064989 3.803961 -0.075108
0.080995 3.788162 -0.085803
0.094132 3.768911 -0.094580
0.103893 3.746948 -0.101103
0.109903 3.723117 -0.105119
0.111933 3.698333 -0.106475
0.109903 3.673549 -0.105119
0.103893 3.649718 -0.101103
0.094132 3.627754 -0.094580
0.080995 3.608504 -0.085803
0.064989 3.592705 -0.075108
0.046727 3.580965 -0.062906
0.026912 3.573736 -0.049666
0.029202 3.822930 -0.045381
0.051220 3.815700 -0.054501
0.071511 3.803961 -0.062906
0.089296 3.788162 -0.070273
0.103893 3.768911 -0.076319
0.114739 3.746948 -0.080811
0.121417 3.723117 -0.083578
0.123673 3.698333 -0.084512
0.121417 3.673549 -0.083578
0.114739 3.649718 -0.080811
0.103893 3.627754 -0.076319
0.089296 3.608504 -0.070273
0.071511 3.592705 -0.062906
0.051220 3.580965 -0.054501
0.029202 3.573736 -0.045381
0.030613 3.822930 -0.040732
0.053986 3.815700 -0.045381
0.075527 3.803961 -0.049666
0.094408 3.788162 -0.053421
0.109903 3.768911 -0.056504
0.121417 3.746948 -0.058794
0.128508 3.723117 -0.060204
0.130902 3.698333 -0.060680
0.128508 3.673549 -0.060204
0.121417 3.649718 -0.058794
0.109903 3.627754 -0.056504
0.094408 3.608504 -0.053421
0.075527 3.592705 -0.049666
0.053986 3.580965 -0.045381
0.030613 3.573736 -0.040732
0.031089 3.822930 -0.035897
0.054920 3.815700 -0.035897
0.076883 3.803961 -0.035897
0.096134 3.788162 -0.035897
0.111933 3.768911 -0.035897
0.123673 3.746948 -0.035897
0.130902 3.723117 -0.035897
0.133343 3.698333 -0.035897
0.130902 3.673549 -0.035897
0.123673 3.649718 -0.035897
0.111933 3.627754 -0.035897
0.096134 3.608504 -0.035897
0.076883 3.592705 -0.035897
0.054920 3.580965 -0.035897
0.031089 3.573736 -0.035897
0.030613 3.822930 -0.031062
0.053986 3.815700 -0.026412
0.075527 3.803961 -0.022127
0.094408 3.788162 -0.018372
0.109903 3.768911 -0.015290
0.121417 3.746948 -0.012999
0.128508 3.723117 -0.011589
0.130902 3.698333 -0.011113
0.128508 3.673549 -0.011589
0.121417 3.649718 -0.012999
0.109903 3.627754 -0.015290
0.094408 3.608504 -0.018372
0.075527 3.592705 -0.022128
0.053986 3.580965 -0.026412
0.030613 3.573736 -0.031062
0.029202 3.822930 -0.026412
0.051220 3.815700 -0.017292
0.071511 3.803961 -0.008887
0.089296 3.788162 -0.001520
0.103893 3.768911 0.004525
0.114739 3.746948 0.009018
0.121417 3.723117 0.011784
0.123673 3.698333 0.012719
0.121417 3.673549 0.011784
0.114739 3.649718 0.009018
0.103893 3.627754 0.004525
0.089296 3.608504 -0.001521
0.071511 3.592705 -0.008887
0.051220 3.580965 -0.017292
0.029202 3.573736 -0.026412
0.026912 3.822930 -0.022127
0.046727 3.815700 -0.008887
0.064989 3.803961 0.003315
0.080995 3.788162 0.014010
0.094132 3.768911 0.022787
0.103893 3.746948 0.029309
0.109903 3.723117 0.033326
0.111933 3.698333 0.034682
0.109903 3.673549 0.033326
0.103893 3.649718 0.029309
0.094132 3.627754 0.022787
0.080995 3.608504 0.014010
0.064989 3.592705 0.003315
0.046727 3.580965 -0.008887
0.026912 3.573736 -0.022128
0.023830 3.822930 -0.018372
0.040681 3.815700 -0.001520
0.056212 3.803961 0.014010
0.069824 3.788162 0.027622
0.080995 3.768911 0.038794
0.089296 3.746948 0.047095
0.094408 3.723117 0.052206
0.096134 3.698333 0.053933
0.094408 3.673549 0.052206
0.089296 3.649718 0.047095
0.080995 3.627754 0.038794
0.069824 3.608504 0.027622
0.056212 3.592705 0.014010
0.040681 3.580965 -0.001521
0.023830 3.573736 -0.018372
0.020074 3.822930 -0.015290
0.033314 3.815700 0.004525
0.045516 3.803961 0.022787
0.056212 3.788162 0.038794
0.064989 3.768911 0.051930
0.071511 3.746948 0.061691
0.075527 3.723117 0.067702
0.076883 3.698333 0.069731
0.075527 3.673549 0.067702
0.071511 3.649718 0.061691
0.064989 3.627754 0.051930
0.056212 3.608504 0.038794
0.045516 3.592705 0.022787
0.033314 3.580965 0.004525
0.020074 3.573736 -0.015290
0.006305 3.571295 -0.035897
0.015789 3.822930 -0.012999
0.024909 3.815700 0.009018
0.033314 3.803961 0.029309
0.040681 3.788162 0.047095
0.046727 3.768911 0.061691
0.051220 3.746948 0.072537
0.053986 3.723117 0.079216
0.054920 3.698333 0.081471
0.053986 3.673549 0.079216
0.051220 3.649718 0.072537
0.046727 3.627754 0.061691
0.040681 3.608504 0.047095
0.033314 3.592705 0.029309
0.024909 3.580965 0.009018
0.015789 3.573736 -0.012999
0.011140 3.822930 -0.011589
0.015789 3.815700 0.011784
0.020074 3.803961 0.033326
0.023830 3.788162 0.052207
0.026912 3.768911 0.067702
0.029202 3.746948 0.079216
0.030613 3.723117 0.086306
0.031089 3.698333 0.088700
0.030613 3.673549 0.086306
0.029202 3.649718 0.079216
0.026912 3.627754 0.067702
0.023830 3.608504 0.052206
0.020074 3.592705 0.033326
0.015789 3.580965 0.011784
0.011140 3.573736 -0.011589
0.006305 3.822930 -0.011113
0.006305 3.815700 0.012719
0.006305 3.803961 0.034682
0.006305 3.788162 0.053933
0.006305 3.768911 0.069731
0.006305 3.746948 0.081471
0.006305 3.723117 0.088700
0.006305 3.698333 0.091141
0.006305 3.673549 0.088700
0.006305 3.649718 0.081471
0.006305 3.627754 0.069731
0.006305 3.608504 0.053933
0.006305 3.592705 0.034682
0.006305 3.580965 0.012719
0.006305 3.573736 -0.011113
0.001470 3.822930 -0.011589
-0.003179 3.815700 0.011784
-0.007464 3.803961 0.033326
-0.011220 3.788162 0.052207
-0.014302 3.768911 0.067702
-0.016592 3.746948 0.079216
-0.018002 3.723117 0.086306
-0.018479 3.698333 0.088700
-0.018002 3.673549 0.086306
-0.016592 3.649718 0.079216
-0.014302 3.627754 0.067702
-0.011220 3.608504 0.052206
-0.007464 3.592705 0.033326
-0.003179 3.580965 0.011784
0.001470 3.573736 -0.011589
-0.003179 3.822930 -0.012999
-0.012299 3.815700 0.009018
-0.020704 3.803961 0.029309
-0.028071 3.788162 0.047095
-0.034117 3.768911 0.061691
-0.038609 3.746948 0.072537
-0.041376 3.723117 0.079216
-0.042310 3.698333 0.081471
-0.041376 3.673549 0.079216
-0.038609 3.649718 0.072537
-0.034117 3.627754 0.061691
-0.028071 3.608504 0.047095
-0.020704 3.592705 0.029309
-0.012299 3.580965 0.009018
-0.003179 3.573736 -0.012999
-0.007464 3.822930 -0.015290
-0.020704 3.815700 0.004525
-0.032906 3.803961 0.022787
-0.043601 3.788162 0.038794
-0.052379 3.768911 0.051930
-0.058901 3.746948 0.061691
-0.062917 3.723117 0.067702
-0.064273 3.698333 0.069731
-0.062917 3.673549 0.067702
-0.058901 3.649718 0.061691
-0.052379 3.627754 0.051930
-0.043601 3.608504 0.038794
-0.032906 3.592705 0.022787
-0.020704 3.580965 0.004525
-0.007464 3.573736 -0.015290
-0.011220 3.822930 -0.018372
-0.028071 3.815700 -0.001521
-0.043601 3.803961 0.014010
-0.057214 3.788162 0.027622
-0.068385 3.768911 0.038794
-0.076686 3.746948 0.047095
-0.081798 3.723117 0.052206
-0.083524 3.698333 0.053932
-0.081798 3.673549 0.052206
-0.076686 3.649718 0.047095
-0.068385 3.627754 0.038794
-0.057214 3.608504 0.027622
-0.043601 3.592705 0.014010
-0.028071 3.580965 -0.001521
-0.011220 3.573736 -0.018372
-0.014302 3.822930 -0.022127
-0.034117 3.815700 -0.008887
-0.052379 3.803961 0.003315
-0.068385 3.788162 0.014010
-0.081521 3.768911 0.022787
-0.091282 3.746948 0.029309
-0.097293 3.723117 0.033325
-0.099323 3.698333 0.034682
-0.097293 3.673549 0.033325
-0.091282 3.649718 0.029309
-0.081521 3.627754 0.022787
-0.068385 3.608504 0.014010
-0.052379 3.592705 0.003315
-0.034117 3.580965 -0.008888
-0.014302 3.573736 -0.022128
0.006305 3.825371 -0.035897
-0.016592 3.822930 -0.026412
-0.038609 3.815700 -0.017292
-0.058901 3.803961 -0.008887
-0.076686 3.788162 -0.001521
-0.091282 3.768911 0.004525
-0.102128 3.746948 0.009018
-0.108807 3.723117 0.011784
-0.111062 3.698333 0.012719
-0.108807 3.673549 0.011784
-0.102128 3.649718 0.009018
-0.091282 3.627754 0.004525
-0.076686 3.608504 -0.001521
-0.058901 3.592705 -0.008888
-0.038609 3.580965 -0.017292
-0.016592 3.573736 -0.026412
-0.018002 3.822930 -0.031062
-0.041376 3.815700 -0.026412
-0.062917 3.803961 -0.022128
-0.081798 3.788162 -0.018372
-0.097293 3.768911 -0.015290
-0.108807 3.746948 -0.012999
-0.115897 3.723117 -0.011589
-0.118291 3.698333 -0.011113
-0.115897 3.673549 -0.011589
-0.108807 3.649718 -0.012999
-0.097293 3.627754 -0.015290
-0.081798 3.608504 -0.018372
-0.062917 3.592705 -0.022128
-0.041376 3.580965 -0.026412
-0.018002 3.573736 -0.031062
-0.007394 1.486923 -0.035897
-0.020567 1.482927 -0.035897
-0.032708 1.476438 -0.035897
-0.043349 1.467705 -0.035897
-0.052082 1.457064 -0.035897
-0.058571 1.444924 -0.035897
-0.062567 1.431751 -0.035897
-0.063916 1.418051 -0.035897
-0.062567 1.404352 -0.035897
-0.058571 1.391179 -0.035897
-0.052082 1.379038 -0.035897
-0.043349 1.368397 -0.035897
-0.032708 1.359664 -0.035897
-0.020567 1.353175 -0.035897
-0.007394 1.349179 -0.035897
-0.007131 1.486923 -0.038569
-0.020051 1.482927 -0.041139
-0.031958 1.476438 -0.043508
-0.042395 1.467705 -0.045584
-0.050960 1.457064 -0.047288
-0.057324 1.444924 -0.048554
-0.061244 1.431751 -0.049333
-0.062567 1.418051 -0.049596
-0.061244 1.404352 -0.049333
-0.057324 1.391179 -0.048554
-0.050960 1.379038 -0.047288
-0.042395 1.368397 -0.045584
-0.031958 1.359664 -0.043508
-0.020051 1.353175 -0.041139
-0.007131 1.349179 -0.038569
-0.006352 1.486923 -0.041139
-0.018522 1.482927 -0.046180
-0.029738 1.476438 -0.050826
-0.039569 1.467705 -0.054899
-0.047637 1.457064 -0.058241
-0.053633 1.444924 -0.060724
-0.057324 1.431751 -0.062253
-0.058571 1.418051 -0.062769
-0.057324 1.404352 -0.062253
-0.053633 1.391179 -0.060724
-0.047637 1.379038 -0.058241
-0.039569 1.368397 -0.054899
-0.029738 1.359664 -0.050826
-0.018522 1.353175 -0.046180
-0.006352 1.349179 -0.041139
-0.005086 1.486923 -0.043508
-0.016039 1.482927 -0.050826
-0.026133 1.476438 -0.057571
-0.034981 1.467705 -0.063483
-0.042242 1.457064 -0.068335
-0.047637 1.444924 -0.071940
-0.050960 1.431751 -0.074160
-0.052082 1.418051 -0.074910
-0.050960 1.404352 -0.074160
-0.047637 1.391179 -0.071940
-0.042242 1.379038 -0.068335
-0.034981 1.368397 -0.063483
-0.026133 1.359664 -0.057571
-0.016039 1.353175 -0.050826
-0.005086 1.349179 -0.043508
-0.003382 1.486923 -0.045584
-0.012697 1.482927 -0.054899
-0.021281 1.476438 -0.063483
-0.028806 1.467705 -0.071007
-0.034981 1.457064 -0.077183
-0.039569 1.444924 -0.081771
-0.042395 1.431751 -0.084597
-0.043349 1.418051 -0.085551
-0.042395 1.404352 -0.084597
-0.039569 1.391179 -0.081771
-0.034981 1.379038 -0.077183
-0.028806 1.368397 -0.071007
-0.021281 1.359664 -0.063483
-0.012697 1.353175 -0.054899
-0.003382 1.349179 -0.045584
-0.001306 1.486923 -0.047288
-0.008624 1.482927 -0.058241
-0.015369 1.476438 -0.068335
-0.021281 1.467705 -0.077183
-0.026133 1.457064 -0.084444
-0.029738 1.444924 -0.089839
-0.031958 1.431751 -0.093162
-0.032708 1.418051 -0.094284
-0.031958 1.404352 -0.093162
-0.029738 1.391179 -0.089839
-0.026133 1.379038 -0.084444
-0.021281 1.368397 -0.077183
-0.015369 1.359664 -0.068335
-0.008624 1.353175 -0.058241
-0.001306 1.349179 -0.047288
0.001063 1.486923 -0.048554
-0.003979 1.482927 -0.060724
-0.008624 1.476438 -0.071940
-0.012697 1.467705 -0.081771
-0.016039 1.457064 -0.089839
-0.018522 1.444924 -0.095834
-0.020051 1.431751 -0.099526
-0.020567 1.418051 -0.100773
-0.020051 1.404352 -0.099526
-0.018522 1.391179 -0.095834
-0.016039 1.379038 -0.089839
-0.012697 1.368397 -0.081771
-0.008624 1.359664 -0.071940
-0.003979 1.353175 -0.060724
0.001063 1.349179 -0.048554
0.003632 1.486923 -0.049333
0.001063 1.482927 -0.062253
-0.001306 1.476438 -0.074160
-0.003382 1.467705 -0.084597
-0.005086 1.457064 -0.093162
-0.006352 1.444924 -0.099526
-0.007131 1.431751 -0.103446
-0.007394 1.418051 -0.104769
-0.007131 1.404352 -0.103446
-0.006352 1.391179 -0.099526
-0.005086 1.379038 -0.093162
-0.003382 1.368397 -0.084597
-0.001306 1.359664 -0.074160
0.001063 1.353175 -0.062253
0.003632 1.349179 -0.049333
0.006305 1.486923 -0.049596
0.006305 1.482927 -0.062769
0.006305 1.476438 -0.074910
0.006305 1.467705 -0.085551
0.006305 1.457064 -0.094284
0.006305 1.444924 -0.100773
0.006305 1.431751 -0.104769
0.006305 1.418051 -0.106118
0.006305 1.404352 -0.104769
0.006305 1.391179 -0.100773
0.006305 1.379038 -0.094284
0.006305 1.368397 -0.085551
0.006305 1.359664 -0.074910
0.006305 1.353175 -0.062769
0.006305 1.349179 -0.049596
0.008978 1.486923 -0.049333
0.011548 1.482927 -0.062253
0.013916 1.476438 -0.074160
0.015992 1.467705 -0.084597
0.017696 1.457064 -0.093162
0.018962 1.444924 -0.099526
0.019741 1.431751 -0.103446
0.020005 1.418051 -0.104769
0.019741 1.404352 -0.103446
0.018962 1.391179 -0.099526
0.017696 1.379038 -0.093162
0.015992 1.368397 -0.084597
0.013916 1.359664 -0.074160
0.011548 1.353175 -0.062253
0.008978 1.349179 -0.049333
0.011548 1.486923 -0.048554
0.016589 1.482927 -0.060724
0.021235 1.476438 -0.071940
0.025307 1.467705 -0.081771
0.028649 1.457064 -0.089839
0.031132 1.444924 -0.095834
0.032661 1.431751 -0.099526
0.033178 1.418051 -0.100773
0.032661 1.404352 -0.099526
0.031132 1.391179 -0.095834
0.028649 1.379038 -0.089839
0.025307 1.368397 -0.081771
0.021235 1.359664 -0.071940
0.016589 1.353175 -0.060724
0.011548 1.349179 -0.048554
0.013916 1.486923 -0.047288
0.021235 1.482927 -0.058241
0.027980 1.476438 -0.068335
0.033891 1.467705 -0.077183
0.038743 1.457064 -0.084444
0.042348 1.444924 -0.089839
0.044568 1.431751 -0.093162
0.045318 1.418051 -0.094284
0.044568 1.404352 -0.093162
0.042348 1.391179 -0.089839
0.038743 1.379038 -0.084444
0.033891 1.368397 -0.077183
0.027980 1.359664 -0.068335
0.021235 1.353175 -0.058241
0.013916 1.349179 -0.047288
0.015992 1.486923 -0.045584
0.025307 1.482927 -0.054899
0.033891 1.476438 -0.063483
0.041416 1.467705 -0.071007
0.047591 1.457064 -0.077183
0.052179 1.444924 -0.081771
0.055005 1.431751 -0.084597
0.055959 1.418051 -0.085551
0.055005 1.404352 -0.084597
0.052179 1.391179 -0.081771
0.047591 1.379038 -0.077183
0.041416 1.368397 -0.071007
0.033891 1.359664 -0.063483
0.025307 1.353175 -0.054899
0.015992 1.349179 -0.045584
0.017696 1.486923 -0.043508
0.028649 1.482927 -0.050826
0.038743 1.476438 -0.057571
0.047591 1.467705 -0.063483
0.054852 1.457064 -0.068335
0.060248 1.444924 -0.071940
0.063570 1.431751 -0.074160
0.064692 1.418051 -0.074910
0.063570 1.404352 -0.074160
0.060248 1.391179 -0.071940
0.054852 1.379038 -0.068335
0.047591 1.368397 -0.063483
0.038743 1.359664 -0.057571
0.028649 1.353175 -0.050826
0.017696 1.349179 -0.043508
0.018962 1.486923 -0.041139
0.031132 1.482927 -0.046180
0.042348 1.476438 -0.050826
0.052179 1.467705 -0.054899
0.060248 1.457064 -0.058241
0.066243 1.444924 -0.060724
0.069935 1.431751 -0.062253
0.071181 1.418051 -0.062769
0.069935 1.404352 -0.062253
0.066243 1.391179 -0.060724
0.060248 1.379038 -0.058241
0.052179 1.368397 -0.054899
0.042348 1.359664 -0.050826
0.031132 1.353175 -0.046180
0.018962 1.349179 -0.041139
0.019741 1.486923 -0.038569
0.032661 1.482927 -0.041139
0.044568 1.476438 -0.043508
0.055005 1.467705 -0.045584
0.063570 1.457064 -0.047288
0.069935 1.444924 -0.048554
0.073854 1.431751 -0.049333
0.075177 1.418051 -0.049596
0.073854 1.404352 -0.049333
0.069935 1.391179 -0.048554
0.063570 1.379038 -0.047288
0.055005 1.368397 -0.045584
0.044568 1.359664 -0.043508
0.032661 1.353175 -0.041139
0.019741 1.349179 -0.038569
0.020005 1.486923 -0.035897
0.033178 1.482927 -0.035897
0.045318 1.476438 -0.035897
0.055959 1.467705 -0.035897
0.064692 1.457064 -0.035897
0.071181 1.444924 -0.035897
0.075177 1.431751 -0.035897
0.076526 1.418051 -0.035897
0.075177 1.404352 -0.035897
0.071181 1.391179 -0.035897
0.064692 1.379038 -0.035897
0.055959 1.368397 -0.035897
0.045318 1.359664 -0.035897
0.033178 1.353175 -0.035897
0.020005 1.349179 -0.035897
0.019741 1.486923 -0.033224
0.032661 1.482927 -0.030654
0.044568 1.476438 -0.028286
0.055005 1.467705 -0.026210
0.063570 1.457064 -0.024506
0.069935 1.444924 -0.023240
0.073854 1.431751 -0.022461
0.075177 1.418051 -0.022197
0.073854 1.404352 -0.022461
0.069935 1.391179 -0.023240
0.063570 1.379038 -0.024506
0.055005 1.368397 -0.026210
0.044568 1.359664 -0.028286
0.032661 1.353175 -0.030654
0.019741 1.349179 -0.033224
0.018962 1.486923 -0.030654
0.031132 1.482927 -0.025613
0.042348 1.476438 -0.020967
0.052179 1.467705 -0.016895
0.060248 1.457064 -0.013553
0.066243 1.444924 -0.011070
0.069935 1.431751 -0.009541
0.071181 1.418051 -0.009024
0.069935 1.404352 -0.009541
0.066243 1.391179 -0.011070
0.060248 1.379038 -0.013553
0.052179 1.368397 -0.016895
0.042348 1.359664 -0.020967
0.031132 1.353175 -0.025613
0.018962 1.349179 -0.030654
0.017696 1.486923 -0.028286
0.028649 1.482927 -0.020967
0.038743 1.476438 -0.014222
0.047591 1.467705 -0.008311
0.054852 1.457064 -0.003459
0.060248 1.444924 0.000146
0.063570 1.431751 0.002366
0.064692 1.418051 0.003116
0.063570 1.404352 0.002366
0.060248 1.391179 0.000146
0.054852 1.379038 -0.003459
0.047591 1.368397 -0.008311
0.038743 1.359664 -0.014222
0.028649 1.353175 -0.020967
0.017696 1.349179 -0.028286
0.015992 1.486923 -0.026210
0.025307 1.482927 -0.016895
0.033891 1.476438 -0.008311
0.041416 1.467705 -0.000786
0.047591 1.457064 0.005389
0.052179 1.444924 0.009977
0.055005 1.431751 0.012803
0.055959 1.418051 0.013757
0.055005 1.404352 0.012803
0.052179 1.391179 0.009977
0.047591 1.379038 0.005389
0.041416 1.368397 -0.000786
0.033891 1.359664 -0.008311
0.025307 1.353175 -0.016895
0.015992 1.349179 -0.026210
0.013916 1.486923 -0.024506
0.021235 1.482927 -0.013553
0.027980 1.476438 -0.003459
0.033891 1.467705 0.005389
0.038743 1.457064 0.012650
0.042348 1.444924 0.018046
0.044568 1.431751 0.021368
0.045318 1.418051 0.022490
0.044568 1.404352 0.021368
0.042348 1.391179 0.018046
0.038743 1.379038 0.012650
0.033891 1.368397 0.005389
0.027980 1.359664 -0.003459
0.021235 1.353175 -0.013553
0.013916 1.349179 -0.024506
0.006305 1.347830 -0.035897
0.011548 1.486923 -0.023240
0.016589 1.482927 -0.011070
0.021235 1.476438 0.000146
0.025307 1.467705 0.009977
0.028649 1.457064 0.018046
0.031132 1.444924 0.024041
0.032661 1.431751 0.027733
0.033178 1.418051 0.028979
0.032661 1.404352 0.027733
0.031132 1.391179 0.024041
0.028649 1.379038 0.018046
0.025307 1.368397 0.009977
0.021235 1.359664 0.000146
0.016589 1.353175 -0.011070
0.011548 1.349179 -0.023240
0.008978 1.486923 -0.022461
0.011548 1.482927 -0.009541
0.013916 1.476438 0.002366
0.015992 1.467705 0.012803
0.017696 1.457064 0.021368
0.018962 1.444924 0.027733
0.019741 1.431751 0.031652
0.020005 1.418051 0.032975
0.019741 1.404352 0.031652
0.018962 1.391179 0.027733
0.017696 1.379038 0.021368
0.015992 1.368397 0.012803
0.013916 1.359664 0.002366
0.011548 1.353175 -0.009541
0.008978 1.349179 -0.022461
0.006305 1.486923 -0.022197
0.006305 1.482927 -0.009024
0.006305 1.476438 0.003116
0.006305 1.467705 0.013757
0.006305 1.457064 0.022490
0.006305 1.444924 0.028979
0.006305 1.431751 0.032975
0.006305 1.418051 0.034325
0.006305 1.404352 0.032975
0.006305 1.391179 0.028979
0.006305 1.379038 0.022490
0.006305 1.368397 0.013757
0.006305 1.359664 0.003116
0.006305 1.353175 -0.009024
0.006305 1.349179 -0.022197
0.003632 1.486923 -0.022461
0.001063 1.482927 -0.009541
-0.001306 1.476438 0.002366
-0.003382 1.467705 0.012803
-0.005086 1.457064 0.021368
-0.006352 1.444924 0.027733
-0.007131 1.431751 0.031652
-0.007394 1.418051 0.032975
-0.007131 1.404352 0.031652
-0.006352 1.391179 0.027733
-0.005086 1.379038 0.021368
-0.003382 1.368397 0.012803
-0.001306 1.359664 0.002366
0.001063 1.353175 -0.009541
0.003632 1.349179 -0.022461
0.001063 1.486923 -0.023240
-0.003979 1.482927 -0.011070
-0.008624 1.476438 0.000146
-0.012697 1.467705 0.009977
-0.016039 1.457064 0.018046
-0.018522 1.444924 0.024041
-0.020051 1.431751 0.027733
-0.020567 1.418051 0.028979
-0.020051 1.404352 0.027733
-0.018522 1.391179 0.024041
-0.016039 1.379038 0.018046
-0.012697 1.368397 0.009977
-0.008624 1.359664 0.000146
-0.003979 1.353175 -0.011070
0.001063 1.349179 -0.023240
-0.001306 1.486923 -0.024506
-0.008624 1.482927 -0.013553
-0.015369 1.476438 -0.003459
-0.021281 1.467705 0.005389
-0.026133 1.457064 0.012650
-0.029738 1.444924 0.018046
-0.031958 1.431751 0.021368
-0.032708 1.418051 0.022490
-0.031958 1.404352 0.021368
-0.029738 1.391179 0.018046
-0.026133 1.379038 0.012650
-0.021281 1.368397 0.005389
-0.015369 1.359664 -0.003459
-0.008624 1.353175 -0.013553
-0.001306 1.349179 -0.024506
-0.003382 1.486923 -0.026210
-0.012697 1.482927 -0.016895
-0.021281 1.476438 -0.008311
-0.028806 1.467705 -0.000786
-0.034981 1.457064 0.005389
-0.039569 1.444924 0.009977
-0.042395 1.431751 0.012803
-0.043349 1.418051 0.013757
-0.042395 1.404352 0.012803
-0.039569 1.391179 0.009977
-0.034981 1.379038 0.005389
-0.028806 1.368397 -0.000786
-0.021281 1.359664 -0.008311
-0.012697 1.353175 -0.016895
-0.003382 1.349179 -0.026210
-0.005086 1.486923 -0.028286
-0.016039 1.482927 -0.020967
-0.026133 1.476438 -0.014222
-0.034981 1.467705 -0.008311
-0.042242 1.457064 -0.003459
-0.047637 1.444924 0.000146
-0.050960 1.431751 0.002366
-0.052082 1.418051 0.003116
-0.050960 1.404352 0.002366
-0.047637 1.391179 0.000146
-0.042242 1.379038 -0.003459
-0.034981 1.368397 -0.008311
-0.026133 1.359664 -0.014222
-0.016039 1.353175 -0.020967
-0.005086 1.349179 -0.028286
0.006305 1.488273 -0.035897
-0.006352 1.486923 -0.030654
-0.018522 1.482927 -0.025613
-0.029738 1.476438 -0.020967
-0.039569 1.467705 -0.016895
-0.047637 1.457064 -0.013553
-0.053633 1.444924 -0.011070
-0.057324 1.431751 -0.009541
-0.058571 1.418051 -0.009024
-0.057324 1.404352 -0.009541
-0.053633 1.391179 -0.011070
-0.047637 1.379038 -0.013553
-0.039569 1.368397 -0.016895
-0.029738 1.359664 -0.020967
-0.018522 1.353175 -0.025613
-0.006352 1.349179 -0.030654
-0.007131 1.486923 -0.033224
-0.020051 1.482927 -0.030654
-0.031958 1.476438 -0.028286
-0.042395 1.467705 -0.026210
-0.050960 1.457064 -0.024506
-0.057324 1.444924 -0.023240
-0.061244 1.431751 -0.022461
-0.062567 1.418051 -0.022197
-0.061244 1.404352 -0.022461
-0.057324 1.391179 -0.023240
-0.050960 1.379038 -0.024506
-0.042395 1.368397 -0.026210
-0.031958 1.359664 -0.028286
-0.020051 1.353175 -0.030654
-0.007131 1.349179 -0.033224
-0.007394 1.486923 0.037876
-0.020567 1.482927 0.037876
-0.032708 1.476438 0.037876
-0.043349 1.467705 0.037876
-0.052082 1.457064 0.037876
-0.058571 1.444924 0.037876
-0.062567 1.431751 0.037876
-0.063916 1.418051 0.037876
-0.062567 1.404352 0.037876
-0.058571 1.391179 0.037876
-0.052082 1.379038 0.037876
-0.043349 1.368397 0.037876
-0.032708 1.359664 0.037876
-0.020567 1.353175 0.037876
-0.007394 1.349179 0.037876
-0.007131 1.486923 0.035204
-0.020051 1.482927 0.032634
-0.031958 1.476438 0.030265
-0.042395 1.467705 0.028189
-0.050960 1.457064 0.026486
-0.057324 1.444924 0.025220
-0.061244 1.431751 0.024440
-0.062567 1.418051 0.024177
-0.061244 1.404352 0.024440
-0.057324 1.391179 0.025220
-0.050960 1.379038 0.026486
-0.042395 1.368397 0.028189
-0.031958 1.359664 0.030265
-0.020051 1.353175 0.032634
-0.007131 1.349179 0.035204
-0.006352 1.486923 0.032634
-0.018522 1.482927 0.027593
-0.029738 1.476438 0.022947
-0.039569 1.467705 0.018875
-0.047637 1.457064 0.015533
-0.053633 1.444924 0.013049
-0.057324 1.431751 0.011520
-0.058571 1.418051 0.011004
-0.057324 1.404352 0.011520
-0.053633 1.391179 0.013049
-0.047637 1.379038 0.015533
-0.039569 1.368397 0.018875
-0.029738 1.359664 0.022947
-0.018522 1.353175 0.027593
-0.006352 1.349179 0.032634
-0.005086 1.486923 0.030265
-0.016039 1.482927 0.022947
-0.026133 1.476438 0.016202
-0.034981 1.467705 0.010290
-0.042242 1.457064 0.005438
-0.047637 1.444924 0.001833
-0.050960 1.431751 -0.000387
-0.052082 1.418051 -0.001136
-0.050960 1.404352 -0.000387
-0.047637 1.391179 0.001833
-0.042242 1.379038 0.005438
-0.034981 1.368397 0.010290
-0.026133 1.359664 0.016202
-0.016039 1.353175 0.022947
-0.005086 1.349179 0.030265
-0.003382 1.486923 0.028189
-0.012697 1.482927 0.018875
-0.021281 1.476438 0.010290
-0.028806 1.467705 0.002766
-0.034981 1.457064 -0.003409
-0.039569 1.444924 -0.007998
-0.042395 1.431751 -0.010823
-0.043349 1.418051 -0.011778
-0.042395 1.404352 -0.010823
-0.039569 1.391179 -0.007998
-0.034981 1.379038 -0.003409
-0.028806 1.368397 0.002766
-0.021281 1.359664 0.010290
-0.012697 1.353175 0.018875
-0.003382 1.349179 0.028189
-0.001306 1.486923 0.026486
-0.008624 1.482927 0.015533
-0.015369 1.476438 0.005438
-0.021281 1.467705 -0.003409
-0.026133 1.457064 -0.010670
-0.029738 1.444924 -0.016066
-0.031958 1.431751 -0.019389
-0.032708 1.418051 -0.020510
-0.031958 1.404352 -0.019389
-0.029738 1.391179 -0.016066
-0.026133 1.379038 -0.010670
-0.021281 1.368397 -0.003409
-0.015369 1.359664 0.005438
-0.008624 1.353175 0.015533
-0.001306 1.349179 0.026486
0.001063 1.486923 0.025220
-0.003979 1.482927 0.013049
-0.008624 1.476438 0.001833
-0.012697 1.467705 -0.007998
-0.016039 1.457064 -0.016066
-0.018522 1.444924 -0.022061
-0.020051 1.431751 -0.025753
-0.020567 1.418051 -0.027000
-0.020051 1.404352 -0.025753
-0.018522 1.391179 -0.022061
-0.016039 1.379038 -0.016066
-0.012697 1.368397 -0.007998
-0.008624 1.359664 0.001833
-0.003979 1.353175 0.013049
0.001063 1.349179 0.025220
0.003632 1.486923 0.024440
0.001063 1.482927 0.011520
-0.001306 1.476438 -0.000387
-0.003382 1.467705 -0.010823
-0.005086 1.457064 -0.019389
-0.006352 1.444924 -0.025753
-0.007131 1.431751 -0.029672
-0.007394 1.418051 -0.030996
-0.007131 1.404352 -0.029672
-0.006352 1.391179 -0.025753
-0.005086 1.379038 -0.019389
-0.003382 1.368397 -0.010823
-0.001306 1.359664 -0.000387
0.001063 1.353175 0.011520
0.003632 1.349179 0.024440
0.006305 1.486923 0.024177
0.006305 1.482927 0.011004
0.006305 1.476438 -0.001136
0.006305 1.467705 -0.011778
0.006305 1.457064 -0.020510
0.006305 1.444924 -0.027000
0.006305 1.431751 -0.030996
0.006305 1.418051 -0.032345
0.006305 1.404352 -0.030996
0.006305 1.391179 -0.027000
0.006305 1.379038 -0.020510
0.006305 1.368397 -0.011778
0.006305 1.359664 -0.001136
0.006305 1.353175 0.011004
0.006305 1.349179 0.024177
0.008978 1.486923 0.024440
0.011548 1.482927 0.011520
0.013916 1.476438 -0.000387
0.015992 1.467705 -0.010823
0.017696 1.457064 -0.019389
0.018962 1.444924 -0.025753
0.019741 1.431751 -0.029672
0.020005 1.418051 -0.030996
0.019741 1.404352 -0.029672
0.018962 1.391179 -0.025753
0.017696 1.379038 -0.019389
0.015992 1.368397 -0.010823
0.013916 1.359664 -0.000387
0.011548 1.353175 0.011520
0.008978 1.349179 0.024440
0.011548 1.486923 0.025220
0.016589 1.482927 0.013049
0.021235 1.476438 0.001833
0.025307 1.467705 -0.007998
0.028649 1.457064 -0.016066
0.031132 1.444924 -0.022061
0.032661 1.431751 -0.025753
0.033178 1.418051 -0.027000
0.032661 1.404352 -0.025753
0.031132 1.391179 -0.022061
0.028649 1.379038 -0.016066
0.025307 1.368397 -0.007998
0.021235 1.359664 0.001833
0.016589 1.353175 0.013049
0.011548 1.349179 0.025220
0.013916 1.486923 0.026486
0.021235 1.482927 0.015533
0.027980 1.476438 0.005438
0.033891 1.467705 -0.003409
0.038743 1.457064 -0.010670
0.042348 1.444924 -0.016066
0.044568 1.431751 -0.019389
0.045318 1.418051 -0.020510
0.044568 1.404352 -0.019389
0.042348 1.391179 -0.016066
0.038743 1.379038 -0.010670
0.033891 1.368397 -0.003409
0.027980 1.359664 0.005438
0.021235 1.353175 0.015533
0.013916 1.349179 0.026486
0.015992 1.486923 0.028189
0.025307 1.482927 0.018875
0.033891 1.476438 0.010290
0.041416 1.467705 0.002766
0.047591 1.457064 -0.003409
0.052179 1.444924 -0.007998
0.055005 1.431751 -0.010823
0.055959 1.418051 -0.011778
0.055005 1.404352 -0.010823
0.052179 1.391179 -0.007998
0.047591 1.379038 -0.003409
0.041416 1.368397 0.002766
0.033891 1.359664 0.010290
0.025307 1.353175 0.018875
0.015992 1.349179 0.028189
0.017696 1.486923 0.030265
0.028649 1.482927 0.022947
0.038743 1.476438 0.016202
0.047591 1.467705 0.010290
0.054852 1.457064 0.005438
0.060248 1.444924 0.001833
0.063570 1.431751 -0.000387
0.064692 1.418051 -0.001136
0.063570 1.404352 -0.000387
0.060248 1.391179 0.001833
0.054852 1.379038 0.005438
0.047591 1.368397 0.010290
0.038743 1.359664 0.016202
0.028649 1.353175 0.022947
0.017696 1.349179 0.030265
0.018962 1.486923 0.032634
0.031132 1.482927 0.027593
0.042348 1.476438 0.022947
0.052179 1.467705 0.018875
0.060248 1.457064 0.015533
0.066243 1.444924 0.013049
0.069935 1.431751 0.011520
0.071181 1.418051 0.011004
0.069935 1.404352 0.011520
0.066243 1.391179 0.013049
0.060248 1.379038 0.015533
0.052179 1.368397 0.018875
0.042348 1.359664 0.022947
0.031132 1.353175 0.027593
0.018962 1.349179 0.032634
0.019741 1.486923 0.035204
0.032661 1.482927 0.032634
0.044568 1.476438 0.030265
0.055005 1.467705 0.028189
0.063570 1.457064 0.026486
0.069935 1.444924 0.025220
0.073854 1.431751 0.024440
0.075177 1.418051 0.024177
0.073854 1.404352 0.024440
0.069935 1.391179 0.025220
0.063570 1.379038 0.026486
0.055005 1.368397 0.028189
0.044568 1.359664 0.030265
0.032661 1.353175 0.032634
0.019741 1.349179 0.035204
0.020005 1.486923 0.037876
0.033178 1.482927 0.037876
0.045318 1.476438 0.037876
0.055959 1.467705 0.037876
0.064692 1.457064 0.037876
0.071181 1.444924 0.037876
0.075177 1.431751 0.037876
0.076526 1.418051 0.037876
0.075177 1.404352 0.037876
0.071181 1.391179 0.037876
0.064692 1.379038 0.037876
0.055959 1.368397 0.037876
0.045318 1.359664 0.037876
0.033178 1.353175 0.037876
0.020005 1.349179 0.037876
0.019741 1.486923 0.040549
0.032661 1.482927 0.043119
0.044568 1.476438 0.045488
0.055005 1.467705 0.047563
0.063570 1.457064 0.049267
0.069935 1.444924 0.050533
0.073854 1.431751 0.051313
0.075177 1.418051 0.051576
0.073854 1.404352 0.051313
0.069935 1.391179 0.050533
0.063570 1.379038 0.049267
0.055005 1.368397 0.047563
0.044568 1.359664 0.045488
0.032661 1.353175 0.043119
0.019741 1.349179 0.040549
0.018962 1.486923 0.043119
0.031132 1.482927 0.048160
0.042348 1.476438 0.052806
0.052179 1.467705 0.056878
0.060248 1.457064 0.060220
0.066243 1.444924 0.062703
0.069935 1.431751 0.064233
0.071181 1.418051 0.064749
0.069935 1.404352 0.064233
0.066243 1.391179 0.062703
0.060248 1.379038 0.060220
0.052179 1.368397 0.056878
0.042348 1.359664 0.052806
0.031132 1.353175 0.048160
0.018962 1.349179 0.043119
0.017696 1.486923 0.045488
0.028649 1.482927 0.052806
0.038743 1.476438 0.059551
0.047591 1.467705 0.065463
0.054852 1.457064 0.070315
0.060248 1.444924 0.073920
0.063570 1.431751 0.076140
0.064692 1.418051 0.076889
0.063570 1.404352 0.076140
0.060248 1.391179 0.073920
0.054852 1.379038 0.070315
0.047591 1.368397 0.065463
0.038743 1.359664 0.059551
0.028649 1.353175 0.052806
0.017696 1.349179 0.045488
0.015992 1.486923 0.047564
0.025307 1.482927 0.056878
0.033891 1.476438 0.065463
0.041416 1.467705 0.072987
0.047591 1.457064 0.079162
0.052179 1.444924 0.083751
0.055005 1.431751 0.086576
0.055959 1.418051 0.087530
0.055005 1.404352 0.086576
0.052179 1.391179 0.083751
0.047591 1.379038 0.079162
0.041416 1.368397 0.072987
0.033891 1.359664 0.065463
0.025307 1.353175 0.056878
0.015992 1.349179 0.047563
0.013916 1.486923 0.049267
0.021235 1.482927 0.060220
0.027980 1.476438 0.070315
0.033891 1.467705 0.079162
0.038743 1.457064 0.086423
0.042348 1.444924 0.091819
0.044568 1.431751 0.095141
0.045318 1.418051 0.096263
0.044568 1.404352 0.095141
0.042348 1.391179 0.091819
0.038743 1.379038 0.086423
0.033891 1.368397 0.079162
0.027980 1.359664 0.070315
0.021235 1.353175 0.060220
0.013916 1.349179 0.049267
0.006305 1.347830 0.037876
0.011548 1.486923 0.050533
0.016589 1.482927 0.062703
0.021235 1.476438 0.073920
0.025307 1.467705 0.083751
0.028649 1.457064 0.091819
0.031132 1.444924 0.097814
0.032661 1.431751 0.101506
0.033178 1.418051 0.102753
0.032661 1.404352 0.101506
0.031132 1.391179 0.097814
0.028649 1.379038 0.091819
0.025307 1.368397 0.083751
0.021235 1.359664 0.073920
0.016589 1.353175 0.062703
0.011548 1.349179 0.050533
0.008978 1.486923 0.051313
0.011548 1.482927 0.064233
0.013916 1.476438 0.076140
0.015992 1.467705 0.086576
0.017696 1.457064 0.095141
0.018962 1.444924 0.101506
0.019741 1.431751 0.105425
0.020005 1.418051 0.106749
0.019741 1.404352 0.105425
0.018962 1.391179 0.101506
0.017696 1.379038 0.095141
0.015992 1.368397 0.086576
0.013916 1.359664 0.076140
0.011548 1.353175 0.064233
0.008978 1.349179 0.051313
0.006305 1.486923 0.051576
0.006305 1.482927 0.064749
0.006305 1.476438 0.076889
0.006305 1.467705 0.087530
0.006305 1.457064 0.096263
0.006305 1.444924 0.102753
0.006305 1.431751 0.106749
0.006305 1.418051 0.108098
0.006305 1.404352 0.106749
0.006305 1.391179 0.102753
0.006305 1.379038 0.096263
0.006305 1.368397 0.087530
0.006305 1.359664 0.076889
0.006305 1.353175 0.064749
0.006305 1.349179 0.051576
0.003632 1.486923 0.051313
0.001063 1.482927 0.064233
-0.001306 1.476438 0.076140
-0.003382 1.467705 0.086576
-0.005086 1.457064 0.095141
-0.006352 1.444924 0.101506
-0.007131 1.431751 0.105425
-0.007394 1.418051 0.106749
-0.007131 1.404352 0.105425
-0.006352 1.391179 0.101506
-0.005086 1.379038 0.095141
-0.003382 1.368397 0.086576
-0.001306 1.359664 0.076140
0.001063 1.353175 0.064233
0.003632 1.349179 0.051313
0.001063 1.486923 0.050533
-0.003979 1.482927 0.062703
-0.008624 1.476438 0.073920
-0.012697 1.467705 0.083751
-0.016039 1.457064 0.091819
-0.018522 1.444924 0.097814
-0.020051 1.431751 0.101506
-0.020567 1.418051 0.102753
-0.020051 1.404352 0.101506
-0.018522 1.391179 0.097814
-0.016039 1.379038 0.091819
-0.012697 1.368397 0.083751
-0.008624 1.359664 0.073920
-0.003979 1.353175 0.062703
0.001063 1.349179 0.050533
-0.001306 1.486923 0.049267
-0.008624 1.482927 0.060220
-0.015369 1.476438 0.070315
-0.021281 1.467705 0.079162
-0.026133 1.457064 0.086423
-0.029738 1.444924 0.091819
-0.031958 1.431751 0.095141
-0.032708 1.418051 0.096263
-0.031958 1.404352 0.095141
-0.029738 1.391179 0.091819
-0.026133 1.379038 0.086423
-0.021281 1.368397 0.079162
-0.015369 1.359664 0.070314
-0.008624 1.353175 0.060220
-0.001306 1.349179 0.049267
-0.003382 1.486923 0.047564
-0.012697 1.482927 0.056878
-0.021281 1.476438 0.065463
-0.028806 1.467705 0.072987
-0.034981 1.457064 0.079162
-0.039569 1.444924 0.083751
-0.042395 1.431751 0.086576
-0.043349 1.418051 0.087530
-0.042395 1.404352 0.086576
-0.039569 1.391179 0.083751
-0.034981 1.379038 0.079162
-0.028806 1.368397 0.072987
-0.021281 1.359664 0.065463
-0.012697 1.353175 0.056878
-0.003382 1.349179 0.047563
-0.005086 1.486923 0.045488
-0.016039 1.482927 0.052806
-0.026133 1.476438 0.059551
-0.034981 1.467705 0.065463
-0.042242 1.457064 0.070314
-0.047637 1.444924 0.073920
-0.050960 1.431751 0.076140
-0.052082 1.418051 0.076889
-0.050960 1.404352 0.076140
-0.047637 1.391179 0.073920
-0.042242 1.379038 0.070314
-0.034981 1.368397 0.065463
-0.026133 1.359664 0.059551
-0.016039 1.353175 0.052806
-0.005086 1.349179 0.045488
0.006305 1.488273 0.037876
-0.006352 1.486923 0.043119
-0.018522 1.482927 0.048160
-0.029738 1.476438 0.052806
-0.039569 1.467705 0.056878
-0.047637 1.457064 0.060220
-0.053633 1.444924 0.062703
-0.057324 1.431751 0.064233
-0.058571 1.418051 0.064749
-0.057324 1.404352 0.064233
-0.053633 1.391179 0.062703
-0.047637 1.379038 0.060220
-0.039569 1.368397 0.056878
-0.029738 1.359664 0.052806
-0.018522 1.353175 0.048160
-0.006352 1.349179 0.043119
-0.007131 1.486923 0.040549
-0.020051 1.482927 0.043119
-0.031958 1.476438 0.045488
-0.042395 1.467705 0.047563
-0.050960 1.457064 0.049267
-0.057324 1.444924 0.050533
-0.061244 1.431751 0.051313
-0.062567 1.418051 0.051576
-0.061244 1.404352 0.051313
-0.057324 1.391179 0.050533
-0.050960 1.379038 0.049267
-0.042395 1.368397 0.047563
-0.031958 1.359664 0.045488
-0.020051 1.353175 0.043119
-0.007131 1.349179 0.040549
0.064083 3.999994 0.146804
0.264432 3.980702 0.083472
0.311441 3.980702 -0.028330
0.177572 3.980702 -0.123112
-0.172245 3.980702 0.124565
-0.306114 3.980702 0.029783
-0.259105 3.980702 -0.082020
0.123142 3.980702 0.138328
0.293525 3.980702 0.057723
0.293525 3.980702 -0.056270
0.064083 3.999994 -0.145351
0.123142 3.980702 -0.136876
-0.117816 3.980702 0.138328
-0.288199 3.980702 0.057723
-0.288198 3.980702 -0.056270
-0.117815 3.980702 -0.136876
-0.058756 3.999994 -0.145351
0.002663 4.182172 -0.148213
0.225279 3.980702 0.106042
0.177572 3.980702 0.124565
0.317490 3.980702 0.000726
0.311441 3.980702 0.029783
0.225279 3.980702 -0.104590
0.264432 3.980702 -0.082020
0.002663 4.182172 0.149666
-0.058756 3.999994 0.146804
-0.219953 3.980702 0.106042
-0.259105 3.980702 0.083472
-0.312163 3.980702 0.000726
-0.306114 3.980702 -0.028331
-0.219952 3.980702 -0.104590
-0.172244 3.980702 -0.123112
-0.202714 5.118067 -0.064544
-0.204734 5.055864 -0.063536
-0.192072 5.098958 0.091593
-0.171599 5.143881 0.095616
-0.233706 5.117741 0.002996
-0.232217 5.185596 -0.019734
-0.227888 5.123963 0.048985
-0.216101 5.173780 0.049911
-0.156676 5.039971 -0.088401
-0.175308 4.996974 -0.082247
</float_array>
          <technique_common>
            <accessor source="#Plane.002-POSITION-array" count="3232" stride="3">
              <param name="X" type="float"/>
              <param name="Y" type="float"/>
              <param name="Z" type="float"/>
            </accessor>
          </technique_common>
        </source>
        <source id="Plane.002-Normal0">
          <float_array id="Plane.002-Normal0-array" count="38064">
0.167511 -0.003070 0.985865
0.167511 -0.003070 0.985865
0.167511 -0.003070 0.985865
0.167511 -0.003070 0.985865
0.000000 -0.000000 1.000000
0.000000 -0.000000 1.000000
0.000000 -0.000000 1.000000
0.000000 -0.000000 1.000000
0.000000 -0.000000 1.000000
0.000000 -0.000000 1.000000
0.000000 -0.000000 1.000000
0.000000 -0.000000 1.000000
0.000000 -0.000000 1.000000
0.000000 -0.000000 1.000000
0.000000 -0.000000 1.000000
0.000000 -0.000000 1.000000
-0.000000 -0.000000 1.000000
-0.000000 -0.000000 1.000000
-0.000000 -0.000000 1.000000
-0.000000 -0.000000 1.000000
-0.000000 -0.000000 1.000000
-0.000000 -0.000000 1.000000
-0.000000 -0.000000 1.000000
-0.000000 -0.000000 1.000000
-0.055822 -0.000000 0.998441
-0.055822 -0.000000 0.998441
-0.055822 -0.000000 0.998441
-0.055822 -0.000000 0.998441
-0.007648 0.000000 0.999971
-0.007648 0.000000 0.999971
-0.007648 0.000000 0.999971
-0.007648 0.000000 0.999971
-0.026510 -0.000000 -0.999649
-0.026510 -0.000000 -0.999649
-0.026510 -0.000000 -0.999649
-0.026510 -0.000000 -0.999649
-0.136627 -0.000000 -0.990623
-0.136627 -0.000000 -0.990623
-0.136627 -0.000000 -0.990623
-0.136627 -0.000000 -0.990623
-0.248872 0.000000 -0.968536
-0.248872 0.000000 -0.968536
-0.248872 0.000000 -0.968536
-0.248872 0.000000 -0.968536
0.008799 0.000000 -0.999961
0.008799 0.000000 -0.999961
0.008799 0.000000 -0.999961
0.008799 0.000000 -0.999961
0.018309 -0.000000 -0.999832
0.018309 -0.000000 -0.999832
0.018309 -0.000000 -0.999832
0.018309 -0.000000 -0.999832
0.038052 0.000000 -0.999276
0.038052 0.000000 -0.999276
0.038052 0.000000 -0.999276
0.038052 0.000000 -0.999276
-0.000554 0.000000 1.000000
-0.000554 0.000000 1.000000
-0.000554 0.000000 1.000000
-0.000554 0.000000 1.000000
0.987691 -0.000000 0.156417
0.987691 -0.000000 0.156417
0.987691 -0.000000 0.156417
0.987691 -0.000000 0.156417
-0.007614 0.000000 -0.999971
-0.007614 0.000000 -0.999971
-0.007614 0.000000 -0.999971
-0.007614 0.000000 -0.999971
-0.497791 0.000000 -0.867297
-0.497791 0.000000 -0.867297
-0.497791 0.000000 -0.867297
-0.497791 0.000000 -0.867297
-0.776418 0.000000 -0.630219
-0.776418 0.000000 -0.630219
-0.776418 0.000000 -0.630219
-0.776418 0.000000 -0.630219
-0.001400 0.000000 0.999999
-0.001400 0.000000 0.999999
-0.001400 0.000000 0.999999
-0.001400 0.000000 0.999999
-0.064629 -0.000000 0.997909
-0.064629 -0.000000 0.997909
-0.064629 -0.000000 0.997909
-0.064629 -0.000000 0.997909
-0.177205 0.000000 0.984174
-0.177205 0.000000 0.984174
-0.177205 0.000000 0.984174
-0.177205 0.000000 0.984174
-0.203398 0.000000 0.979096
-0.203398 0.000000 0.979096
-0.203398 0.000000 0.979096
-0.203398 0.000000 0.979096
0.562767 -0.000000 -0.826616
0.562767 -0.000000 -0.826616
0.562767 -0.000000 -0.826616
0.562767 -0.000000 -0.826616
-0.974160 -0.000001 0.225860
-0.974160 -0.000001 0.225860
-0.974160 -0.000001 0.225860
-0.974160 -0.000001 0.225860
0.003554 0.000000 0.999994
0.003554 0.000000 0.999994
0.003554 0.000000 0.999994
0.003554 0.000000 0.999994
-0.065327 0.000000 -0.997864
-0.065327 0.000000 -0.997864
-0.065327 0.000000 -0.997864
-0.065327 0.000000 -0.997864
0.109951 -0.000000 -0.993937
0.109951 -0.000000 -0.993937
0.109951 -0.000000 -0.993937
0.109951 -0.000000 -0.993937
-0.017879 0.000000 -0.999840
-0.017879 0.000000 -0.999840
-0.017879 0.000000 -0.999840
-0.017879 0.000000 -0.999840
-0.342558 -0.000000 0.939497
-0.342558 -0.000000 0.939497
-0.342558 -0.000000 0.939497
-0.342558 -0.000000 0.939497
0.183781 0.000000 -0.982967
0.183781 0.000000 -0.982967
0.183781 0.000000 -0.982967
0.183781 0.000000 -0.982967
1.000000 0.000000 0.000000
1.000000 0.000000 0.000000
1.000000 0.000000 0.000000
1.000000 0.000000 0.000000
1.000000 0.000000 0.000000
1.000000 0.000000 0.000000
1.000000 0.000000 0.000000
1.000000 0.000000 0.000000
0.054057 0.000000 -0.998538
0.054057 0.000000 -0.998538
0.054057 0.000000 -0.998538
0.054057 0.000000 -0.998538
-0.142012 0.000000 -0.989865
-0.142012 0.000000 -0.989865
-0.142012 0.000000 -0.989865
-0.142012 0.000000 -0.989865
-0.007634 0.000000 -0.999971
-0.007634 0.000000 -0.999971
-0.007634 0.000000 -0.999971
-0.007634 0.000000 -0.999971
-0.031540 0.000000 0.999503
-0.031540 0.000000 0.999503
-0.031540 0.000000 0.999503
-0.031540 0.000000 0.999503
0.554083 0.000000 0.832461
0.554083 0.000000 0.832461
0.554083 0.000000 0.832461
0.554083 0.000000 0.832461
0.670355 -0.000000 -0.742041
0.670355 -0.000000 -0.742041
0.670355 -0.000000 -0.742041
0.670355 -0.000000 -0.742041
-0.004735 0.000000 0.999989
-0.004735 0.000000 0.999989
-0.004735 0.000000 0.999989
-0.004735 0.000000 0.999989
-0.040162 0.000000 -0.999193
-0.040162 0.000000 -0.999193
-0.040162 0.000000 -0.999193
-0.040162 0.000000 -0.999193
-0.045563 0.000000 -0.998961
-0.045563 0.000000 -0.998961
-0.045563 0.000000 -0.998961
-0.045563 0.000000 -0.998961
-0.008581 -0.000000 0.999963
-0.008581 -0.000000 0.999963
-0.008581 -0.000000 0.999963
-0.008581 -0.000000 0.999963
-0.043177 -0.000000 0.999068
-0.043177 -0.000000 0.999068
-0.043177 -0.000000 0.999068
-0.043177 -0.000000 0.999068
0.020446 0.000000 0.999791
0.020446 0.000000 0.999791
0.020446 0.000000 0.999791
0.020446 0.000000 0.999791
0.000000 0.000000 -1.000000
0.000000 0.000000 -1.000000
0.000000 0.000000 -1.000000
0.000000 0.000000 -1.000000
-0.027782 -0.000000 -0.999614
-0.027782 -0.000000 -0.999614
-0.027782 -0.000000 -0.999614
-0.027782 -0.000000 -0.999614
0.116616 0.000000 0.993177
0.116616 0.000000 0.993177
0.116616 0.000000 0.993177
0.116616 0.000000 0.993177
0.664363 0.747410 0.000001
0.664363 0.747410 0.000001
0.664363 0.747410 0.000001
0.664363 0.747410 0.000001
-0.277839 0.960628 -0.000000
-0.277839 0.960628 -0.000000
-0.277839 0.960628 -0.000000
-0.277839 0.960628 -0.000000
0.992877 -0.119145 -0.000000
0.992877 -0.119145 -0.000000
0.992877 -0.119145 -0.000000
0.992877 -0.119145 -0.000000
0.000000 -1.000000 0.000000
0.000000 -1.000000 0.000000
0.000000 -1.000000 0.000000
0.000000 -1.000000 0.000000
0.998752 -0.049938 -0.000000
0.998752 -0.049938 -0.000000
0.998752 -0.049938 -0.000000
0.998752 -0.049938 -0.000000
-0.847998 -0.529999 0.000000
-0.847998 -0.529999 0.000000
-0.847998 -0.529999 0.000000
-0.847998 -0.529999 0.000000
0.104684 -0.994505 0.000003
0.104684 -0.994505 0.000003
0.104684 -0.994505 0.000003
0.104684 -0.994505 0.000003
0.919145 0.393920 -0.000001
0.919145 0.393920 -0.000001
0.919145 0.393920 -0.000001
0.919145 0.393920 -0.000001
-0.990830 -0.135113 -0.000000
-0.990830 -0.135113 -0.000000
-0.990830 -0.135113 -0.000000
-0.990830 -0.135113 -0.000000
-0.847998 -0.529999 0.000000
-0.847998 -0.529999 0.000000
-0.847998 -0.529999 0.000000
-0.847998 -0.529999 0.000000
-0.616308 0.787505 -0.000003
-0.616308 0.787505 -0.000003
-0.616308 0.787505 -0.000003
-0.616308 0.787505 -0.000003
-0.613941 0.789352 0.000002
-0.613941 0.789352 0.000002
-0.613941 0.789352 0.000002
-0.613941 0.789352 0.000002
0.835417 0.549616 0.000002
0.835417 0.549616 0.000002
0.835417 0.549616 0.000002
0.835417 0.549616 0.000002
-0.540763 -0.841175 -0.000000
-0.540763 -0.841175 -0.000000
-0.540763 -0.841175 -0.000000
-0.540763 -0.841175 -0.000000
-1.000000 -0.000000 0.000000
-1.000000 -0.000000 0.000000
-1.000000 -0.000000 0.000000
-1.000000 -0.000000 0.000000
0.848826 0.528672 -0.000001
0.848826 0.528672 -0.000001
0.848826 0.528672 -0.000001
0.848826 0.528672 -0.000001
0.639092 -0.769130 -0.000000
0.639092 -0.769130 -0.000000
0.639092 -0.769130 -0.000000
0.639092 -0.769130 -0.000000
-0.863780 0.503869 -0.000001
-0.863780 0.503869 -0.000001
-0.863780 0.503869 -0.000001
-0.863780 0.503869 -0.000001
-0.543252 0.839569 0.000000
-0.543252 0.839569 0.000000
-0.543252 0.839569 0.000000
-0.543252 0.839569 0.000000
-0.980581 0.196116 0.000000
-0.980581 0.196116 0.000000
-0.980581 0.196116 0.000000
-0.980581 0.196116 0.000000
0.000000 1.000000 0.000000
0.000000 1.000000 0.000000
0.000000 1.000000 0.000000
0.000000 1.000000 0.000000
0.962651 -0.270746 0.000000
0.962651 -0.270746 0.000000
0.962651 -0.270746 0.000000
0.962651 -0.270746 0.000000
-1.000000 0.000000 0.000000
-1.000000 0.000000 0.000000
-1.000000 0.000000 0.000000
-1.000000 0.000000 0.000000
0.104684 0.994505 0.000002
0.104684 0.994505 0.000002
0.104684 0.994505 0.000002
0.104684 0.994505 0.000002
0.919145 -0.393919 -0.000000
0.919145 -0.393919 -0.000000
0.919145 -0.393919 -0.000000
0.919145 -0.393919 -0.000000
-0.880471 -0.474099 -0.000000
-0.880471 -0.474099 -0.000000
-0.880471 -0.474099 -0.000000
-0.880471 -0.474099 -0.000000
0.888708 0.458473 0.000001
0.888708 0.458473 0.000001
0.888708 0.458473 0.000001
0.888708 0.458473 0.000001
-0.961524 0.274721 -0.000000
-0.961524 0.274721 -0.000000
-0.961524 0.274721 -0.000000
-0.961524 0.274721 -0.000000
0.740719 0.671815 0.000001
0.740719 0.671815 0.000001
0.740719 0.671815 0.000001
0.740719 0.671815 0.000001
-0.393919 0.919145 0.000002
-0.393919 0.919145 0.000002
-0.393919 0.919145 0.000002
-0.393919 0.919145 0.000002
0.841178 0.540758 0.000001
0.841178 0.540758 0.000001
0.841178 0.540758 0.000001
0.841178 0.540758 0.000001
0.287347 0.957827 -0.000000
0.287347 0.957827 -0.000000
0.287347 0.957827 -0.000000
0.287347 0.957827 -0.000000
0.000000 1.000000 -0.000003
0.000000 1.000000 -0.000003
0.000000 1.000000 -0.000003
0.000000 1.000000 -0.000003
-0.707106 -0.707107 0.000000
-0.707106 -0.707107 0.000000
-0.707106 -0.707107 0.000000
-0.707106 -0.707107 0.000000
0.921635 0.388057 0.000000
0.921635 0.388057 0.000000
0.921635 0.388057 0.000000
0.921635 0.388057 0.000000
0.371390 -0.928477 0.000002
0.371390 -0.928477 0.000002
0.371390 -0.928477 0.000002
0.371390 -0.928477 0.000002
-0.728200 0.685364 0.000001
-0.728200 0.685364 0.000001
-0.728200 0.685364 0.000001
-0.728200 0.685364 0.000001
0.966235 -0.257662 -0.000000
0.966235 -0.257662 -0.000000
0.966235 -0.257662 -0.000000
0.966235 -0.257662 -0.000000
-0.954480 -0.298275 0.000000
-0.954480 -0.298275 0.000000
-0.954480 -0.298275 0.000000
-0.954480 -0.298275 0.000000
-0.998752 0.049938 -0.000000
-0.998752 0.049938 -0.000000
-0.998752 0.049938 -0.000000
-0.998752 0.049938 -0.000000
0.996347 -0.085401 -0.000000
0.996347 -0.085401 -0.000000
0.996347 -0.085401 -0.000000
0.996347 -0.085401 -0.000000
0.696145 -0.717901 -0.000001
0.696145 -0.717901 -0.000001
0.696145 -0.717901 -0.000001
0.696145 -0.717901 -0.000001
-0.071247 0.997459 -0.000001
-0.071247 0.997459 -0.000001
-0.071247 0.997459 -0.000001
-0.071247 0.997459 -0.000001
-1.000000 -0.000000 0.000000
-1.000000 -0.000000 0.000000
-1.000000 -0.000000 0.000000
-1.000000 -0.000000 0.000000
-0.868242 0.496140 -0.000001
-0.868242 0.496140 -0.000001
-0.868242 0.496140 -0.000001
-0.868242 0.496140 -0.000001
-0.707107 -0.707107 0.000002
-0.707107 -0.707107 0.000002
-0.707107 -0.707107 0.000002
-0.707107 -0.707107 0.000002
0.996241 -0.086630 0.000000
0.996241 -0.086630 0.000000
0.996241 -0.086630 0.000000
0.996241 -0.086630 0.000000
-0.164398 -0.986394 -0.000001
-0.164398 -0.986394 -0.000001
-0.164398 -0.986394 -0.000001
-0.164398 -0.986394 -0.000001
-0.707107 -0.707106 -0.000000
-0.707107 -0.707106 -0.000000
-0.707107 -0.707106 -0.000000
-0.707107 -0.707106 -0.000000
0.203954 0.978981 -0.000001
0.203954 0.978981 -0.000001
0.203954 0.978981 -0.000001
0.203954 0.978981 -0.000001
0.979260 -0.202606 -0.000000
0.979260 -0.202606 -0.000000
0.979260 -0.202606 -0.000000
0.979260 -0.202606 -0.000000
0.998618 0.052559 -0.000000
0.998618 0.052559 -0.000000
0.998618 0.052559 -0.000000
0.998618 0.052559 -0.000000
-0.378632 0.925547 0.000004
-0.378632 0.925547 0.000004
-0.378632 0.925547 0.000004
-0.378632 0.925547 0.000004
-0.761939 0.647648 0.000001
-0.761939 0.647648 0.000001
-0.761939 0.647648 0.000001
-0.761939 0.647648 0.000001
-0.000000 -0.000000 1.000000
-0.000000 -0.000000 1.000000
-0.000000 -0.000000 1.000000
-0.000000 -0.000000 1.000000
-0.000000 -0.000000 1.000000
-0.000000 -0.000000 1.000000
-0.000000 -0.000000 1.000000
-0.000000 -0.000000 1.000000
-0.000000 -0.000000 1.000000
-0.000000 -0.000000 1.000000
-0.000000 -0.000000 1.000000
-0.000000 -0.000000 1.000000
-0.000000 -0.000000 1.000000
-0.000000 -0.000000 1.000000
-0.000000 -0.000000 1.000000
-0.000000 -0.000000 1.000000
-0.000000 -0.000000 1.000000
-0.000000 -0.000000 1.000000
-0.000000 -0.000000 1.000000
-0.000000 -0.000000 1.000000
-0.000000 -0.000000 1.000000
-0.000000 -0.000000 1.000000
-0.000000 -0.000000 1.000000
-0.000000 -0.000000 1.000000
-0.000000 -0.000000 1.000000
-0.000000 -0.000000 1.000000
-0.000000 -0.000000 1.000000
-0.000000 -0.000000 1.000000
-0.000000 -0.000000 1.000000
-0.000000 -0.000000 1.000000
-0.023991 -0.000000 0.999712
-0.023991 -0.000000 0.999712
-0.023991 -0.000000 0.999712
-0.023991 -0.000000 0.999712
-0.023991 -0.000000 0.999712
-0.023991 -0.000000 0.999712
-0.023991 -0.000000 0.999712
-0.023991 -0.000000 0.999712
-0.000000 -0.000000 1.000000
-0.000000 -0.000000 1.000000
-0.000000 -0.000000 1.000000
-0.000000 -0.000000 1.000000
-0.000000 -0.000000 1.000000
-0.000000 -0.000000 1.000000
-0.000000 -0.000000 1.000000
0.000000 -0.000000 1.000000
0.000000 -0.000000 1.000000
0.000000 -0.000000 1.000000
0.000000 -0.000000 1.000000
0.000000 -0.000000 1.000000
0.000000 -0.000000 1.000000
0.000000 -0.000000 1.000000
0.000000 -0.000000 1.000000
0.000000 -0.000000 1.000000
0.000000 -0.000000 1.000000
0.000000 -0.000000 1.000000
0.000000 -0.000000 1.000000
0.000000 -0.000000 1.000000
0.000000 -0.000000 1.000000
0.000000 -0.000000 1.000000
0.000000 -0.000000 1.000000
0.000000 -0.000000 1.000000
0.000000 -0.000000 1.000000
0.000000 -0.000000 1.000000
0.000000 -0.000000 1.000000
0.000000 -0.000000 1.000000
0.000000 -0.000000 1.000000
0.000000 -0.000000 1.000000
0.000000 -0.000000 1.000000
0.000000 -0.000000 1.000000
-0.000001 -0.000000 1.000000
-0.000001 -0.000000 1.000000
-0.000001 -0.000000 1.000000
-0.000000 -0.000000 1.000000
-0.000000 -0.000000 1.000000
-0.000000 -0.000000 1.000000
-0.000000 -0.000000 1.000000
0.000000 -0.000000 1.000000
0.000000 -0.000000 1.000000
0.000000 -0.000000 1.000000
0.000000 -0.000000 1.000000
0.000000 -0.000000 1.000000
0.000000 -0.000000 1.000000
0.000000 -0.000000 1.000000
0.000000 -0.000000 1.000000
0.000000 -0.000000 1.000000
0.000000 -0.000000 1.000000
0.000000 -0.000000 1.000000
0.000000 -0.000000 1.000000
0.000000 -0.000000 1.000000
0.000000 -0.000000 1.000000
0.000000 -0.000000 1.000000
0.000000 -0.000000 1.000000
0.258532 -0.115509 0.959072
0.258532 -0.115509 0.959072
0.258532 -0.115509 0.959072
0.258532 -0.115509 0.959072
0.000000 -0.000000 1.000000
0.000000 -0.000000 1.000000
0.000000 -0.000000 1.000000
0.000000 -0.000000 1.000000
-0.000000 -0.000000 1.000000
-0.000000 -0.000000 1.000000
-0.000000 -0.000000 1.000000
-0.000000 -0.000000 1.000000
-0.000000 -0.000000 1.000000
-0.000000 -0.000000 1.000000
-0.000000 -0.000000 1.000000
-0.000000 -0.000000 1.000000
-0.000000 -0.000000 1.000000
-0.000000 -0.000000 1.000000
-0.000000 -0.000000 1.000000
-0.000000 -0.000000 1.000000
-0.000000 -0.000000 1.000000
-0.000000 -0.000000 1.000000
-0.000000 -0.000000 1.000000
-0.000000 -0.000000 1.000000
-0.000000 -0.000000 1.000000
-0.000000 -0.000000 1.000000
-0.000000 -0.000000 1.000000
-0.000000 -0.000000 1.000000
-0.000000 -0.000000 1.000000
-0.000000 -0.000000 1.000000
-0.000000 -0.000000 1.000000
-0.000000 -0.000000 1.000000
-0.000000 -0.000000 1.000000
-0.000000 -0.000000 1.000000
-0.000000 -0.000000 1.000000
-0.000000 -0.000000 1.000000
0.000000 -0.000000 1.000000
0.000000 -0.000000 1.000000
0.000000 -0.000000 1.000000
0.000000 -0.000000 1.000000
0.000000 -0.000000 1.000000
0.000000 -0.000000 1.000000
0.000000 -0.000000 1.000000
0.000000 -0.000000 1.000000
0.000000 -0.000000 1.000000
0.000000 -0.000000 1.000000
-0.079745 0.996815 0.000001
-0.079745 0.996815 0.000001
-0.079745 0.996815 0.000001
-0.079745 0.996815 0.000001
0.316227 0.948683 0.000002
0.316227 0.948683 0.000002
0.316227 0.948683 0.000002
0.316227 0.948683 0.000002
0.093922 0.995580 -0.000003
0.093922 0.995580 -0.000003
0.093922 0.995580 -0.000003
0.093922 0.995580 -0.000003
0.797867 -0.602833 -0.000006
0.797867 -0.602833 -0.000006
0.797867 -0.602833 -0.000006
0.797867 -0.602833 -0.000006
-0.079745 -0.996815 -0.000008
-0.079745 -0.996815 -0.000008
-0.079745 -0.996815 -0.000008
-0.079745 -0.996815 -0.000008
-0.338428 -0.940992 0.000003
-0.338428 -0.940992 0.000003
-0.338428 -0.940992 0.000003
-0.338428 -0.940992 0.000003
-0.845489 0.533992 -0.000003
-0.845489 0.533992 -0.000003
-0.845489 0.533992 -0.000003
-0.845489 0.533992 -0.000003
0.274720 -0.961524 -0.000004
0.274720 -0.961524 -0.000004
0.274720 -0.961524 -0.000004
0.274720 -0.961524 -0.000004
-0.825308 0.564684 -0.000001
-0.825308 0.564684 -0.000001
-0.825308 0.564684 -0.000001
-0.825308 0.564684 -0.000001
0.287348 0.957826 -0.000003
0.287348 0.957826 -0.000003
0.287348 0.957826 -0.000003
0.287348 0.957826 -0.000003
0.998868 -0.047565 0.000000
0.998868 -0.047565 0.000000
0.998868 -0.047565 0.000000
0.998868 -0.047565 0.000000
-0.414315 -0.910134 0.000000
-0.414315 -0.910134 0.000000
-0.414315 -0.910134 0.000000
-0.414315 -0.910134 0.000000
-0.443589 -0.896230 0.000002
-0.443589 -0.896230 0.000002
-0.443589 -0.896230 0.000002
-0.443589 -0.896230 0.000002
-0.650791 0.759257 0.000002
-0.650791 0.759257 0.000002
-0.650791 0.759257 0.000002
-0.650791 0.759257 0.000002
0.528302 -0.849057 -0.000001
0.528302 -0.849057 -0.000001
0.528302 -0.849057 -0.000001
0.528302 -0.849057 -0.000001
-0.452231 -0.891901 0.000003
-0.452231 -0.891901 0.000003
-0.452231 -0.891901 0.000003
-0.452231 -0.891901 0.000003
0.349382 0.936980 0.000006
0.349382 0.936980 0.000006
0.349382 0.936980 0.000006
0.349382 0.936980 0.000006
-0.282166 -0.959366 0.000007
-0.282166 -0.959366 0.000007
-0.282166 -0.959366 0.000007
-0.282166 -0.959366 0.000007
0.499722 0.866186 -0.000002
0.499722 0.866186 -0.000002
0.499722 0.866186 -0.000002
0.499722 0.866186 -0.000002
-0.340136 0.940376 0.000003
-0.340136 0.940376 0.000003
-0.340136 0.940376 0.000003
-0.340136 0.940376 0.000003
-0.400818 -0.916157 0.000004
-0.400818 -0.916157 0.000004
-0.400818 -0.916157 0.000004
-0.400818 -0.916157 0.000004
-0.301709 -0.953400 0.000003
-0.301709 -0.953400 0.000003
-0.301709 -0.953400 0.000003
-0.301709 -0.953400 0.000003
0.000000 -0.000000 1.000000
0.000000 -0.000000 1.000000
0.000000 -0.000000 1.000000
0.000000 -0.000000 1.000000
0.000000 -0.000000 1.000000
0.000000 -0.000000 1.000000
0.000000 -0.000000 1.000000
0.000000 -0.000000 1.000000
0.000000 -0.000000 1.000000
0.000000 -0.000000 1.000000
0.000000 -0.000000 1.000000
0.000000 -0.000000 1.000000
0.000000 -0.000000 1.000000
0.000000 -0.000000 1.000000
0.000000 -0.000000 1.000000
0.000000 -0.000000 1.000000
0.000000 -0.000000 1.000000
0.000000 -0.000000 1.000000
0.000000 -0.000000 1.000000
0.000000 -0.000000 1.000000
0.000000 -0.000000 1.000000
0.000000 -0.000000 1.000000
0.000000 -0.000000 1.000000
0.000000 -0.000000 1.000000
0.000000 -0.000000 1.000000
0.000000 -0.000000 1.000000
-0.000000 -0.000000 1.000000
-0.000000 -0.000000 1.000000
-0.000000 -0.000000 1.000000
-0.000000 -0.000000 1.000000
0.000000 -0.000000 1.000000
0.000000 -0.000000 1.000000
0.000000 -0.000000 1.000000
0.000000 -0.000000 1.000000
-0.000000 -0.000000 1.000000
-0.000000 -0.000000 1.000000
-0.000000 -0.000000 1.000000
-0.000000 -0.000000 1.000000
-0.000000 -0.000000 1.000000
-0.000000 -0.000000 1.000000
-0.000000 -0.000000 1.000000
-0.000000 -0.000000 1.000000
-0.000000 -0.000000 1.000000
-0.000000 -0.000000 1.000000
-0.000000 -0.000000 1.000000
-0.000000 -0.000000 1.000000
-0.000000 -0.000000 1.000000
-0.000000 -0.000000 1.000000
-0.000000 -0.000000 1.000000
-0.000000 -0.000000 1.000000
-0.000000 -0.000000 1.000000
-0.000000 -0.000000 1.000000
-0.000000 -0.000000 1.000000
-0.000000 -0.000000 1.000000
-0.000000 -0.000000 1.000000
-0.000000 -0.000000 1.000000
-0.000000 -0.000000 1.000000
-0.000000 -0.000000 1.000000
-0.000000 -0.000000 1.000000
-0.000000 -0.000000 1.000000
-0.000000 -0.000000 1.000000
-0.000000 -0.000000 1.000000
0.000000 -0.000000 1.000000
0.000000 -0.000000 1.000000
0.000000 -0.000000 1.000000
0.000000 -0.000000 1.000000
0.000000 -0.000000 1.000000
0.000000 -0.000000 1.000000
0.000000 -0.000000 1.000000
0.000000 0.000000 1.000000
0.000000 0.000000 1.000000
0.000000 0.000000 1.000000
0.000000 -0.000000 1.000000
0.000000 -0.000000 1.000000
0.000000 -0.000000 1.000000
-0.000000 -0.000000 1.000000
-0.000000 -0.000000 1.000000
-0.000000 -0.000000 1.000000
-0.000000 -0.000000 1.000000
-0.000000 -0.000000 1.000000
-0.000000 -0.000000 1.000000
-0.000000 -0.000000 1.000000
-0.000000 -0.000000 1.000000
-0.000000 -0.000000 1.000000
-0.000000 -0.000000 1.000000
0.000000 -0.000000 1.000000
0.000000 -0.000000 1.000000
0.000000 -0.000000 1.000000
0.000000 -0.000000 1.000000
0.000000 -0.000000 1.000000
0.000000 -0.000000 1.000000
-0.000000 -0.000000 1.000000
-0.000000 -0.000000 1.000000
-0.000000 -0.000000 1.000000
-0.000000 -0.000000 1.000000
-0.000000 -0.000000 1.000000
-0.000000 -0.000000 1.000000
0.000000 -0.000000 1.000000
0.000000 -0.000000 1.000000
0.000000 -0.000000 1.000000
0.000000 -0.000000 1.000000
0.000000 -0.000000 1.000000
0.000000 -0.000000 1.000000
0.629198 -0.777245 -0.000001
0.629198 -0.777245 -0.000001
0.629198 -0.777245 -0.000001
0.629198 -0.777245 -0.000001
-0.667910 0.744242 -0.000001
-0.667910 0.744242 -0.000001
-0.667910 0.744242 -0.000001
-0.667910 0.744242 -0.000001
0.128341 0.991730 0.000001
0.128341 0.991730 0.000001
0.128341 0.991730 0.000001
0.128341 0.991730 0.000001
0.997818 -0.066032 0.000000
0.997818 -0.066032 0.000000
0.997818 -0.066032 0.000000
0.997818 -0.066032 0.000000
0.889288 -0.457348 0.000000
0.889288 -0.457348 0.000000
0.889288 -0.457348 0.000000
0.889288 -0.457348 0.000000
-0.171341 -0.985212 0.000001
-0.171341 -0.985212 0.000001
-0.171341 -0.985212 0.000001
-0.171341 -0.985212 0.000001
0.871576 -0.490261 0.000000
0.871576 -0.490261 0.000000
0.871576 -0.490261 0.000000
0.871576 -0.490261 0.000000
-0.480833 0.876812 0.000000
-0.480833 0.876812 0.000000
-0.480833 0.876812 0.000000
-0.480833 0.876812 0.000000
0.023523 0.999723 -0.000000
0.023523 0.999723 -0.000000
0.023523 0.999723 -0.000000
0.023523 0.999723 -0.000000
-0.745280 -0.662531 0.074895
-0.745280 -0.662531 0.074895
-0.745280 -0.662531 0.074895
-0.745280 -0.662531 0.074895
-0.455876 -0.890043 0.000001
-0.455876 -0.890043 0.000001
-0.455876 -0.890043 0.000001
-0.455876 -0.890043 0.000001
0.962206 -0.272322 0.000000
0.962206 -0.272322 0.000000
0.962206 -0.272322 0.000000
0.962206 -0.272322 0.000000
0.855198 0.518302 0.000000
0.855198 0.518302 0.000000
0.855198 0.518302 0.000000
0.855198 0.518302 0.000000
0.891116 -0.453775 0.000000
0.891116 -0.453775 0.000000
0.891116 -0.453775 0.000000
0.891116 -0.453775 0.000000
0.000000 1.000000 0.000001
0.000000 1.000000 0.000001
0.000000 1.000000 0.000001
0.000000 1.000000 0.000001
0.581238 0.813734 0.000000
0.581238 0.813734 0.000000
0.581238 0.813734 0.000000
0.581238 0.813734 0.000000
0.425797 0.904819 0.000000
0.425797 0.904819 0.000000
0.425797 0.904819 0.000000
0.425797 0.904819 0.000000
0.894427 -0.447214 0.000000
0.894427 -0.447214 0.000000
0.894427 -0.447214 0.000000
0.894427 -0.447214 0.000000
-0.497512 -0.867457 -0.000001
-0.497512 -0.867457 -0.000001
-0.497512 -0.867457 -0.000001
-0.497512 -0.867457 -0.000001
0.464834 -0.885398 -0.000000
0.464834 -0.885398 -0.000000
0.464834 -0.885398 -0.000000
0.464834 -0.885398 -0.000000
-0.547250 0.836969 0.000001
-0.547250 0.836969 0.000001
-0.547250 0.836969 0.000001
-0.547250 0.836969 0.000001
-0.299324 0.953888 0.022448
-0.299324 0.953888 0.022448
-0.299324 0.953888 0.022448
-0.299324 0.953888 0.022448
0.388553 0.921426 0.000001
0.388553 0.921426 0.000001
0.388553 0.921426 0.000001
0.388553 0.921426 0.000001
0.999958 -0.009174 0.000000
0.999958 -0.009174 0.000000
0.999958 -0.009174 0.000000
0.999958 -0.009174 0.000000
-0.508729 -0.860927 -0.000001
-0.508729 -0.860927 -0.000001
-0.508729 -0.860927 -0.000001
-0.508729 -0.860927 -0.000001
-0.149252 -0.988799 -0.000001
-0.149252 -0.988799 -0.000001
-0.149252 -0.988799 -0.000001
-0.149252 -0.988799 -0.000001
0.000000 -0.000000 1.000000
0.000000 -0.000000 1.000000
0.000000 -0.000000 1.000000
0.000000 -0.000000 1.000000
-0.167511 -0.003070 0.985865
-0.167511 -0.003070 0.985865
-0.167511 -0.003070 0.985865
-0.167511 -0.003070 0.985865
-0.000000 -0.000000 1.000000
-0.000000 -0.000000 1.000000
-0.000000 -0.000000 1.000000
-0.000000 -0.000000 1.000000
-0.000000 -0.000000 1.000000
-0.000000 -0.000000 1.000000
-0.000000 -0.000000 1.000000
-0.000000 -0.000000 1.000000
-0.000000 -0.000000 1.000000
-0.000000 -0.000000 1.000000
-0.000000 -0.000000 1.000000
-0.000000 -0.000000 1.000000
0.000000 -0.000000 1.000000
0.000000 -0.000000 1.000000
0.000000 -0.000000 1.000000
0.000000 -0.000000 1.000000
0.000000 -0.000000 1.000000
0.000000 -0.000000 1.000000
0.000000 -0.000000 1.000000
0.000000 -0.000000 1.000000
0.055822 -0.000000 0.998441
0.055822 -0.000000 0.998441
0.055822 -0.000000 0.998441
0.055822 -0.000000 0.998441
0.007648 0.000000 0.999971
0.007648 0.000000 0.999971
0.007648 0.000000 0.999971
0.007648 0.000000 0.999971
0.026510 -0.000000 -0.999649
0.026510 -0.000000 -0.999649
0.026510 -0.000000 -0.999649
0.026510 -0.000000 -0.999649
0.136627 -0.000000 -0.990623
0.136627 -0.000000 -0.990623
0.136627 -0.000000 -0.990623
0.136627 -0.000000 -0.990623
0.248872 0.000000 -0.968536
0.248872 0.000000 -0.968536
0.248872 0.000000 -0.968536
0.248872 0.000000 -0.968536
-0.008799 0.000000 -0.999961
-0.008799 0.000000 -0.999961
-0.008799 0.000000 -0.999961
-0.008799 0.000000 -0.999961
-0.018309 -0.000000 -0.999832
-0.018309 -0.000000 -0.999832
-0.018309 -0.000000 -0.999832
-0.018309 -0.000000 -0.999832
-0.038052 0.000000 -0.999276
-0.038052 0.000000 -0.999276
-0.038052 0.000000 -0.999276
-0.038052 0.000000 -0.999276
0.000554 0.000000 1.000000
0.000554 0.000000 1.000000
0.000554 0.000000 1.000000
0.000554 0.000000 1.000000
-0.987691 -0.000000 0.156417
-0.987691 -0.000000 0.156417
-0.987691 -0.000000 0.156417
-0.987691 -0.000000 0.156417
0.007614 0.000000 -0.999971
0.007614 0.000000 -0.999971
0.007614 0.000000 -0.999971
0.007614 0.000000 -0.999971
0.497791 0.000000 -0.867297
0.497791 0.000000 -0.867297
0.497791 0.000000 -0.867297
0.497791 0.000000 -0.867297
0.776418 0.000000 -0.630219
0.776418 0.000000 -0.630219
0.776418 0.000000 -0.630219
0.776418 0.000000 -0.630219
0.001400 0.000000 0.999999
0.001400 0.000000 0.999999
0.001400 0.000000 0.999999
0.001400 0.000000 0.999999
0.064629 -0.000000 0.997909
0.064629 -0.000000 0.997909
0.064629 -0.000000 0.997909
0.064629 -0.000000 0.997909
0.177205 0.000000 0.984174
0.177205 0.000000 0.984174
0.177205 0.000000 0.984174
0.177205 0.000000 0.984174
0.203398 0.000000 0.979096
0.203398 0.000000 0.979096
0.203398 0.000000 0.979096
0.203398 0.000000 0.979096
-0.562767 -0.000000 -0.826616
-0.562767 -0.000000 -0.826616
-0.562767 -0.000000 -0.826616
-0.562767 -0.000000 -0.826616
0.974160 -0.000001 0.225860
0.974160 -0.000001 0.225860
0.974160 -0.000001 0.225860
0.974160 -0.000001 0.225860
-0.003554 0.000000 0.999994
-0.003554 0.000000 0.999994
-0.003554 0.000000 0.999994
-0.003554 0.000000 0.999994
0.065327 0.000000 -0.997864
0.065327 0.000000 -0.997864
0.065327 0.000000 -0.997864
0.065327 0.000000 -0.997864
-0.109951 -0.000000 -0.993937
-0.109951 -0.000000 -0.993937
-0.109951 -0.000000 -0.993937
-0.109951 -0.000000 -0.993937
0.017879 0.000000 -0.999840
0.017879 0.000000 -0.999840
0.017879 0.000000 -0.999840
0.017879 0.000000 -0.999840
0.342558 -0.000000 0.939497
0.342558 -0.000000 0.939497
0.342558 -0.000000 0.939497
0.342558 -0.000000 0.939497
-0.183781 0.000000 -0.982967
-0.183781 0.000000 -0.982967
-0.183781 0.000000 -0.982967
-0.183781 0.000000 -0.982967
-1.000000 0.000000 0.000000
-1.000000 0.000000 0.000000
-1.000000 0.000000 0.000000
-1.000000 0.000000 0.000000
-1.000000 0.000000 0.000000
-1.000000 0.000000 0.000000
-1.000000 0.000000 0.000000
-1.000000 0.000000 0.000000
-0.054057 0.000000 -0.998538
-0.054057 0.000000 -0.998538
-0.054057 0.000000 -0.998538
-0.054057 0.000000 -0.998538
0.142012 0.000000 -0.989865
0.142012 0.000000 -0.989865
0.142012 0.000000 -0.989865
0.142012 0.000000 -0.989865
0.007634 0.000000 -0.999971
0.007634 0.000000 -0.999971
0.007634 0.000000 -0.999971
0.007634 0.000000 -0.999971
0.031540 0.000000 0.999503
0.031540 0.000000 0.999503
0.031540 0.000000 0.999503
0.031540 0.000000 0.999503
-0.554083 0.000000 0.832461
-0.554083 0.000000 0.832461
-0.554083 0.000000 0.832461
-0.554083 0.000000 0.832461
-0.670355 -0.000000 -0.742041
-0.670355 -0.000000 -0.742041
-0.670355 -0.000000 -0.742041
-0.670355 -0.000000 -0.742041
0.004735 0.000000 0.999989
0.004735 0.000000 0.999989
0.004735 0.000000 0.999989
0.004735 0.000000 0.999989
0.040162 0.000000 -0.999193
0.040162 0.000000 -0.999193
0.040162 0.000000 -0.999193
0.040162 0.000000 -0.999193
0.045563 0.000000 -0.998961
0.045563 0.000000 -0.998961
0.045563 0.000000 -0.998961
0.045563 0.000000 -0.998961
0.008581 -0.000000 0.999963
0.008581 -0.000000 0.999963
0.008581 -0.000000 0.999963
0.008581 -0.000000 0.999963
0.043177 -0.000000 0.999068
0.043177 -0.000000 0.999068
0.043177 -0.000000 0.999068
0.043177 -0.000000 0.999068
-0.020446 0.000000 0.999791
-0.020446 0.000000 0.999791
-0.020446 0.000000 0.999791
-0.020446 0.000000 0.999791
0.000000 0.000000 -1.000000
0.000000 0.000000 -1.000000
0.000000 0.000000 -1.000000
0.000000 0.000000 -1.000000
0.027782 -0.000000 -0.999614
0.027782 -0.000000 -0.999614
0.027782 -0.000000 -0.999614
0.027782 -0.000000 -0.999614
-0.116616 0.000000 0.993177
-0.116616 0.000000 0.993177
-0.116616 0.000000 0.993177
-0.116616 0.000000 0.993177
-0.664363 0.747410 0.000001
-0.664363 0.747410 0.000001
-0.664363 0.747410 0.000001
-0.664363 0.747410 0.000001
0.277839 0.960628 -0.000000
0.277839 0.960628 -0.000000
0.277839 0.960628 -0.000000
0.277839 0.960628 -0.000000
-0.992877 -0.119145 -0.000000
-0.992877 -0.119145 -0.000000
-0.992877 -0.119145 -0.000000
-0.992877 -0.119145 -0.000000
0.000000 -1.000000 0.000000
0.000000 -1.000000 0.000000
0.000000 -1.000000 0.000000
0.000000 -1.000000 0.000000
-0.998752 -0.049938 -0.000000
-0.998752 -0.049938 -0.000000
-0.998752 -0.049938 -0.000000
-0.998752 -0.049938 -0.000000
0.847998 -0.529999 0.000000
0.847998 -0.529999 0.000000
0.847998 -0.529999 0.000000
0.847998 -0.529999 0.000000
-0.104684 -0.994505 0.000003
-0.104684 -0.994505 0.000003
-0.104684 -0.994505 0.000003
-0.104684 -0.994505 0.000003
-0.919145 0.393920 -0.000001
-0.919145 0.393920 -0.000001
-0.919145 0.393920 -0.000001
-0.919145 0.393920 -0.000001
0.990830 -0.135113 -0.000000
0.990830 -0.135113 -0.000000
0.990830 -0.135113 -0.000000
0.990830 -0.135113 -0.000000
0.847998 -0.529999 0.000000
0.847998 -0.529999 0.000000
0.847998 -0.529999 0.000000
0.847998 -0.529999 0.000000
0.616308 0.787505 -0.000003
0.616308 0.787505 -0.000003
0.616308 0.787505 -0.000003
0.616308 0.787505 -0.000003
0.613941 0.789352 0.000002
0.613941 0.789352 0.000002
0.613941 0.789352 0.000002
0.613941 0.789352 0.000002
-0.835417 0.549616 0.000002
-0.835417 0.549616 0.000002
-0.835417 0.549616 0.000002
-0.835417 0.549616 0.000002
0.540763 -0.841175 -0.000000
0.540763 -0.841175 -0.000000
0.540763 -0.841175 -0.000000
0.540763 -0.841175 -0.000000
1.000000 -0.000000 0.000000
1.000000 -0.000000 0.000000
1.000000 -0.000000 0.000000
1.000000 -0.000000 0.000000
-0.848826 0.528672 -0.000001
-0.848826 0.528672 -0.000001
-0.848826 0.528672 -0.000001
-0.848826 0.528672 -0.000001
-0.639092 -0.769130 -0.000000
-0.639092 -0.769130 -0.000000
-0.639092 -0.769130 -0.000000
-0.639092 -0.769130 -0.000000
0.863780 0.503870 -0.000001
0.863780 0.503870 -0.000001
0.863780 0.503870 -0.000001
0.863780 0.503870 -0.000001
0.543252 0.839569 0.000000
0.543252 0.839569 0.000000
0.543252 0.839569 0.000000
0.543252 0.839569 0.000000
0.980581 0.196116 0.000000
0.980581 0.196116 0.000000
0.980581 0.196116 0.000000
0.980581 0.196116 0.000000
0.000000 1.000000 0.000000
0.000000 1.000000 0.000000
0.000000 1.000000 0.000000
0.000000 1.000000 0.000000
-0.962651 -0.270746 0.000000
-0.962651 -0.270746 0.000000
-0.962651 -0.270746 0.000000
-0.962651 -0.270746 0.000000
1.000000 0.000000 0.000000
1.000000 0.000000 0.000000
1.000000 0.000000 0.000000
1.000000 0.000000 0.000000
-0.104684 0.994505 0.000002
-0.104684 0.994505 0.000002
-0.104684 0.994505 0.000002
-0.104684 0.994505 0.000002
-0.919145 -0.393919 -0.000000
-0.919145 -0.393919 -0.000000
-0.919145 -0.393919 -0.000000
-0.919145 -0.393919 -0.000000
0.880471 -0.474099 -0.000000
0.880471 -0.474099 -0.000000
0.880471 -0.474099 -0.000000
0.880471 -0.474099 -0.000000
-0.888708 0.458473 0.000001
-0.888708 0.458473 0.000001
-0.888708 0.458473 0.000001
-0.888708 0.458473 0.000001
0.961524 0.274721 -0.000000
0.961524 0.274721 -0.000000
0.961524 0.274721 -0.000000
0.961524 0.274721 -0.000000
-0.740719 0.671815 0.000001
-0.740719 0.671815 0.000001
-0.740719 0.671815 0.000001
-0.740719 0.671815 0.000001
0.393919 0.919145 0.000002
0.393919 0.919145 0.000002
0.393919 0.919145 0.000002
0.393919 0.919145 0.000002
-0.841178 0.540758 0.000001
-0.841178 0.540758 0.000001
-0.841178 0.540758 0.000001
-0.841178 0.540758 0.000001
-0.287347 0.957827 -0.000000
-0.287347 0.957827 -0.000000
-0.287347 0.957827 -0.000000
-0.287347 0.957827 -0.000000
0.000000 1.000000 -0.000003
0.000000 1.000000 -0.000003
0.000000 1.000000 -0.000003
0.000000 1.000000 -0.000003
0.707106 -0.707107 0.000000
0.707106 -0.707107 0.000000
0.707106 -0.707107 0.000000
0.707106 -0.707107 0.000000
-0.921635 0.388057 0.000000
-0.921635 0.388057 0.000000
-0.921635 0.388057 0.000000
-0.921635 0.388057 0.000000
-0.371390 -0.928477 0.000002
-0.371390 -0.928477 0.000002
-0.371390 -0.928477 0.000002
-0.371390 -0.928477 0.000002
0.728200 0.685364 0.000001
0.728200 0.685364 0.000001
0.728200 0.685364 0.000001
0.728200 0.685364 0.000001
-0.966235 -0.257663 -0.000000
-0.966235 -0.257663 -0.000000
-0.966235 -0.257663 -0.000000
-0.966235 -0.257663 -0.000000
0.954480 -0.298275 0.000000
0.954480 -0.298275 0.000000
0.954480 -0.298275 0.000000
0.954480 -0.298275 0.000000
0.998752 0.049938 -0.000000
0.998752 0.049938 -0.000000
0.998752 0.049938 -0.000000
0.998752 0.049938 -0.000000
-0.996347 -0.085401 -0.000000
-0.996347 -0.085401 -0.000000
-0.996347 -0.085401 -0.000000
-0.996347 -0.085401 -0.000000
-0.696145 -0.717901 -0.000001
-0.696145 -0.717901 -0.000001
-0.696145 -0.717901 -0.000001
-0.696145 -0.717901 -0.000001
0.071247 0.997459 -0.000001
0.071247 0.997459 -0.000001
0.071247 0.997459 -0.000001
0.071247 0.997459 -0.000001
1.000000 -0.000000 0.000000
1.000000 -0.000000 0.000000
1.000000 -0.000000 0.000000
1.000000 -0.000000 0.000000
0.868243 0.496140 -0.000001
0.868243 0.496140 -0.000001
0.868243 0.496140 -0.000001
0.868243 0.496140 -0.000001
0.707107 -0.707107 0.000002
0.707107 -0.707107 0.000002
0.707107 -0.707107 0.000002
0.707107 -0.707107 0.000002
-0.996241 -0.086630 0.000000
-0.996241 -0.086630 0.000000
-0.996241 -0.086630 0.000000
-0.996241 -0.086630 0.000000
0.164398 -0.986394 -0.000001
0.164398 -0.986394 -0.000001
0.164398 -0.986394 -0.000001
0.164398 -0.986394 -0.000001
0.707107 -0.707106 -0.000000
0.707107 -0.707106 -0.000000
0.707107 -0.707106 -0.000000
0.707107 -0.707106 -0.000000
-0.203954 0.978981 -0.000001
-0.203954 0.978981 -0.000001
-0.203954 0.978981 -0.000001
-0.203954 0.978981 -0.000001
-0.979261 -0.202605 -0.000000
-0.979261 -0.202605 -0.000000
-0.979261 -0.202605 -0.000000
-0.979261 -0.202605 -0.000000
-0.998618 0.052559 -0.000000
-0.998618 0.052559 -0.000000
-0.998618 0.052559 -0.000000
-0.998618 0.052559 -0.000000
0.378632 0.925547 0.000004
0.378632 0.925547 0.000004
0.378632 0.925547 0.000004
0.378632 0.925547 0.000004
0.761939 0.647648 0.000001
0.761939 0.647648 0.000001
0.761939 0.647648 0.000001
0.761939 0.647648 0.000001
0.000000 -0.000000 1.000000
0.000000 -0.000000 1.000000
0.000000 -0.000000 1.000000
0.000000 -0.000000 1.000000
0.000000 -0.000000 1.000000
0.000000 -0.000000 1.000000
0.000000 -0.000000 1.000000
0.000000 -0.000000 1.000000
0.000000 -0.000000 1.000000
0.000000 -0.000000 1.000000
0.000000 -0.000000 1.000000
0.000000 -0.000000 1.000000
0.000000 -0.000000 1.000000
0.000000 -0.000000 1.000000
0.000000 -0.000000 1.000000
0.000000 -0.000000 1.000000
0.000000 -0.000000 1.000000
0.000000 -0.000000 1.000000
0.000000 -0.000000 1.000000
0.000000 -0.000000 1.000000
0.000000 -0.000000 1.000000
0.000000 -0.000000 1.000000
0.000000 -0.000000 1.000000
0.000000 -0.000000 1.000000
0.000000 -0.000000 1.000000
0.000000 -0.000000 1.000000
0.000000 -0.000000 1.000000
0.000000 -0.000000 1.000000
0.000000 -0.000000 1.000000
0.000000 -0.000000 1.000000
0.023991 -0.000000 0.999712
0.023991 -0.000000 0.999712
0.023991 -0.000000 0.999712
0.023991 -0.000000 0.999712
0.023991 -0.000000 0.999712
0.023991 -0.000000 0.999712
0.023991 -0.000000 0.999712
0.023991 -0.000000 0.999712
0.000000 -0.000000 1.000000
0.000000 -0.000000 1.000000
0.000000 -0.000000 1.000000
0.000000 -0.000000 1.000000
0.000000 -0.000000 1.000000
0.000000 -0.000000 1.000000
0.000000 -0.000000 1.000000
0.000000 -0.000000 1.000000
0.000000 -0.000000 1.000000
0.000000 -0.000000 1.000000
0.000000 -0.000000 1.000000
0.000000 -0.000000 1.000000
-0.000000 -0.000000 1.000000
-0.000000 -0.000000 1.000000
-0.000000 -0.000000 1.000000
-0.000000 -0.000000 1.000000
-0.000000 -0.000000 1.000000
-0.000000 -0.000000 1.000000
-0.000000 -0.000000 1.000000
-0.000000 -0.000000 1.000000
-0.000000 -0.000000 1.000000
-0.000000 -0.000000 1.000000
-0.000000 -0.000000 1.000000
-0.000000 -0.000000 1.000000
-0.000000 -0.000000 1.000000
-0.000000 -0.000000 1.000000
-0.000000 -0.000000 1.000000
-0.000000 -0.000000 1.000000
-0.000000 -0.000000 1.000000
-0.000000 -0.000000 1.000000
-0.000000 -0.000000 1.000000
-0.000000 -0.000000 1.000000
0.000000 -0.000000 1.000000
0.000000 -0.000000 1.000000
0.000000 -0.000000 1.000000
0.000000 -0.000000 1.000000
0.000000 -0.000000 1.000000
0.000000 -0.000000 1.000000
0.000000 -0.000000 1.000000
0.000000 -0.000000 1.000000
0.000000 -0.000000 1.000000
0.000000 -0.000000 1.000000
0.000000 -0.000000 1.000000
0.000000 -0.000000 1.000000
0.000000 -0.000000 1.000000
-0.000000 -0.000000 1.000000
-0.000000 -0.000000 1.000000
-0.000000 -0.000000 1.000000
-0.000000 -0.000000 1.000000
-0.000000 -0.000000 1.000000
-0.000000 -0.000000 1.000000
-0.000000 -0.000000 1.000000
-0.000000 -0.000000 1.000000
-0.000000 -0.000000 1.000000
-0.000000 -0.000000 1.000000
-0.258532 -0.115509 0.959072
-0.258532 -0.115509 0.959072
-0.258532 -0.115509 0.959072
-0.258532 -0.115509 0.959072
-0.000000 -0.000000 1.000000
-0.000000 -0.000000 1.000000
-0.000000 -0.000000 1.000000
-0.000000 -0.000000 1.000000
0.000000 -0.000000 1.000000
0.000000 -0.000000 1.000000
0.000000 -0.000000 1.000000
0.000000 -0.000000 1.000000
0.000000 -0.000000 1.000000
0.000000 -0.000000 1.000000
0.000000 -0.000000 1.000000
0.000000 -0.000000 1.000000
0.000000 -0.000000 1.000000
0.000000 -0.000000 1.000000
0.000000 -0.000000 1.000000
0.000000 -0.000000 1.000000
0.000000 -0.000000 1.000000
0.000000 -0.000000 1.000000
0.000000 -0.000000 1.000000
0.000000 -0.000000 1.000000
0.000000 -0.000000 1.000000
0.000000 -0.000000 1.000000
0.000000 -0.000000 1.000000
0.000000 -0.000000 1.000000
0.000000 -0.000000 1.000000
0.000000 -0.000000 1.000000
0.000000 -0.000000 1.000000
0.000000 -0.000000 1.000000
0.000000 -0.000000 1.000000
0.000000 -0.000000 1.000000
0.000000 -0.000000 1.000000
0.000000 -0.000000 1.000000
-0.000000 -0.000000 1.000000
-0.000000 -0.000000 1.000000
-0.000000 -0.000000 1.000000
-0.000000 -0.000000 1.000000
-0.000000 -0.000000 1.000000
-0.000000 -0.000000 1.000000
-0.000000 -0.000000 1.000000
-0.000000 -0.000000 1.000000
-0.000000 -0.000000 1.000000
-0.000000 -0.000000 1.000000
0.079745 0.996815 0.000001
0.079745 0.996815 0.000001
0.079745 0.996815 0.000001
0.079745 0.996815 0.000001
-0.316227 0.948683 0.000002
-0.316227 0.948683 0.000002
-0.316227 0.948683 0.000002
-0.316227 0.948683 0.000002
-0.093922 0.995580 -0.000003
-0.093922 0.995580 -0.000003
-0.093922 0.995580 -0.000003
-0.093922 0.995580 -0.000003
-0.797867 -0.602833 -0.000006
-0.797867 -0.602833 -0.000006
-0.797867 -0.602833 -0.000006
-0.797867 -0.602833 -0.000006
0.079745 -0.996815 -0.000008
0.079745 -0.996815 -0.000008
0.079745 -0.996815 -0.000008
0.079745 -0.996815 -0.000008
0.338428 -0.940992 0.000003
0.338428 -0.940992 0.000003
0.338428 -0.940992 0.000003
0.338428 -0.940992 0.000003
0.845489 0.533992 -0.000003
0.845489 0.533992 -0.000003
0.845489 0.533992 -0.000003
0.845489 0.533992 -0.000003
-0.274720 -0.961524 -0.000004
-0.274720 -0.961524 -0.000004
-0.274720 -0.961524 -0.000004
-0.274720 -0.961524 -0.000004
0.825308 0.564683 -0.000001
0.825308 0.564683 -0.000001
0.825308 0.564683 -0.000001
0.825308 0.564683 -0.000001
-0.287348 0.957826 -0.000003
-0.287348 0.957826 -0.000003
-0.287348 0.957826 -0.000003
-0.287348 0.957826 -0.000003
-0.998868 -0.047565 0.000000
-0.998868 -0.047565 0.000000
-0.998868 -0.047565 0.000000
-0.998868 -0.047565 0.000000
0.414315 -0.910133 0.000000
0.414315 -0.910133 0.000000
0.414315 -0.910133 0.000000
0.414315 -0.910133 0.000000
0.443589 -0.896230 0.000002
0.443589 -0.896230 0.000002
0.443589 -0.896230 0.000002
0.443589 -0.896230 0.000002
0.650791 0.759257 0.000002
0.650791 0.759257 0.000002
0.650791 0.759257 0.000002
0.650791 0.759257 0.000002
-0.528302 -0.849057 -0.000001
-0.528302 -0.849057 -0.000001
-0.528302 -0.849057 -0.000001
-0.528302 -0.849057 -0.000001
0.452231 -0.891901 0.000003
0.452231 -0.891901 0.000003
0.452231 -0.891901 0.000003
0.452231 -0.891901 0.000003
-0.349382 0.936980 0.000006
-0.349382 0.936980 0.000006
-0.349382 0.936980 0.000006
-0.349382 0.936980 0.000006
0.282166 -0.959366 0.000007
0.282166 -0.959366 0.000007
0.282166 -0.959366 0.000007
0.282166 -0.959366 0.000007
-0.499722 0.866186 -0.000002
-0.499722 0.866186 -0.000002
-0.499722 0.866186 -0.000002
-0.499722 0.866186 -0.000002
0.340136 0.940376 0.000003
0.340136 0.940376 0.000003
0.340136 0.940376 0.000003
0.340136 0.940376 0.000003
0.400818 -0.916158 0.000004
0.400818 -0.916158 0.000004
0.400818 -0.916158 0.000004
0.400818 -0.916158 0.000004
0.301709 -0.953400 0.000003
0.301709 -0.953400 0.000003
0.301709 -0.953400 0.000003
0.301709 -0.953400 0.000003
-0.000000 -0.000000 1.000000
-0.000000 -0.000000 1.000000
-0.000000 -0.000000 1.000000
-0.000000 -0.000000 1.000000
-0.000000 -0.000000 1.000000
-0.000000 -0.000000 1.000000
-0.000000 -0.000000 1.000000
-0.000000 -0.000000 1.000000
-0.000000 -0.000000 1.000000
-0.000000 -0.000000 1.000000
-0.000000 -0.000000 1.000000
-0.000000 -0.000000 1.000000
-0.000000 -0.000000 1.000000
-0.000000 -0.000000 1.000000
-0.000000 -0.000000 1.000000
-0.000000 -0.000000 1.000000
-0.000000 -0.000000 1.000000
-0.000000 -0.000000 1.000000
-0.000000 -0.000000 1.000000
-0.000000 -0.000000 1.000000
-0.000000 -0.000000 1.000000
-0.000000 -0.000000 1.000000
-0.000000 -0.000000 1.000000
-0.000000 -0.000000 1.000000
-0.000000 -0.000000 1.000000
-0.000000 -0.000000 1.000000
-0.000000 -0.000000 1.000000
-0.000000 -0.000000 1.000000
-0.000000 -0.000000 1.000000
-0.000000 -0.000000 1.000000
-0.000000 -0.000000 1.000000
-0.000000 -0.000000 1.000000
-0.000000 -0.000000 1.000000
-0.000000 -0.000000 1.000000
0.000000 -0.000000 1.000000
0.000000 -0.000000 1.000000
0.000000 -0.000000 1.000000
0.000000 -0.000000 1.000000
0.000000 -0.000000 1.000000
0.000000 -0.000000 1.000000
0.000000 -0.000000 1.000000
0.000000 -0.000000 1.000000
0.000000 -0.000000 1.000000
0.000000 -0.000000 1.000000
0.000000 -0.000000 1.000000
0.000000 -0.000000 1.000000
0.000000 -0.000000 1.000000
0.000000 -0.000000 1.000000
0.000000 -0.000000 1.000000
0.000000 -0.000000 1.000000
0.000000 -0.000000 1.000000
0.000000 -0.000000 1.000000
0.000000 -0.000000 1.000000
0.000000 -0.000000 1.000000
0.000000 -0.000000 1.000000
0.000000 -0.000000 1.000000
0.000000 -0.000000 1.000000
0.000000 -0.000000 1.000000
0.000000 -0.000000 1.000000
0.000000 -0.000000 1.000000
0.000000 -0.000000 1.000000
0.000000 -0.000000 1.000000
-0.000000 -0.000000 1.000000
-0.000000 -0.000000 1.000000
-0.000000 -0.000000 1.000000
-0.000000 -0.000000 1.000000
-0.000000 -0.000000 1.000000
-0.000000 -0.000000 1.000000
-0.000000 -0.000000 1.000000
0.000000 0.000000 1.000000
0.000000 0.000000 1.000000
0.000000 0.000000 1.000000
-0.000000 -0.000000 1.000000
-0.000000 -0.000000 1.000000
-0.000000 -0.000000 1.000000
0.000000 -0.000000 1.000000
0.000000 -0.000000 1.000000
0.000000 -0.000000 1.000000
0.000000 -0.000000 1.000000
0.000000 -0.000000 1.000000
0.000000 -0.000000 1.000000
0.000000 -0.000000 1.000000
0.000000 -0.000000 1.000000
0.000000 -0.000000 1.000000
0.000000 -0.000000 1.000000
-0.000000 -0.000000 1.000000
-0.000000 -0.000000 1.000000
-0.000000 -0.000000 1.000000
-0.000000 -0.000000 1.000000
-0.000000 -0.000000 1.000000
-0.000000 -0.000000 1.000000
0.000000 -0.000000 1.000000
0.000000 -0.000000 1.000000
0.000000 -0.000000 1.000000
0.000000 -0.000000 1.000000
0.000000 -0.000000 1.000000
0.000000 -0.000000 1.000000
-0.000000 -0.000000 1.000000
-0.000000 -0.000000 1.000000
-0.000000 -0.000000 1.000000
-0.000000 -0.000000 1.000000
-0.000000 -0.000000 1.000000
-0.000000 -0.000000 1.000000
-0.629198 -0.777245 -0.000001
-0.629198 -0.777245 -0.000001
-0.629198 -0.777245 -0.000001
-0.629198 -0.777245 -0.000001
0.667910 0.744242 -0.000001
0.667910 0.744242 -0.000001
0.667910 0.744242 -0.000001
0.667910 0.744242 -0.000001
-0.128341 0.991730 0.000001
-0.128341 0.991730 0.000001
-0.128341 0.991730 0.000001
-0.128341 0.991730 0.000001
-0.997818 -0.066032 0.000000
-0.997818 -0.066032 0.000000
-0.997818 -0.066032 0.000000
-0.997818 -0.066032 0.000000
-0.889288 -0.457348 0.000000
-0.889288 -0.457348 0.000000
-0.889288 -0.457348 0.000000
-0.889288 -0.457348 0.000000
0.171341 -0.985212 0.000001
0.171341 -0.985212 0.000001
0.171341 -0.985212 0.000001
0.171341 -0.985212 0.000001
-0.871576 -0.490261 0.000000
-0.871576 -0.490261 0.000000
-0.871576 -0.490261 0.000000
-0.871576 -0.490261 0.000000
0.480833 0.876812 0.000000
0.480833 0.876812 0.000000
0.480833 0.876812 0.000000
0.480833 0.876812 0.000000
-0.023523 0.999723 -0.000000
-0.023523 0.999723 -0.000000
-0.023523 0.999723 -0.000000
-0.023523 0.999723 -0.000000
0.745280 -0.662531 0.074896
0.745280 -0.662531 0.074896
0.745280 -0.662531 0.074896
0.745280 -0.662531 0.074896
0.455876 -0.890043 0.000001
0.455876 -0.890043 0.000001
0.455876 -0.890043 0.000001
0.455876 -0.890043 0.000001
-0.962206 -0.272322 0.000000
-0.962206 -0.272322 0.000000
-0.962206 -0.272322 0.000000
-0.962206 -0.272322 0.000000
-0.855198 0.518302 0.000000
-0.855198 0.518302 0.000000
-0.855198 0.518302 0.000000
-0.855198 0.518302 0.000000
-0.891116 -0.453775 0.000000
-0.891116 -0.453775 0.000000
-0.891116 -0.453775 0.000000
-0.891116 -0.453775 0.000000
0.000000 1.000000 0.000001
0.000000 1.000000 0.000001
0.000000 1.000000 0.000001
0.000000 1.000000 0.000001
-0.581238 0.813734 0.000000
-0.581238 0.813734 0.000000
-0.581238 0.813734 0.000000
-0.581238 0.813734 0.000000
-0.425797 0.904819 0.000000
-0.425797 0.904819 0.000000
-0.425797 0.904819 0.000000
-0.425797 0.904819 0.000000
-0.894427 -0.447214 0.000000
-0.894427 -0.447214 0.000000
-0.894427 -0.447214 0.000000
-0.894427 -0.447214 0.000000
0.497512 -0.867457 -0.000001
0.497512 -0.867457 -0.000001
0.497512 -0.867457 -0.000001
0.497512 -0.867457 -0.000001
-0.464834 -0.885398 -0.000000
-0.464834 -0.885398 -0.000000
-0.464834 -0.885398 -0.000000
-0.464834 -0.885398 -0.000000
0.547250 0.836969 0.000001
0.547250 0.836969 0.000001
0.547250 0.836969 0.000001
0.547250 0.836969 0.000001
0.299324 0.953888 0.022448
0.299324 0.953888 0.022448
0.299324 0.953888 0.022448
0.299324 0.953888 0.022448
-0.388553 0.921426 0.000001
-0.388553 0.921426 0.000001
-0.388553 0.921426 0.000001
-0.388553 0.921426 0.000001
-0.999958 -0.009174 0.000000
-0.999958 -0.009174 0.000000
-0.999958 -0.009174 0.000000
-0.999958 -0.009174 0.000000
0.508729 -0.860927 -0.000001
0.508729 -0.860927 -0.000001
0.508729 -0.860927 -0.000001
0.508729 -0.860927 -0.000001
0.149252 -0.988799 -0.000001
0.149252 -0.988799 -0.000001
0.149252 -0.988799 -0.000001
0.149252 -0.988799 -0.000001
-0.000000 -0.000000 1.000000
-0.000000 -0.000000 1.000000
-0.000000 -0.000000 1.000000
-0.000000 -0.000000 1.000000
0.167511 -0.003070 -0.985865
0.167511 -0.003070 -0.985865
0.167511 -0.003070 -0.985865
0.167511 -0.003070 -0.985865
0.000000 -0.000000 -1.000000
0.000000 -0.000000 -1.000000
0.000000 -0.000000 -1.000000
0.000000 -0.000000 -1.000000
0.000000 -0.000000 -1.000000
0.000000 -0.000000 -1.000000
0.000000 -0.000000 -1.000000
0.000000 -0.000000 -1.000000
0.000000 -0.000000 -1.000000
0.000000 -0.000000 -1.000000
0.000000 -0.000000 -1.000000
0.000000 -0.000000 -1.000000
-0.000000 -0.000000 -1.000000
-0.000000 -0.000000 -1.000000
-0.000000 -0.000000 -1.000000
-0.000000 -0.000000 -1.000000
-0.000000 -0.000000 -1.000000
-0.000000 -0.000000 -1.000000
-0.000000 -0.000000 -1.000000
-0.000000 -0.000000 -1.000000
-0.055822 -0.000000 -0.998441
-0.055822 -0.000000 -0.998441
-0.055822 -0.000000 -0.998441
-0.055822 -0.000000 -0.998441
-0.007648 0.000000 -0.999971
-0.007648 0.000000 -0.999971
-0.007648 0.000000 -0.999971
-0.007648 0.000000 -0.999971
-0.026510 -0.000000 0.999649
-0.026510 -0.000000 0.999649
-0.026510 -0.000000 0.999649
-0.026510 -0.000000 0.999649
-0.136627 -0.000000 0.990623
-0.136627 -0.000000 0.990623
-0.136627 -0.000000 0.990623
-0.136627 -0.000000 0.990623
-0.248872 0.000000 0.968536
-0.248872 0.000000 0.968536
-0.248872 0.000000 0.968536
-0.248872 0.000000 0.968536
0.008799 0.000000 0.999961
0.008799 0.000000 0.999961
0.008799 0.000000 0.999961
0.008799 0.000000 0.999961
0.018309 -0.000000 0.999832
0.018309 -0.000000 0.999832
0.018309 -0.000000 0.999832
0.018309 -0.000000 0.999832
0.038052 0.000000 0.999276
0.038052 0.000000 0.999276
0.038052 0.000000 0.999276
0.038052 0.000000 0.999276
-0.000554 0.000000 -1.000000
-0.000554 0.000000 -1.000000
-0.000554 0.000000 -1.000000
-0.000554 0.000000 -1.000000
0.987691 -0.000000 -0.156417
0.987691 -0.000000 -0.156417
0.987691 -0.000000 -0.156417
0.987691 -0.000000 -0.156417
-0.007614 0.000000 0.999971
-0.007614 0.000000 0.999971
-0.007614 0.000000 0.999971
-0.007614 0.000000 0.999971
-0.497791 0.000000 0.867297
-0.497791 0.000000 0.867297
-0.497791 0.000000 0.867297
-0.497791 0.000000 0.867297
-0.776418 0.000000 0.630219
-0.776418 0.000000 0.630219
-0.776418 0.000000 0.630219
-0.776418 0.000000 0.630219
-0.001400 0.000000 -0.999999
-0.001400 0.000000 -0.999999
-0.001400 0.000000 -0.999999
-0.001400 0.000000 -0.999999
-0.064629 -0.000000 -0.997909
-0.064629 -0.000000 -0.997909
-0.064629 -0.000000 -0.997909
-0.064629 -0.000000 -0.997909
-0.177205 0.000000 -0.984174
-0.177205 0.000000 -0.984174
-0.177205 0.000000 -0.984174
-0.177205 0.000000 -0.984174
-0.203398 0.000000 -0.979096
-0.203398 0.000000 -0.979096
-0.203398 0.000000 -0.979096
-0.203398 0.000000 -0.979096
0.562767 -0.000000 0.826616
0.562767 -0.000000 0.826616
0.562767 -0.000000 0.826616
0.562767 -0.000000 0.826616
-0.974160 -0.000001 -0.225860
-0.974160 -0.000001 -0.225860
-0.974160 -0.000001 -0.225860
-0.974160 -0.000001 -0.225860
0.003554 0.000000 -0.999994
0.003554 0.000000 -0.999994
0.003554 0.000000 -0.999994
0.003554 0.000000 -0.999994
-0.065327 0.000000 0.997864
-0.065327 0.000000 0.997864
-0.065327 0.000000 0.997864
-0.065327 0.000000 0.997864
0.109951 -0.000000 0.993937
0.109951 -0.000000 0.993937
0.109951 -0.000000 0.993937
0.109951 -0.000000 0.993937
-0.017879 0.000000 0.999840
-0.017879 0.000000 0.999840
-0.017879 0.000000 0.999840
-0.017879 0.000000 0.999840
-0.342558 -0.000000 -0.939497
-0.342558 -0.000000 -0.939497
-0.342558 -0.000000 -0.939497
-0.342558 -0.000000 -0.939497
0.183781 0.000000 0.982967
0.183781 0.000000 0.982967
0.183781 0.000000 0.982967
0.183781 0.000000 0.982967
1.000000 0.000000 0.000000
1.000000 0.000000 0.000000
1.000000 0.000000 0.000000
1.000000 0.000000 0.000000
1.000000 0.000000 0.000000
1.000000 0.000000 0.000000
1.000000 0.000000 0.000000
1.000000 0.000000 0.000000
0.054057 0.000000 0.998538
0.054057 0.000000 0.998538
0.054057 0.000000 0.998538
0.054057 0.000000 0.998538
-0.142012 0.000000 0.989865
-0.142012 0.000000 0.989865
-0.142012 0.000000 0.989865
-0.142012 0.000000 0.989865
-0.007634 0.000000 0.999971
-0.007634 0.000000 0.999971
-0.007634 0.000000 0.999971
-0.007634 0.000000 0.999971
-0.031540 0.000000 -0.999503
-0.031540 0.000000 -0.999503
-0.031540 0.000000 -0.999503
-0.031540 0.000000 -0.999503
0.554083 0.000000 -0.832461
0.554083 0.000000 -0.832461
0.554083 0.000000 -0.832461
0.554083 0.000000 -0.832461
0.670355 -0.000000 0.742041
0.670355 -0.000000 0.742041
0.670355 -0.000000 0.742041
0.670355 -0.000000 0.742041
-0.004735 0.000000 -0.999989
-0.004735 0.000000 -0.999989
-0.004735 0.000000 -0.999989
-0.004735 0.000000 -0.999989
-0.040162 0.000000 0.999193
-0.040162 0.000000 0.999193
-0.040162 0.000000 0.999193
-0.040162 0.000000 0.999193
-0.045563 0.000000 0.998961
-0.045563 0.000000 0.998961
-0.045563 0.000000 0.998961
-0.045563 0.000000 0.998961
-0.008581 -0.000000 -0.999963
-0.008581 -0.000000 -0.999963
-0.008581 -0.000000 -0.999963
-0.008581 -0.000000 -0.999963
-0.043177 -0.000000 -0.999068
-0.043177 -0.000000 -0.999068
-0.043177 -0.000000 -0.999068
-0.043177 -0.000000 -0.999068
0.020446 0.000000 -0.999791
0.020446 0.000000 -0.999791
0.020446 0.000000 -0.999791
0.020446 0.000000 -0.999791
0.000000 0.000000 1.000000
0.000000 0.000000 1.000000
0.000000 0.000000 1.000000
0.000000 0.000000 1.000000
-0.027782 -0.000000 0.999614
-0.027782 -0.000000 0.999614
-0.027782 -0.000000 0.999614
-0.027782 -0.000000 0.999614
0.116616 0.000000 -0.993177
0.116616 0.000000 -0.993177
0.116616 0.000000 -0.993177
0.116616 0.000000 -0.993177
0.664363 0.747410 -0.000001
0.664363 0.747410 -0.000001
0.664363 0.747410 -0.000001
0.664363 0.747410 -0.000001
-0.277839 0.960628 0.000000
-0.277839 0.960628 0.000000
-0.277839 0.960628 0.000000
-0.277839 0.960628 0.000000
0.992877 -0.119145 0.000000
0.992877 -0.119145 0.000000
0.992877 -0.119145 0.000000
0.992877 -0.119145 0.000000
0.000000 -1.000000 0.000000
0.000000 -1.000000 0.000000
0.000000 -1.000000 0.000000
0.000000 -1.000000 0.000000
0.998752 -0.049938 0.000000
0.998752 -0.049938 0.000000
0.998752 -0.049938 0.000000
0.998752 -0.049938 0.000000
-0.847998 -0.529999 -0.000000
-0.847998 -0.529999 -0.000000
-0.847998 -0.529999 -0.000000
-0.847998 -0.529999 -0.000000
0.104684 -0.994505 -0.000003
0.104684 -0.994505 -0.000003
0.104684 -0.994505 -0.000003
0.104684 -0.994505 -0.000003
0.919145 0.393920 0.000001
0.919145 0.393920 0.000001
0.919145 0.393920 0.000001
0.919145 0.393920 0.000001
-0.990830 -0.135113 0.000000
-0.990830 -0.135113 0.000000
-0.990830 -0.135113 0.000000
-0.990830 -0.135113 0.000000
-0.847998 -0.529999 -0.000000
-0.847998 -0.529999 -0.000000
-0.847998 -0.529999 -0.000000
-0.847998 -0.529999 -0.000000
-0.616308 0.787505 0.000003
-0.616308 0.787505 0.000003
-0.616308 0.787505 0.000003
-0.616308 0.787505 0.000003
-0.613941 0.789352 -0.000002
-0.613941 0.789352 -0.000002
-0.613941 0.789352 -0.000002
-0.613941 0.789352 -0.000002
0.835417 0.549616 -0.000002
0.835417 0.549616 -0.000002
0.835417 0.549616 -0.000002
0.835417 0.549616 -0.000002
-0.540763 -0.841175 0.000000
-0.540763 -0.841175 0.000000
-0.540763 -0.841175 0.000000
-0.540763 -0.841175 0.000000
-1.000000 -0.000000 0.000000
-1.000000 -0.000000 0.000000
-1.000000 -0.000000 0.000000
-1.000000 -0.000000 0.000000
0.848826 0.528672 0.000001
0.848826 0.528672 0.000001
0.848826 0.528672 0.000001
0.848826 0.528672 0.000001
0.639092 -0.769130 0.000000
0.639092 -0.769130 0.000000
0.639092 -0.769130 0.000000
0.639092 -0.769130 0.000000
-0.863780 0.503870 0.000001
-0.863780 0.503870 0.000001
-0.863780 0.503870 0.000001
-0.863780 0.503870 0.000001
-0.543252 0.839569 -0.000000
-0.543252 0.839569 -0.000000
-0.543252 0.839569 -0.000000
-0.543252 0.839569 -0.000000
-0.980581 0.196116 -0.000000
-0.980581 0.196116 -0.000000
-0.980581 0.196116 -0.000000
-0.980581 0.196116 -0.000000
0.000000 1.000000 0.000000
0.000000 1.000000 0.000000
0.000000 1.000000 0.000000
0.000000 1.000000 0.000000
0.962651 -0.270746 -0.000000
0.962651 -0.270746 -0.000000
0.962651 -0.270746 -0.000000
0.962651 -0.270746 -0.000000
-1.000000 0.000000 0.000000
-1.000000 0.000000 0.000000
-1.000000 0.000000 0.000000
-1.000000 0.000000 0.000000
0.104684 0.994505 -0.000002
0.104684 0.994505 -0.000002
0.104684 0.994505 -0.000002
0.104684 0.994505 -0.000002
0.919145 -0.393919 0.000000
0.919145 -0.393919 0.000000
0.919145 -0.393919 0.000000
0.919145 -0.393919 0.000000
-0.880471 -0.474099 0.000000
-0.880471 -0.474099 0.000000
-0.880471 -0.474099 0.000000
-0.880471 -0.474099 0.000000
0.888708 0.458473 -0.000001
0.888708 0.458473 -0.000001
0.888708 0.458473 -0.000001
0.888708 0.458473 -0.000001
-0.961524 0.274721 0.000000
-0.961524 0.274721 0.000000
-0.961524 0.274721 0.000000
-0.961524 0.274721 0.000000
0.740719 0.671815 -0.000001
0.740719 0.671815 -0.000001
0.740719 0.671815 -0.000001
0.740719 0.671815 -0.000001
-0.393919 0.919145 -0.000002
-0.393919 0.919145 -0.000002
-0.393919 0.919145 -0.000002
-0.393919 0.919145 -0.000002
0.841178 0.540758 -0.000001
0.841178 0.540758 -0.000001
0.841178 0.540758 -0.000001
0.841178 0.540758 -0.000001
0.287347 0.957827 0.000000
0.287347 0.957827 0.000000
0.287347 0.957827 0.000000
0.287347 0.957827 0.000000
0.000000 1.000000 0.000003
0.000000 1.000000 0.000003
0.000000 1.000000 0.000003
0.000000 1.000000 0.000003
-0.707106 -0.707107 -0.000000
-0.707106 -0.707107 -0.000000
-0.707106 -0.707107 -0.000000
-0.707106 -0.707107 -0.000000
0.921635 0.388057 -0.000000
0.921635 0.388057 -0.000000
0.921635 0.388057 -0.000000
0.921635 0.388057 -0.000000
0.371390 -0.928477 -0.000002
0.371390 -0.928477 -0.000002
0.371390 -0.928477 -0.000002
0.371390 -0.928477 -0.000002
-0.728200 0.685364 -0.000001
-0.728200 0.685364 -0.000001
-0.728200 0.685364 -0.000001
-0.728200 0.685364 -0.000001
0.966235 -0.257663 0.000000
0.966235 -0.257663 0.000000
0.966235 -0.257663 0.000000
0.966235 -0.257663 0.000000
-0.954480 -0.298275 -0.000000
-0.954480 -0.298275 -0.000000
-0.954480 -0.298275 -0.000000
-0.954480 -0.298275 -0.000000
-0.998752 0.049938 0.000000
-0.998752 0.049938 0.000000
-0.998752 0.049938 0.000000
-0.998752 0.049938 0.000000
0.996347 -0.085401 0.000000
0.996347 -0.085401 0.000000
0.996347 -0.085401 0.000000
0.996347 -0.085401 0.000000
0.696145 -0.717901 0.000001
0.696145 -0.717901 0.000001
0.696145 -0.717901 0.000001
0.696145 -0.717901 0.000001
-0.071247 0.997459 0.000001
-0.071247 0.997459 0.000001
-0.071247 0.997459 0.000001
-0.071247 0.997459 0.000001
-1.000000 -0.000000 0.000000
-1.000000 -0.000000 0.000000
-1.000000 -0.000000 0.000000
-1.000000 -0.000000 0.000000
-0.868243 0.496140 0.000001
-0.868243 0.496140 0.000001
-0.868243 0.496140 0.000001
-0.868243 0.496140 0.000001
-0.707107 -0.707107 -0.000002
-0.707107 -0.707107 -0.000002
-0.707107 -0.707107 -0.000002
-0.707107 -0.707107 -0.000002
0.996241 -0.086630 -0.000000
0.996241 -0.086630 -0.000000
0.996241 -0.086630 -0.000000
0.996241 -0.086630 -0.000000
-0.164398 -0.986394 0.000001
-0.164398 -0.986394 0.000001
-0.164398 -0.986394 0.000001
-0.164398 -0.986394 0.000001
-0.707107 -0.707106 0.000000
-0.707107 -0.707106 0.000000
-0.707107 -0.707106 0.000000
-0.707107 -0.707106 0.000000
0.203954 0.978981 0.000001
0.203954 0.978981 0.000001
0.203954 0.978981 0.000001
0.203954 0.978981 0.000001
0.979261 -0.202605 0.000000
0.979261 -0.202605 0.000000
0.979261 -0.202605 0.000000
0.979261 -0.202605 0.000000
0.998618 0.052559 0.000000
0.998618 0.052559 0.000000
0.998618 0.052559 0.000000
0.998618 0.052559 0.000000
-0.378632 0.925547 -0.000004
-0.378632 0.925547 -0.000004
-0.378632 0.925547 -0.000004
-0.378632 0.925547 -0.000004
-0.761939 0.647648 -0.000001
-0.761939 0.647648 -0.000001
-0.761939 0.647648 -0.000001
-0.761939 0.647648 -0.000001
-0.000000 -0.000000 -1.000000
-0.000000 -0.000000 -1.000000
-0.000000 -0.000000 -1.000000
-0.000000 -0.000000 -1.000000
-0.000000 -0.000000 -1.000000
-0.000000 -0.000000 -1.000000
-0.000000 -0.000000 -1.000000
-0.000000 -0.000000 -1.000000
-0.000000 -0.000000 -1.000000
-0.000000 -0.000000 -1.000000
-0.000000 -0.000000 -1.000000
-0.000000 -0.000000 -1.000000
-0.000000 -0.000000 -1.000000
-0.000000 -0.000000 -1.000000
-0.000000 -0.000000 -1.000000
-0.000000 -0.000000 -1.000000
-0.000000 -0.000000 -1.000000
-0.000000 -0.000000 -1.000000
-0.000000 -0.000000 -1.000000
-0.000000 -0.000000 -1.000000
-0.000000 -0.000000 -1.000000
-0.000000 -0.000000 -1.000000
-0.000000 -0.000000 -1.000000
-0.000000 -0.000000 -1.000000
-0.000000 -0.000000 -1.000000
-0.000000 -0.000000 -1.000000
-0.000000 -0.000000 -1.000000
-0.000000 -0.000000 -1.000000
-0.000000 -0.000000 -1.000000
-0.000000 -0.000000 -1.000000
-0.023991 -0.000000 -0.999712
-0.023991 -0.000000 -0.999712
-0.023991 -0.000000 -0.999712
-0.023991 -0.000000 -0.999712
-0.023991 -0.000000 -0.999712
-0.023991 -0.000000 -0.999712
-0.023991 -0.000000 -0.999712
-0.023991 -0.000000 -0.999712
-0.000000 -0.000000 -1.000000
-0.000000 -0.000000 -1.000000
-0.000000 -0.000000 -1.000000
-0.000000 -0.000000 -1.000000
-0.000000 -0.000000 -1.000000
-0.000000 -0.000000 -1.000000
-0.000000 -0.000000 -1.000000
-0.000000 -0.000000 -1.000000
-0.000000 -0.000000 -1.000000
-0.000000 -0.000000 -1.000000
-0.000000 -0.000000 -1.000000
-0.000000 -0.000000 -1.000000
0.000000 -0.000000 -1.000000
0.000000 -0.000000 -1.000000
0.000000 -0.000000 -1.000000
0.000000 -0.000000 -1.000000
0.000000 -0.000000 -1.000000
0.000000 -0.000000 -1.000000
0.000000 -0.000000 -1.000000
0.000000 -0.000000 -1.000000
0.000000 -0.000000 -1.000000
0.000000 -0.000000 -1.000000
0.000000 -0.000000 -1.000000
0.000000 -0.000000 -1.000000
0.000000 -0.000000 -1.000000
0.000000 -0.000000 -1.000000
0.000000 -0.000000 -1.000000
0.000000 -0.000000 -1.000000
0.000000 -0.000000 -1.000000
0.000000 -0.000000 -1.000000
0.000000 -0.000000 -1.000000
0.000000 -0.000000 -1.000000
-0.000000 -0.000000 -1.000000
-0.000000 -0.000000 -1.000000
-0.000000 -0.000000 -1.000000
-0.000000 -0.000000 -1.000000
-0.000000 -0.000000 -1.000000
-0.000000 -0.000000 -1.000000
-0.000000 -0.000000 -1.000000
-0.000000 -0.000000 -1.000000
-0.000000 -0.000000 -1.000000
-0.000000 -0.000000 -1.000000
-0.000000 -0.000000 -1.000000
-0.000000 -0.000000 -1.000000
-0.000000 -0.000000 -1.000000
0.000000 -0.000000 -1.000000
0.000000 -0.000000 -1.000000
0.000000 -0.000000 -1.000000
0.000000 -0.000000 -1.000000
0.000000 -0.000000 -1.000000
0.000000 -0.000000 -1.000000
0.000000 -0.000000 -1.000000
0.000000 -0.000000 -1.000000
0.000000 -0.000000 -1.000000
0.000000 -0.000000 -1.000000
0.258532 -0.115509 -0.959072
0.258532 -0.115509 -0.959072
0.258532 -0.115509 -0.959072
0.258532 -0.115509 -0.959072
0.000000 -0.000000 -1.000000
0.000000 -0.000000 -1.000000
0.000000 -0.000000 -1.000000
0.000000 -0.000000 -1.000000
-0.000000 -0.000000 -1.000000
-0.000000 -0.000000 -1.000000
-0.000000 -0.000000 -1.000000
-0.000000 -0.000000 -1.000000
-0.000000 -0.000000 -1.000000
-0.000000 -0.000000 -1.000000
-0.000000 -0.000000 -1.000000
-0.000000 -0.000000 -1.000000
-0.000000 -0.000000 -1.000000
-0.000000 -0.000000 -1.000000
-0.000000 -0.000000 -1.000000
-0.000000 -0.000000 -1.000000
-0.000000 -0.000000 -1.000000
-0.000000 -0.000000 -1.000000
-0.000000 -0.000000 -1.000000
-0.000000 -0.000000 -1.000000
-0.000000 -0.000000 -1.000000
-0.000000 -0.000000 -1.000000
-0.000000 -0.000000 -1.000000
-0.000000 -0.000000 -1.000000
-0.000000 -0.000000 -1.000000
-0.000000 -0.000000 -1.000000
-0.000000 -0.000000 -1.000000
-0.000000 -0.000000 -1.000000
-0.000000 -0.000000 -1.000000
-0.000000 -0.000000 -1.000000
-0.000000 -0.000000 -1.000000
-0.000000 -0.000000 -1.000000
0.000000 -0.000000 -1.000000
0.000000 -0.000000 -1.000000
0.000000 -0.000000 -1.000000
0.000000 -0.000000 -1.000000
0.000000 -0.000000 -1.000000
0.000000 -0.000000 -1.000000
0.000000 -0.000000 -1.000000
0.000000 -0.000000 -1.000000
0.000000 -0.000000 -1.000000
0.000000 -0.000000 -1.000000
-0.079745 0.996815 -0.000001
-0.079745 0.996815 -0.000001
-0.079745 0.996815 -0.000001
-0.079745 0.996815 -0.000001
0.316227 0.948683 -0.000002
0.316227 0.948683 -0.000002
0.316227 0.948683 -0.000002
0.316227 0.948683 -0.000002
0.093922 0.995580 0.000003
0.093922 0.995580 0.000003
0.093922 0.995580 0.000003
0.093922 0.995580 0.000003
0.797867 -0.602833 0.000006
0.797867 -0.602833 0.000006
0.797867 -0.602833 0.000006
0.797867 -0.602833 0.000006
-0.079745 -0.996815 0.000008
-0.079745 -0.996815 0.000008
-0.079745 -0.996815 0.000008
-0.079745 -0.996815 0.000008
-0.338428 -0.940992 -0.000003
-0.338428 -0.940992 -0.000003
-0.338428 -0.940992 -0.000003
-0.338428 -0.940992 -0.000003
-0.845489 0.533992 0.000003
-0.845489 0.533992 0.000003
-0.845489 0.533992 0.000003
-0.845489 0.533992 0.000003
0.274720 -0.961524 0.000004
0.274720 -0.961524 0.000004
0.274720 -0.961524 0.000004
0.274720 -0.961524 0.000004
-0.825308 0.564683 0.000001
-0.825308 0.564683 0.000001
-0.825308 0.564683 0.000001
-0.825308 0.564683 0.000001
0.287348 0.957826 0.000003
0.287348 0.957826 0.000003
0.287348 0.957826 0.000003
0.287348 0.957826 0.000003
0.998868 -0.047565 -0.000000
0.998868 -0.047565 -0.000000
0.998868 -0.047565 -0.000000
0.998868 -0.047565 -0.000000
-0.414315 -0.910133 -0.000000
-0.414315 -0.910133 -0.000000
-0.414315 -0.910133 -0.000000
-0.414315 -0.910133 -0.000000
-0.443589 -0.896230 -0.000002
-0.443589 -0.896230 -0.000002
-0.443589 -0.896230 -0.000002
-0.443589 -0.896230 -0.000002
-0.650791 0.759257 -0.000002
-0.650791 0.759257 -0.000002
-0.650791 0.759257 -0.000002
-0.650791 0.759257 -0.000002
0.528302 -0.849057 0.000001
0.528302 -0.849057 0.000001
0.528302 -0.849057 0.000001
0.528302 -0.849057 0.000001
-0.452231 -0.891901 -0.000003
-0.452231 -0.891901 -0.000003
-0.452231 -0.891901 -0.000003
-0.452231 -0.891901 -0.000003
0.349382 0.936980 -0.000006
0.349382 0.936980 -0.000006
0.349382 0.936980 -0.000006
0.349382 0.936980 -0.000006
-0.282166 -0.959366 -0.000007
-0.282166 -0.959366 -0.000007
-0.282166 -0.959366 -0.000007
-0.282166 -0.959366 -0.000007
0.499722 0.866186 0.000002
0.499722 0.866186 0.000002
0.499722 0.866186 0.000002
0.499722 0.866186 0.000002
-0.340136 0.940376 -0.000003
-0.340136 0.940376 -0.000003
-0.340136 0.940376 -0.000003
-0.340136 0.940376 -0.000003
-0.400818 -0.916158 -0.000004
-0.400818 -0.916158 -0.000004
-0.400818 -0.916158 -0.000004
-0.400818 -0.916158 -0.000004
-0.301709 -0.953400 -0.000003
-0.301709 -0.953400 -0.000003
-0.301709 -0.953400 -0.000003
-0.301709 -0.953400 -0.000003
0.000000 -0.000000 -1.000000
0.000000 -0.000000 -1.000000
0.000000 -0.000000 -1.000000
0.000000 -0.000000 -1.000000
0.000000 -0.000000 -1.000000
0.000000 -0.000000 -1.000000
0.000000 -0.000000 -1.000000
0.000000 -0.000000 -1.000000
0.000000 -0.000000 -1.000000
0.000000 -0.000000 -1.000000
0.000000 -0.000000 -1.000000
0.000000 -0.000000 -1.000000
0.000000 -0.000000 -1.000000
0.000000 -0.000000 -1.000000
0.000000 -0.000000 -1.000000
0.000000 -0.000000 -1.000000
0.000000 -0.000000 -1.000000
0.000000 -0.000000 -1.000000
0.000000 -0.000000 -1.000000
0.000000 -0.000000 -1.000000
0.000000 -0.000000 -1.000000
0.000000 -0.000000 -1.000000
0.000000 -0.000000 -1.000000
0.000000 -0.000000 -1.000000
0.000000 -0.000000 -1.000000
0.000000 -0.000000 -1.000000
0.000000 -0.000000 -1.000000
0.000000 -0.000000 -1.000000
0.000000 -0.000000 -1.000000
0.000000 -0.000000 -1.000000
0.000000 -0.000000 -1.000000
0.000000 -0.000000 -1.000000
0.000000 -0.000000 -1.000000
0.000000 -0.000000 -1.000000
-0.000000 -0.000000 -1.000000
-0.000000 -0.000000 -1.000000
-0.000000 -0.000000 -1.000000
-0.000000 -0.000000 -1.000000
-0.000000 -0.000000 -1.000000
-0.000000 -0.000000 -1.000000
-0.000000 -0.000000 -1.000000
-0.000000 -0.000000 -1.000000
-0.000000 -0.000000 -1.000000
-0.000000 -0.000000 -1.000000
-0.000000 -0.000000 -1.000000
-0.000000 -0.000000 -1.000000
-0.000000 -0.000000 -1.000000
-0.000000 -0.000000 -1.000000
-0.000000 -0.000000 -1.000000
-0.000000 -0.000000 -1.000000
-0.000000 -0.000000 -1.000000
-0.000000 -0.000000 -1.000000
-0.000000 -0.000000 -1.000000
-0.000000 -0.000000 -1.000000
-0.000000 -0.000000 -1.000000
-0.000000 -0.000000 -1.000000
-0.000000 -0.000000 -1.000000
-0.000000 -0.000000 -1.000000
-0.000000 -0.000000 -1.000000
-0.000000 -0.000000 -1.000000
-0.000000 -0.000000 -1.000000
-0.000000 -0.000000 -1.000000
0.000000 -0.000000 -1.000000
0.000000 -0.000000 -1.000000
0.000000 -0.000000 -1.000000
0.000000 -0.000000 -1.000000
0.000000 -0.000000 -1.000000
0.000000 -0.000000 -1.000000
0.000000 -0.000000 -1.000000
-0.000000 0.000000 -1.000000
-0.000000 0.000000 -1.000000
-0.000000 0.000000 -1.000000
0.000000 -0.000000 -1.000000
0.000000 -0.000000 -1.000000
0.000000 -0.000000 -1.000000
-0.000000 -0.000000 -1.000000
-0.000000 -0.000000 -1.000000
-0.000000 -0.000000 -1.000000
-0.000000 -0.000000 -1.000000
-0.000000 -0.000000 -1.000000
-0.000000 -0.000000 -1.000000
-0.000000 -0.000000 -1.000000
-0.000000 -0.000000 -1.000000
-0.000000 -0.000000 -1.000000
-0.000000 -0.000000 -1.000000
0.000000 -0.000000 -1.000000
0.000000 -0.000000 -1.000000
0.000000 -0.000000 -1.000000
0.000000 -0.000000 -1.000000
0.000000 -0.000000 -1.000000
0.000000 -0.000000 -1.000000
-0.000000 -0.000000 -1.000000
-0.000000 -0.000000 -1.000000
-0.000000 -0.000000 -1.000000
-0.000000 -0.000000 -1.000000
-0.000000 -0.000000 -1.000000
-0.000000 -0.000000 -1.000000
0.000000 -0.000000 -1.000000
0.000000 -0.000000 -1.000000
0.000000 -0.000000 -1.000000
0.000000 -0.000000 -1.000000
0.000000 -0.000000 -1.000000
0.000000 -0.000000 -1.000000
0.629198 -0.777245 0.000001
0.629198 -0.777245 0.000001
0.629198 -0.777245 0.000001
0.629198 -0.777245 0.000001
-0.667910 0.744242 0.000001
-0.667910 0.744242 0.000001
-0.667910 0.744242 0.000001
-0.667910 0.744242 0.000001
0.128341 0.991730 -0.000001
0.128341 0.991730 -0.000001
0.128341 0.991730 -0.000001
0.128341 0.991730 -0.000001
0.997818 -0.066032 -0.000000
0.997818 -0.066032 -0.000000
0.997818 -0.066032 -0.000000
0.997818 -0.066032 -0.000000
0.889288 -0.457348 -0.000000
0.889288 -0.457348 -0.000000
0.889288 -0.457348 -0.000000
0.889288 -0.457348 -0.000000
-0.171341 -0.985212 -0.000001
-0.171341 -0.985212 -0.000001
-0.171341 -0.985212 -0.000001
-0.171341 -0.985212 -0.000001
0.871576 -0.490261 -0.000000
0.871576 -0.490261 -0.000000
0.871576 -0.490261 -0.000000
0.871576 -0.490261 -0.000000
-0.480833 0.876812 -0.000000
-0.480833 0.876812 -0.000000
-0.480833 0.876812 -0.000000
-0.480833 0.876812 -0.000000
0.023523 0.999723 0.000000
0.023523 0.999723 0.000000
0.023523 0.999723 0.000000
0.023523 0.999723 0.000000
-0.745280 -0.662531 -0.074896
-0.745280 -0.662531 -0.074896
-0.745280 -0.662531 -0.074896
-0.745280 -0.662531 -0.074896
-0.455876 -0.890043 -0.000001
-0.455876 -0.890043 -0.000001
-0.455876 -0.890043 -0.000001
-0.455876 -0.890043 -0.000001
0.962206 -0.272322 -0.000000
0.962206 -0.272322 -0.000000
0.962206 -0.272322 -0.000000
0.962206 -0.272322 -0.000000
0.855198 0.518302 -0.000000
0.855198 0.518302 -0.000000
0.855198 0.518302 -0.000000
0.855198 0.518302 -0.000000
0.891116 -0.453775 -0.000000
0.891116 -0.453775 -0.000000
0.891116 -0.453775 -0.000000
0.891116 -0.453775 -0.000000
0.000000 1.000000 -0.000001
0.000000 1.000000 -0.000001
0.000000 1.000000 -0.000001
0.000000 1.000000 -0.000001
0.581238 0.813734 -0.000000
0.581238 0.813734 -0.000000
0.581238 0.813734 -0.000000
0.581238 0.813734 -0.000000
0.425797 0.904819 -0.000000
0.425797 0.904819 -0.000000
0.425797 0.904819 -0.000000
0.425797 0.904819 -0.000000
0.894427 -0.447214 -0.000000
0.894427 -0.447214 -0.000000
0.894427 -0.447214 -0.000000
0.894427 -0.447214 -0.000000
-0.497512 -0.867457 0.000001
-0.497512 -0.867457 0.000001
-0.497512 -0.867457 0.000001
-0.497512 -0.867457 0.000001
0.464834 -0.885398 0.000000
0.464834 -0.885398 0.000000
0.464834 -0.885398 0.000000
0.464834 -0.885398 0.000000
-0.547250 0.836969 -0.000001
-0.547250 0.836969 -0.000001
-0.547250 0.836969 -0.000001
-0.547250 0.836969 -0.000001
-0.299324 0.953888 -0.022448
-0.299324 0.953888 -0.022448
-0.299324 0.953888 -0.022448
-0.299324 0.953888 -0.022448
0.388553 0.921426 -0.000001
0.388553 0.921426 -0.000001
0.388553 0.921426 -0.000001
0.388553 0.921426 -0.000001
0.999958 -0.009174 -0.000000
0.999958 -0.009174 -0.000000
0.999958 -0.009174 -0.000000
0.999958 -0.009174 -0.000000
-0.508729 -0.860927 0.000001
-0.508729 -0.860927 0.000001
-0.508729 -0.860927 0.000001
-0.508729 -0.860927 0.000001
-0.149252 -0.988799 0.000001
-0.149252 -0.988799 0.000001
-0.149252 -0.988799 0.000001
-0.149252 -0.988799 0.000001
0.000000 -0.000000 -1.000000
0.000000 -0.000000 -1.000000
0.000000 -0.000000 -1.000000
0.000000 -0.000000 -1.000000
-0.167511 -0.003070 -0.985865
-0.167511 -0.003070 -0.985865
-0.167511 -0.003070 -0.985865
-0.167511 -0.003070 -0.985865
-0.000000 -0.000000 -1.000000
-0.000000 -0.000000 -1.000000
-0.000000 -0.000000 -1.000000
-0.000000 -0.000000 -1.000000
-0.000000 -0.000000 -1.000000
-0.000000 -0.000000 -1.000000
-0.000000 -0.000000 -1.000000
-0.000000 -0.000000 -1.000000
-0.000000 -0.000000 -1.000000
-0.000000 -0.000000 -1.000000
-0.000000 -0.000000 -1.000000
-0.000000 -0.000000 -1.000000
0.000000 -0.000000 -1.000000
0.000000 -0.000000 -1.000000
0.000000 -0.000000 -1.000000
0.000000 -0.000000 -1.000000
0.000000 -0.000000 -1.000000
0.000000 -0.000000 -1.000000
0.000000 -0.000000 -1.000000
0.000000 -0.000000 -1.000000
0.055822 -0.000000 -0.998441
0.055822 -0.000000 -0.998441
0.055822 -0.000000 -0.998441
0.055822 -0.000000 -0.998441
0.007648 0.000000 -0.999971
0.007648 0.000000 -0.999971
0.007648 0.000000 -0.999971
0.007648 0.000000 -0.999971
0.026510 -0.000000 0.999649
0.026510 -0.000000 0.999649
0.026510 -0.000000 0.999649
0.026510 -0.000000 0.999649
0.136627 -0.000000 0.990623
0.136627 -0.000000 0.990623
0.136627 -0.000000 0.990623
0.136627 -0.000000 0.990623
0.248872 0.000000 0.968536
0.248872 0.000000 0.968536
0.248872 0.000000 0.968536
0.248872 0.000000 0.968536
-0.008799 0.000000 0.999961
-0.008799 0.000000 0.999961
-0.008799 0.000000 0.999961
-0.008799 0.000000 0.999961
-0.018309 -0.000000 0.999832
-0.018309 -0.000000 0.999832
-0.018309 -0.000000 0.999832
-0.018309 -0.000000 0.999832
-0.038052 0.000000 0.999276
-0.038052 0.000000 0.999276
-0.038052 0.000000 0.999276
-0.038052 0.000000 0.999276
0.000554 0.000000 -1.000000
0.000554 0.000000 -1.000000
0.000554 0.000000 -1.000000
0.000554 0.000000 -1.000000
-0.987691 -0.000000 -0.156417
-0.987691 -0.000000 -0.156417
-0.987691 -0.000000 -0.156417
-0.987691 -0.000000 -0.156417
0.007614 0.000000 0.999971
0.007614 0.000000 0.999971
0.007614 0.000000 0.999971
0.007614 0.000000 0.999971
0.497791 0.000000 0.867297
0.497791 0.000000 0.867297
0.497791 0.000000 0.867297
0.497791 0.000000 0.867297
0.776418 0.000000 0.630219
0.776418 0.000000 0.630219
0.776418 0.000000 0.630219
0.776418 0.000000 0.630219
0.001400 0.000000 -0.999999
0.001400 0.000000 -0.999999
0.001400 0.000000 -0.999999
0.001400 0.000000 -0.999999
0.064629 -0.000000 -0.997909
0.064629 -0.000000 -0.997909
0.064629 -0.000000 -0.997909
0.064629 -0.000000 -0.997909
0.177205 0.000000 -0.984174
0.177205 0.000000 -0.984174
0.177205 0.000000 -0.984174
0.177205 0.000000 -0.984174
0.203398 0.000000 -0.979096
0.203398 0.000000 -0.979096
0.203398 0.000000 -0.979096
0.203398 0.000000 -0.979096
-0.562767 -0.000000 0.826616
-0.562767 -0.000000 0.826616
-0.562767 -0.000000 0.826616
-0.562767 -0.000000 0.826616
0.974160 -0.000001 -0.225860
0.974160 -0.000001 -0.225860
0.974160 -0.000001 -0.225860
0.974160 -0.000001 -0.225860
-0.003554 0.000000 -0.999994
-0.003554 0.000000 -0.999994
-0.003554 0.000000 -0.999994
-0.003554 0.000000 -0.999994
0.065327 0.000000 0.997864
0.065327 0.000000 0.997864
0.065327 0.000000 0.997864
0.065327 0.000000 0.997864
-0.109951 -0.000000 0.993937
-0.109951 -0.000000 0.993937
-0.109951 -0.000000 0.993937
-0.109951 -0.000000 0.993937
0.017879 0.000000 0.999840
0.017879 0.000000 0.999840
0.017879 0.000000 0.999840
0.017879 0.000000 0.999840
0.342558 -0.000000 -0.939497
0.342558 -0.000000 -0.939497
0.342558 -0.000000 -0.939497
0.342558 -0.000000 -0.939497
-0.183781 0.000000 0.982967
-0.183781 0.000000 0.982967
-0.183781 0.000000 0.982967
-0.183781 0.000000 0.982967
-1.000000 0.000000 0.000000
-1.000000 0.000000 0.000000
-1.000000 0.000000 0.000000
-1.000000 0.000000 0.000000
-1.000000 0.000000 0.000000
-1.000000 0.000000 0.000000
-1.000000 0.000000 0.000000
-1.000000 0.000000 0.000000
-0.054057 0.000000 0.998538
-0.054057 0.000000 0.998538
-0.054057 0.000000 0.998538
-0.054057 0.000000 0.998538
0.142012 0.000000 0.989865
0.142012 0.000000 0.989865
0.142012 0.000000 0.989865
0.142012 0.000000 0.989865
0.007634 0.000000 0.999971
0.007634 0.000000 0.999971
0.007634 0.000000 0.999971
0.007634 0.000000 0.999971
0.031540 0.000000 -0.999503
0.031540 0.000000 -0.999503
0.031540 0.000000 -0.999503
0.031540 0.000000 -0.999503
-0.554083 0.000000 -0.832461
-0.554083 0.000000 -0.832461
-0.554083 0.000000 -0.832461
-0.554083 0.000000 -0.832461
-0.670355 -0.000000 0.742041
-0.670355 -0.000000 0.742041
-0.670355 -0.000000 0.742041
-0.670355 -0.000000 0.742041
0.004735 0.000000 -0.999989
0.004735 0.000000 -0.999989
0.004735 0.000000 -0.999989
0.004735 0.000000 -0.999989
0.040162 0.000000 0.999193
0.040162 0.000000 0.999193
0.040162 0.000000 0.999193
0.040162 0.000000 0.999193
0.045563 0.000000 0.998961
0.045563 0.000000 0.998961
0.045563 0.000000 0.998961
0.045563 0.000000 0.998961
0.008581 -0.000000 -0.999963
0.008581 -0.000000 -0.999963
0.008581 -0.000000 -0.999963
0.008581 -0.000000 -0.999963
0.043177 -0.000000 -0.999068
0.043177 -0.000000 -0.999068
0.043177 -0.000000 -0.999068
0.043177 -0.000000 -0.999068
-0.020446 0.000000 -0.999791
-0.020446 0.000000 -0.999791
-0.020446 0.000000 -0.999791
-0.020446 0.000000 -0.999791
0.000000 0.000000 1.000000
0.000000 0.000000 1.000000
0.000000 0.000000 1.000000
0.000000 0.000000 1.000000
0.027782 -0.000000 0.999614
0.027782 -0.000000 0.999614
0.027782 -0.000000 0.999614
0.027782 -0.000000 0.999614
-0.116616 0.000000 -0.993177
-0.116616 0.000000 -0.993177
-0.116616 0.000000 -0.993177
-0.116616 0.000000 -0.993177
-0.664363 0.747410 -0.000001
-0.664363 0.747410 -0.000001
-0.664363 0.747410 -0.000001
-0.664363 0.747410 -0.000001
0.277839 0.960628 0.000000
0.277839 0.960628 0.000000
0.277839 0.960628 0.000000
0.277839 0.960628 0.000000
-0.992877 -0.119145 0.000000
-0.992877 -0.119145 0.000000
-0.992877 -0.119145 0.000000
-0.992877 -0.119145 0.000000
0.000000 -1.000000 0.000000
0.000000 -1.000000 0.000000
0.000000 -1.000000 0.000000
0.000000 -1.000000 0.000000
-0.998752 -0.049938 0.000000
-0.998752 -0.049938 0.000000
-0.998752 -0.049938 0.000000
-0.998752 -0.049938 0.000000
0.847998 -0.529999 -0.000000
0.847998 -0.529999 -0.000000
0.847998 -0.529999 -0.000000
0.847998 -0.529999 -0.000000
-0.104684 -0.994505 -0.000003
-0.104684 -0.994505 -0.000003
-0.104684 -0.994505 -0.000003
-0.104684 -0.994505 -0.000003
-0.919145 0.393920 0.000001
-0.919145 0.393920 0.000001
-0.919145 0.393920 0.000001
-0.919145 0.393920 0.000001
0.990830 -0.135113 0.000000
0.990830 -0.135113 0.000000
0.990830 -0.135113 0.000000
0.990830 -0.135113 0.000000
0.847998 -0.529999 -0.000000
0.847998 -0.529999 -0.000000
0.847998 -0.529999 -0.000000
0.847998 -0.529999 -0.000000
0.616308 0.787505 0.000003
0.616308 0.787505 0.000003
0.616308 0.787505 0.000003
0.616308 0.787505 0.000003
0.613941 0.789352 -0.000002
0.613941 0.789352 -0.000002
0.613941 0.789352 -0.000002
0.613941 0.789352 -0.000002
-0.835417 0.549616 -0.000002
-0.835417 0.549616 -0.000002
-0.835417 0.549616 -0.000002
-0.835417 0.549616 -0.000002
0.540763 -0.841175 0.000000
0.540763 -0.841175 0.000000
0.540763 -0.841175 0.000000
0.540763 -0.841175 0.000000
1.000000 -0.000000 0.000000
1.000000 -0.000000 0.000000
1.000000 -0.000000 0.000000
1.000000 -0.000000 0.000000
-0.848826 0.528672 0.000001
-0.848826 0.528672 0.000001
-0.848826 0.528672 0.000001
-0.848826 0.528672 0.000001
-0.639092 -0.769130 0.000000
-0.639092 -0.769130 0.000000
-0.639092 -0.769130 0.000000
-0.639092 -0.769130 0.000000
0.863780 0.503869 0.000001
0.863780 0.503869 0.000001
0.863780 0.503869 0.000001
0.863780 0.503869 0.000001
0.543252 0.839569 -0.000000
0.543252 0.839569 -0.000000
0.543252 0.839569 -0.000000
0.543252 0.839569 -0.000000
0.980581 0.196116 -0.000000
0.980581 0.196116 -0.000000
0.980581 0.196116 -0.000000
0.980581 0.196116 -0.000000
0.000000 1.000000 0.000000
0.000000 1.000000 0.000000
0.000000 1.000000 0.000000
0.000000 1.000000 0.000000
-0.962651 -0.270746 -0.000000
-0.962651 -0.270746 -0.000000
-0.962651 -0.270746 -0.000000
-0.962651 -0.270746 -0.000000
1.000000 0.000000 0.000000
1.000000 0.000000 0.000000
1.000000 0.000000 0.000000
1.000000 0.000000 0.000000
-0.104684 0.994505 -0.000002
-0.104684 0.994505 -0.000002
-0.104684 0.994505 -0.000002
-0.104684 0.994505 -0.000002
-0.919145 -0.393919 0.000000
-0.919145 -0.393919 0.000000
-0.919145 -0.393919 0.000000
-0.919145 -0.393919 0.000000
0.880471 -0.474099 0.000000
0.880471 -0.474099 0.000000
0.880471 -0.474099 0.000000
0.880471 -0.474099 0.000000
-0.888708 0.458473 -0.000001
-0.888708 0.458473 -0.000001
-0.888708 0.458473 -0.000001
-0.888708 0.458473 -0.000001
0.961524 0.274721 0.000000
0.961524 0.274721 0.000000
0.961524 0.274721 0.000000
0.961524 0.274721 0.000000
-0.740719 0.671815 -0.000001
-0.740719 0.671815 -0.000001
-0.740719 0.671815 -0.000001
-0.740719 0.671815 -0.000001
0.393919 0.919145 -0.000002
0.393919 0.919145 -0.000002
0.393919 0.919145 -0.000002
0.393919 0.919145 -0.000002
-0.841178 0.540758 -0.000001
-0.841178 0.540758 -0.000001
-0.841178 0.540758 -0.000001
-0.841178 0.540758 -0.000001
-0.287347 0.957827 0.000000
-0.287347 0.957827 0.000000
-0.287347 0.957827 0.000000
-0.287347 0.957827 0.000000
0.000000 1.000000 0.000003
0.000000 1.000000 0.000003
0.000000 1.000000 0.000003
0.000000 1.000000 0.000003
0.707106 -0.707107 -0.000000
0.707106 -0.707107 -0.000000
0.707106 -0.707107 -0.000000
0.707106 -0.707107 -0.000000
-0.921635 0.388057 -0.000000
-0.921635 0.388057 -0.000000
-0.921635 0.388057 -0.000000
-0.921635 0.388057 -0.000000
-0.371390 -0.928477 -0.000002
-0.371390 -0.928477 -0.000002
-0.371390 -0.928477 -0.000002
-0.371390 -0.928477 -0.000002
0.728200 0.685364 -0.000001
0.728200 0.685364 -0.000001
0.728200 0.685364 -0.000001
0.728200 0.685364 -0.000001
-0.966235 -0.257662 0.000000
-0.966235 -0.257662 0.000000
-0.966235 -0.257662 0.000000
-0.966235 -0.257662 0.000000
0.954480 -0.298275 -0.000000
0.954480 -0.298275 -0.000000
0.954480 -0.298275 -0.000000
0.954480 -0.298275 -0.000000
0.998752 0.049938 0.000000
0.998752 0.049938 0.000000
0.998752 0.049938 0.000000
0.998752 0.049938 0.000000
-0.996347 -0.085401 0.000000
-0.996347 -0.085401 0.000000
-0.996347 -0.085401 0.000000
-0.996347 -0.085401 0.000000
-0.696145 -0.717901 0.000001
-0.696145 -0.717901 0.000001
-0.696145 -0.717901 0.000001
-0.696145 -0.717901 0.000001
0.071247 0.997459 0.000001
0.071247 0.997459 0.000001
0.071247 0.997459 0.000001
0.071247 0.997459 0.000001
1.000000 -0.000000 0.000000
1.000000 -0.000000 0.000000
1.000000 -0.000000 0.000000
1.000000 -0.000000 0.000000
0.868242 0.496140 0.000001
0.868242 0.496140 0.000001
0.868242 0.496140 0.000001
0.868242 0.496140 0.000001
0.707107 -0.707107 -0.000002
0.707107 -0.707107 -0.000002
0.707107 -0.707107 -0.000002
0.707107 -0.707107 -0.000002
-0.996241 -0.086630 -0.000000
-0.996241 -0.086630 -0.000000
-0.996241 -0.086630 -0.000000
-0.996241 -0.086630 -0.000000
0.164398 -0.986394 0.000001
0.164398 -0.986394 0.000001
0.164398 -0.986394 0.000001
0.164398 -0.986394 0.000001
0.707107 -0.707106 0.000000
0.707107 -0.707106 0.000000
0.707107 -0.707106 0.000000
0.707107 -0.707106 0.000000
-0.203954 0.978981 0.000001
-0.203954 0.978981 0.000001
-0.203954 0.978981 0.000001
-0.203954 0.978981 0.000001
-0.979260 -0.202606 0.000000
-0.979260 -0.202606 0.000000
-0.979260 -0.202606 0.000000
-0.979260 -0.202606 0.000000
-0.998618 0.052559 0.000000
-0.998618 0.052559 0.000000
-0.998618 0.052559 0.000000
-0.998618 0.052559 0.000000
0.378632 0.925547 -0.000004
0.378632 0.925547 -0.000004
0.378632 0.925547 -0.000004
0.378632 0.925547 -0.000004
0.761939 0.647648 -0.000001
0.761939 0.647648 -0.000001
0.761939 0.647648 -0.000001
0.761939 0.647648 -0.000001
0.000000 -0.000000 -1.000000
0.000000 -0.000000 -1.000000
0.000000 -0.000000 -1.000000
0.000000 -0.000000 -1.000000
0.000000 -0.000000 -1.000000
0.000000 -0.000000 -1.000000
0.000000 -0.000000 -1.000000
0.000000 -0.000000 -1.000000
0.000000 -0.000000 -1.000000
0.000000 -0.000000 -1.000000
0.000000 -0.000000 -1.000000
0.000000 -0.000000 -1.000000
0.000000 -0.000000 -1.000000
0.000000 -0.000000 -1.000000
0.000000 -0.000000 -1.000000
0.000000 -0.000000 -1.000000
0.000000 -0.000000 -1.000000
0.000000 -0.000000 -1.000000
0.000000 -0.000000 -1.000000
0.000000 -0.000000 -1.000000
0.000000 -0.000000 -1.000000
0.000000 -0.000000 -1.000000
0.000000 -0.000000 -1.000000
0.000000 -0.000000 -1.000000
0.000000 -0.000000 -1.000000
0.000000 -0.000000 -1.000000
0.000000 -0.000000 -1.000000
0.000000 -0.000000 -1.000000
0.000000 -0.000000 -1.000000
0.000000 -0.000000 -1.000000
0.023991 -0.000000 -0.999712
0.023991 -0.000000 -0.999712
0.023991 -0.000000 -0.999712
0.023991 -0.000000 -0.999712
0.023991 -0.000000 -0.999712
0.023991 -0.000000 -0.999712
0.023991 -0.000000 -0.999712
0.023991 -0.000000 -0.999712
0.000000 -0.000000 -1.000000
0.000000 -0.000000 -1.000000
0.000000 -0.000000 -1.000000
0.000000 -0.000000 -1.000000
0.000000 -0.000000 -1.000000
0.000000 -0.000000 -1.000000
0.000000 -0.000000 -1.000000
-0.000000 -0.000000 -1.000000
-0.000000 -0.000000 -1.000000
-0.000000 -0.000000 -1.000000
-0.000000 -0.000000 -1.000000
-0.000000 -0.000000 -1.000000
-0.000000 -0.000000 -1.000000
-0.000000 -0.000000 -1.000000
-0.000000 -0.000000 -1.000000
-0.000000 -0.000000 -1.000000
-0.000000 -0.000000 -1.000000
-0.000000 -0.000000 -1.000000
-0.000000 -0.000000 -1.000000
-0.000000 -0.000000 -1.000000
-0.000000 -0.000000 -1.000000
-0.000000 -0.000000 -1.000000
-0.000000 -0.000000 -1.000000
-0.000000 -0.000000 -1.000000
-0.000000 -0.000000 -1.000000
-0.000000 -0.000000 -1.000000
-0.000000 -0.000000 -1.000000
-0.000000 -0.000000 -1.000000
-0.000000 -0.000000 -1.000000
-0.000000 -0.000000 -1.000000
-0.000000 -0.000000 -1.000000
-0.000000 -0.000000 -1.000000
0.000001 -0.000000 -1.000000
0.000001 -0.000000 -1.000000
0.000001 -0.000000 -1.000000
0.000000 -0.000000 -1.000000
0.000000 -0.000000 -1.000000
0.000000 -0.000000 -1.000000
0.000000 -0.000000 -1.000000
-0.000000 -0.000000 -1.000000
-0.000000 -0.000000 -1.000000
-0.000000 -0.000000 -1.000000
-0.000000 -0.000000 -1.000000
-0.000000 -0.000000 -1.000000
-0.000000 -0.000000 -1.000000
-0.000000 -0.000000 -1.000000
-0.000000 -0.000000 -1.000000
-0.000000 -0.000000 -1.000000
-0.000000 -0.000000 -1.000000
-0.000000 -0.000000 -1.000000
-0.000000 -0.000000 -1.000000
-0.000000 -0.000000 -1.000000
-0.000000 -0.000000 -1.000000
-0.000000 -0.000000 -1.000000
-0.000000 -0.000000 -1.000000
-0.258532 -0.115509 -0.959072
-0.258532 -0.115509 -0.959072
-0.258532 -0.115509 -0.959072
-0.258532 -0.115509 -0.959072
-0.000000 -0.000000 -1.000000
-0.000000 -0.000000 -1.000000
-0.000000 -0.000000 -1.000000
-0.000000 -0.000000 -1.000000
0.000000 -0.000000 -1.000000
0.000000 -0.000000 -1.000000
0.000000 -0.000000 -1.000000
0.000000 -0.000000 -1.000000
0.000000 -0.000000 -1.000000
0.000000 -0.000000 -1.000000
0.000000 -0.000000 -1.000000
0.000000 -0.000000 -1.000000
0.000000 -0.000000 -1.000000
0.000000 -0.000000 -1.000000
0.000000 -0.000000 -1.000000
0.000000 -0.000000 -1.000000
0.000000 -0.000000 -1.000000
0.000000 -0.000000 -1.000000
0.000000 -0.000000 -1.000000
0.000000 -0.000000 -1.000000
0.000000 -0.000000 -1.000000
0.000000 -0.000000 -1.000000
0.000000 -0.000000 -1.000000
0.000000 -0.000000 -1.000000
0.000000 -0.000000 -1.000000
0.000000 -0.000000 -1.000000
0.000000 -0.000000 -1.000000
0.000000 -0.000000 -1.000000
0.000000 -0.000000 -1.000000
0.000000 -0.000000 -1.000000
0.000000 -0.000000 -1.000000
0.000000 -0.000000 -1.000000
-0.000000 -0.000000 -1.000000
-0.000000 -0.000000 -1.000000
-0.000000 -0.000000 -1.000000
-0.000000 -0.000000 -1.000000
-0.000000 -0.000000 -1.000000
-0.000000 -0.000000 -1.000000
-0.000000 -0.000000 -1.000000
-0.000000 -0.000000 -1.000000
-0.000000 -0.000000 -1.000000
-0.000000 -0.000000 -1.000000
0.079745 0.996815 -0.000001
0.079745 0.996815 -0.000001
0.079745 0.996815 -0.000001
0.079745 0.996815 -0.000001
-0.316227 0.948683 -0.000002
-0.316227 0.948683 -0.000002
-0.316227 0.948683 -0.000002
-0.316227 0.948683 -0.000002
-0.093922 0.995580 0.000003
-0.093922 0.995580 0.000003
-0.093922 0.995580 0.000003
-0.093922 0.995580 0.000003
-0.797867 -0.602833 0.000006
-0.797867 -0.602833 0.000006
-0.797867 -0.602833 0.000006
-0.797867 -0.602833 0.000006
0.079745 -0.996815 0.000008
0.079745 -0.996815 0.000008
0.079745 -0.996815 0.000008
0.079745 -0.996815 0.000008
0.338428 -0.940992 -0.000003
0.338428 -0.940992 -0.000003
0.338428 -0.940992 -0.000003
0.338428 -0.940992 -0.000003
0.845489 0.533992 0.000003
0.845489 0.533992 0.000003
0.845489 0.533992 0.000003
0.845489 0.533992 0.000003
-0.274720 -0.961524 0.000004
-0.274720 -0.961524 0.000004
-0.274720 -0.961524 0.000004
-0.274720 -0.961524 0.000004
0.825308 0.564684 0.000001
0.825308 0.564684 0.000001
0.825308 0.564684 0.000001
0.825308 0.564684 0.000001
-0.287348 0.957826 0.000003
-0.287348 0.957826 0.000003
-0.287348 0.957826 0.000003
-0.287348 0.957826 0.000003
-0.998868 -0.047565 -0.000000
-0.998868 -0.047565 -0.000000
-0.998868 -0.047565 -0.000000
-0.998868 -0.047565 -0.000000
0.414315 -0.910134 -0.000000
0.414315 -0.910134 -0.000000
0.414315 -0.910134 -0.000000
0.414315 -0.910134 -0.000000
0.443589 -0.896230 -0.000002
0.443589 -0.896230 -0.000002
0.443589 -0.896230 -0.000002
0.443589 -0.896230 -0.000002
0.650791 0.759257 -0.000002
0.650791 0.759257 -0.000002
0.650791 0.759257 -0.000002
0.650791 0.759257 -0.000002
-0.528302 -0.849057 0.000001
-0.528302 -0.849057 0.000001
-0.528302 -0.849057 0.000001
-0.528302 -0.849057 0.000001
0.452231 -0.891901 -0.000003
0.452231 -0.891901 -0.000003
0.452231 -0.891901 -0.000003
0.452231 -0.891901 -0.000003
-0.349382 0.936980 -0.000006
-0.349382 0.936980 -0.000006
-0.349382 0.936980 -0.000006
-0.349382 0.936980 -0.000006
0.282166 -0.959366 -0.000007
0.282166 -0.959366 -0.000007
0.282166 -0.959366 -0.000007
0.282166 -0.959366 -0.000007
-0.499722 0.866186 0.000002
-0.499722 0.866186 0.000002
-0.499722 0.866186 0.000002
-0.499722 0.866186 0.000002
0.340136 0.940376 -0.000003
0.340136 0.940376 -0.000003
0.340136 0.940376 -0.000003
0.340136 0.940376 -0.000003
0.400818 -0.916157 -0.000004
0.400818 -0.916157 -0.000004
0.400818 -0.916157 -0.000004
0.400818 -0.916157 -0.000004
0.301709 -0.953400 -0.000003
0.301709 -0.953400 -0.000003
0.301709 -0.953400 -0.000003
0.301709 -0.953400 -0.000003
-0.000000 -0.000000 -1.000000
-0.000000 -0.000000 -1.000000
-0.000000 -0.000000 -1.000000
-0.000000 -0.000000 -1.000000
-0.000000 -0.000000 -1.000000
-0.000000 -0.000000 -1.000000
-0.000000 -0.000000 -1.000000
-0.000000 -0.000000 -1.000000
-0.000000 -0.000000 -1.000000
-0.000000 -0.000000 -1.000000
-0.000000 -0.000000 -1.000000
-0.000000 -0.000000 -1.000000
-0.000000 -0.000000 -1.000000
-0.000000 -0.000000 -1.000000
-0.000000 -0.000000 -1.000000
-0.000000 -0.000000 -1.000000
-0.000000 -0.000000 -1.000000
-0.000000 -0.000000 -1.000000
-0.000000 -0.000000 -1.000000
-0.000000 -0.000000 -1.000000
-0.000000 -0.000000 -1.000000
-0.000000 -0.000000 -1.000000
-0.000000 -0.000000 -1.000000
-0.000000 -0.000000 -1.000000
-0.000000 -0.000000 -1.000000
-0.000000 -0.000000 -1.000000
0.000000 -0.000000 -1.000000
0.000000 -0.000000 -1.000000
0.000000 -0.000000 -1.000000
0.000000 -0.000000 -1.000000
-0.000000 -0.000000 -1.000000
-0.000000 -0.000000 -1.000000
-0.000000 -0.000000 -1.000000
-0.000000 -0.000000 -1.000000
0.000000 -0.000000 -1.000000
0.000000 -0.000000 -1.000000
0.000000 -0.000000 -1.000000
0.000000 -0.000000 -1.000000
0.000000 -0.000000 -1.000000
0.000000 -0.000000 -1.000000
0.000000 -0.000000 -1.000000
0.000000 -0.000000 -1.000000
0.000000 -0.000000 -1.000000
0.000000 -0.000000 -1.000000
0.000000 -0.000000 -1.000000
0.000000 -0.000000 -1.000000
0.000000 -0.000000 -1.000000
0.000000 -0.000000 -1.000000
0.000000 -0.000000 -1.000000
0.000000 -0.000000 -1.000000
0.000000 -0.000000 -1.000000
0.000000 -0.000000 -1.000000
0.000000 -0.000000 -1.000000
0.000000 -0.000000 -1.000000
0.000000 -0.000000 -1.000000
0.000000 -0.000000 -1.000000
0.000000 -0.000000 -1.000000
0.000000 -0.000000 -1.000000
0.000000 -0.000000 -1.000000
0.000000 -0.000000 -1.000000
0.000000 -0.000000 -1.000000
0.000000 -0.000000 -1.000000
-0.000000 -0.000000 -1.000000
-0.000000 -0.000000 -1.000000
-0.000000 -0.000000 -1.000000
-0.000000 -0.000000 -1.000000
-0.000000 -0.000000 -1.000000
-0.000000 -0.000000 -1.000000
-0.000000 -0.000000 -1.000000
-0.000000 0.000000 -1.000000
-0.000000 0.000000 -1.000000
-0.000000 0.000000 -1.000000
-0.000000 -0.000000 -1.000000
-0.000000 -0.000000 -1.000000
-0.000000 -0.000000 -1.000000
0.000000 -0.000000 -1.000000
0.000000 -0.000000 -1.000000
0.000000 -0.000000 -1.000000
0.000000 -0.000000 -1.000000
0.000000 -0.000000 -1.000000
0.000000 -0.000000 -1.000000
0.000000 -0.000000 -1.000000
0.000000 -0.000000 -1.000000
0.000000 -0.000000 -1.000000
0.000000 -0.000000 -1.000000
-0.000000 -0.000000 -1.000000
-0.000000 -0.000000 -1.000000
-0.000000 -0.000000 -1.000000
-0.000000 -0.000000 -1.000000
-0.000000 -0.000000 -1.000000
-0.000000 -0.000000 -1.000000
0.000000 -0.000000 -1.000000
0.000000 -0.000000 -1.000000
0.000000 -0.000000 -1.000000
0.000000 -0.000000 -1.000000
0.000000 -0.000000 -1.000000
0.000000 -0.000000 -1.000000
-0.000000 -0.000000 -1.000000
-0.000000 -0.000000 -1.000000
-0.000000 -0.000000 -1.000000
-0.000000 -0.000000 -1.000000
-0.000000 -0.000000 -1.000000
-0.000000 -0.000000 -1.000000
-0.629198 -0.777245 0.000001
-0.629198 -0.777245 0.000001
-0.629198 -0.777245 0.000001
-0.629198 -0.777245 0.000001
0.667910 0.744242 0.000001
0.667910 0.744242 0.000001
0.667910 0.744242 0.000001
0.667910 0.744242 0.000001
-0.128341 0.991730 -0.000001
-0.128341 0.991730 -0.000001
-0.128341 0.991730 -0.000001
-0.128341 0.991730 -0.000001
-0.997818 -0.066032 -0.000000
-0.997818 -0.066032 -0.000000
-0.997818 -0.066032 -0.000000
-0.997818 -0.066032 -0.000000
-0.889288 -0.457348 -0.000000
-0.889288 -0.457348 -0.000000
-0.889288 -0.457348 -0.000000
-0.889288 -0.457348 -0.000000
0.171341 -0.985212 -0.000001
0.171341 -0.985212 -0.000001
0.171341 -0.985212 -0.000001
0.171341 -0.985212 -0.000001
-0.871576 -0.490261 -0.000000
-0.871576 -0.490261 -0.000000
-0.871576 -0.490261 -0.000000
-0.871576 -0.490261 -0.000000
0.480833 0.876812 -0.000000
0.480833 0.876812 -0.000000
0.480833 0.876812 -0.000000
0.480833 0.876812 -0.000000
-0.023523 0.999723 0.000000
-0.023523 0.999723 0.000000
-0.023523 0.999723 0.000000
-0.023523 0.999723 0.000000
0.745280 -0.662531 -0.074895
0.745280 -0.662531 -0.074895
0.745280 -0.662531 -0.074895
0.745280 -0.662531 -0.074895
0.455876 -0.890043 -0.000001
0.455876 -0.890043 -0.000001
0.455876 -0.890043 -0.000001
0.455876 -0.890043 -0.000001
-0.962206 -0.272322 -0.000000
-0.962206 -0.272322 -0.000000
-0.962206 -0.272322 -0.000000
-0.962206 -0.272322 -0.000000
-0.855198 0.518302 -0.000000
-0.855198 0.518302 -0.000000
-0.855198 0.518302 -0.000000
-0.855198 0.518302 -0.000000
-0.891116 -0.453775 -0.000000
-0.891116 -0.453775 -0.000000
-0.891116 -0.453775 -0.000000
-0.891116 -0.453775 -0.000000
0.000000 1.000000 -0.000001
0.000000 1.000000 -0.000001
0.000000 1.000000 -0.000001
0.000000 1.000000 -0.000001
-0.581238 0.813734 -0.000000
-0.581238 0.813734 -0.000000
-0.581238 0.813734 -0.000000
-0.581238 0.813734 -0.000000
-0.425797 0.904819 -0.000000
-0.425797 0.904819 -0.000000
-0.425797 0.904819 -0.000000
-0.425797 0.904819 -0.000000
-0.894427 -0.447214 -0.000000
-0.894427 -0.447214 -0.000000
-0.894427 -0.447214 -0.000000
-0.894427 -0.447214 -0.000000
0.497512 -0.867457 0.000001
0.497512 -0.867457 0.000001
0.497512 -0.867457 0.000001
0.497512 -0.867457 0.000001
-0.464834 -0.885398 0.000000
-0.464834 -0.885398 0.000000
-0.464834 -0.885398 0.000000
-0.464834 -0.885398 0.000000
0.547250 0.836969 -0.000001
0.547250 0.836969 -0.000001
0.547250 0.836969 -0.000001
0.547250 0.836969 -0.000001
0.299324 0.953888 -0.022448
0.299324 0.953888 -0.022448
0.299324 0.953888 -0.022448
0.299324 0.953888 -0.022448
-0.388553 0.921426 -0.000001
-0.388553 0.921426 -0.000001
-0.388553 0.921426 -0.000001
-0.388553 0.921426 -0.000001
-0.999958 -0.009174 -0.000000
-0.999958 -0.009174 -0.000000
-0.999958 -0.009174 -0.000000
-0.999958 -0.009174 -0.000000
0.508729 -0.860927 0.000001
0.508729 -0.860927 0.000001
0.508729 -0.860927 0.000001
0.508729 -0.860927 0.000001
0.149252 -0.988799 0.000001
0.149252 -0.988799 0.000001
0.149252 -0.988799 0.000001
0.149252 -0.988799 0.000001
-0.000000 -0.000000 -1.000000
-0.000000 -0.000000 -1.000000
-0.000000 -0.000000 -1.000000
-0.000000 -0.000000 -1.000000
0.144853 0.026850 0.989089
0.144853 0.026850 0.989089
0.144853 0.026850 0.989089
0.144853 0.026850 0.989089
0.976759 0.079291 -0.199137
0.976759 0.079291 -0.199137
0.976759 0.079291 -0.199137
0.976759 0.079291 -0.199137
0.044169 -0.166354 -0.985076
0.044169 -0.166354 -0.985076
0.044169 -0.166354 -0.985076
0.044169 -0.166354 -0.985076
-0.694945 0.028811 -0.718486
-0.694945 0.028811 -0.718486
-0.694945 0.028811 -0.718486
-0.694945 0.028811 -0.718486
0.368253 0.040776 -0.928831
0.368253 0.040776 -0.928831
0.368253 0.040776 -0.928831
0.368253 0.040776 -0.928831
0.134821 -0.169513 -0.976263
0.134821 -0.169513 -0.976263
0.134821 -0.169513 -0.976263
0.134821 -0.169513 -0.976263
0.856864 0.029559 -0.514694
0.856864 0.029559 -0.514694
0.856864 0.029559 -0.514694
0.856864 0.029559 -0.514694
0.107035 0.036523 -0.993584
0.107035 0.036523 -0.993584
0.107035 0.036523 -0.993584
0.107035 0.036523 -0.993584
0.232730 -0.176379 -0.956414
0.232730 -0.176379 -0.956414
0.232730 -0.176379 -0.956414
0.232730 -0.176379 -0.956414
0.255313 0.027068 -0.966480
0.255313 0.027068 -0.966480
0.255313 0.027068 -0.966480
0.255313 0.027068 -0.966480
-0.368252 0.040776 0.928832
-0.368252 0.040776 0.928832
-0.368252 0.040776 0.928832
-0.368252 0.040776 0.928832
0.343738 -0.188107 -0.920032
0.343738 -0.188107 -0.920032
0.343738 -0.188107 -0.920032
0.343738 -0.188107 -0.920032
-0.393112 0.026355 0.919113
-0.393112 0.026355 0.919113
-0.393112 0.026355 0.919113
-0.393112 0.026355 0.919113
-0.976759 0.079291 0.199134
-0.976759 0.079291 0.199134
-0.976759 0.079291 0.199134
-0.976759 0.079291 0.199134
0.474637 -0.206457 -0.855626
0.474637 -0.206457 -0.855626
0.474637 -0.206457 -0.855626
0.474637 -0.206457 -0.855626
-0.981718 0.032832 0.187491
-0.981718 0.032832 0.187491
-0.981718 0.032832 0.187491
-0.981718 0.032832 0.187491
-0.506695 0.048338 -0.860769
-0.506695 0.048338 -0.860769
-0.506695 0.048338 -0.860769
-0.506695 0.048338 -0.860769
0.630532 -0.233183 -0.740308
0.630532 -0.233183 -0.740308
0.630532 -0.233183 -0.740308
0.630532 -0.233183 -0.740308
-0.533953 0.027219 -0.845076
-0.533953 0.027219 -0.845076
-0.533953 0.027219 -0.845076
-0.533953 0.027219 -0.845076
0.150697 0.032767 0.988037
0.150697 0.032767 0.988037
0.150697 0.032767 0.988037
0.150697 0.032767 0.988037
0.801999 -0.266871 -0.534395
0.801999 -0.266871 -0.534395
0.801999 -0.266871 -0.534395
0.801999 -0.266871 -0.534395
-0.097986 0.029277 -0.994757
-0.097986 0.029277 -0.994757
-0.097986 0.029277 -0.994757
-0.097986 0.029277 -0.994757
0.669380 0.058424 0.740620
0.669380 0.058424 0.740620
0.669380 0.058424 0.740620
0.669380 0.058424 0.740620
0.933920 -0.294903 -0.202052
0.933920 -0.294903 -0.202052
0.933920 -0.294903 -0.202052
0.933920 -0.294903 -0.202052
0.042004 0.026592 0.998764
0.042004 0.026592 0.998764
0.042004 0.026592 0.998764
0.042004 0.026592 0.998764
0.844800 0.070138 -0.530466
0.844800 0.070138 -0.530466
0.844800 0.070138 -0.530466
0.844800 0.070138 -0.530466
0.933921 -0.294903 0.202046
0.933921 -0.294903 0.202046
0.933921 -0.294903 0.202046
0.933921 -0.294903 0.202046
0.521737 0.027680 0.852657
0.521737 0.027680 0.852657
0.521737 0.027680 0.852657
0.521737 0.027680 0.852657
0.249862 0.035521 -0.967630
0.249862 0.035521 -0.967630
0.249862 0.035521 -0.967630
0.249862 0.035521 -0.967630
0.801999 -0.266871 0.534395
0.801999 -0.266871 0.534395
0.801999 -0.266871 0.534395
0.801999 -0.266871 0.534395
0.981084 0.030621 -0.191147
0.981084 0.030621 -0.191147
0.981084 0.030621 -0.191147
0.981084 0.030621 -0.191147
-0.249863 0.035520 0.967629
-0.249863 0.035520 0.967629
-0.249863 0.035520 0.967629
-0.249863 0.035520 0.967629
0.630530 -0.233183 0.740309
0.630530 -0.233183 0.740309
0.630530 -0.233183 0.740309
0.630530 -0.233183 0.740309
0.379024 0.027298 -0.924984
0.379024 0.027298 -0.924984
0.379024 0.027298 -0.924984
0.379024 0.027298 -0.924984
-0.844801 0.070138 0.530464
-0.844801 0.070138 0.530464
-0.844801 0.070138 0.530464
-0.844801 0.070138 0.530464
0.474637 -0.206457 0.855626
0.474637 -0.206457 0.855626
0.474637 -0.206457 0.855626
0.474637 -0.206457 0.855626
-0.058282 0.026313 -0.997953
-0.058282 0.026313 -0.997953
-0.058282 0.026313 -0.997953
-0.058282 0.026313 -0.997953
-0.669380 0.058424 -0.740619
-0.669380 0.058424 -0.740619
-0.669380 0.058424 -0.740619
-0.669380 0.058424 -0.740619
0.343738 -0.188107 0.920032
0.343738 -0.188107 0.920032
0.343738 -0.188107 0.920032
0.343738 -0.188107 0.920032
-0.058283 0.026313 0.997953
-0.058283 0.026313 0.997953
-0.058283 0.026313 0.997953
-0.058283 0.026313 0.997953
-0.150696 0.032768 -0.988037
-0.150696 0.032768 -0.988037
-0.150696 0.032768 -0.988037
-0.150696 0.032768 -0.988037
0.232731 -0.176379 0.956413
0.232731 -0.176379 0.956413
0.232731 -0.176379 0.956413
0.232731 -0.176379 0.956413
-0.533956 0.027219 0.845074
-0.533956 0.027219 0.845074
-0.533956 0.027219 0.845074
-0.533956 0.027219 0.845074
0.249863 0.035520 0.967629
0.249863 0.035520 0.967629
0.249863 0.035520 0.967629
0.249863 0.035520 0.967629
0.134821 -0.169513 0.976263
0.134821 -0.169513 0.976263
0.134821 -0.169513 0.976263
0.134821 -0.169513 0.976263
-0.981717 0.032832 -0.187495
-0.981717 0.032832 -0.187495
-0.981717 0.032832 -0.187495
-0.981717 0.032832 -0.187495
0.844799 0.070138 0.530466
0.844799 0.070138 0.530466
0.844799 0.070138 0.530466
0.844799 0.070138 0.530466
0.044169 -0.166354 0.985076
0.044169 -0.166354 0.985076
0.044169 -0.166354 0.985076
0.044169 -0.166354 0.985076
-0.393111 0.026355 -0.919113
-0.393111 0.026355 -0.919113
-0.393111 0.026355 -0.919113
-0.393111 0.026355 -0.919113
0.669381 0.058424 -0.740618
0.669381 0.058424 -0.740618
0.669381 0.058424 -0.740618
0.669381 0.058424 -0.740618
-0.044169 -0.166354 0.985076
-0.044169 -0.166354 0.985076
-0.044169 -0.166354 0.985076
-0.044169 -0.166354 0.985076
0.379023 0.027298 0.924984
0.379023 0.027298 0.924984
0.379023 0.027298 0.924984
0.379023 0.027298 0.924984
0.150697 0.032768 -0.988037
0.150697 0.032768 -0.988037
0.150697 0.032768 -0.988037
0.150697 0.032768 -0.988037
-0.134821 -0.169513 0.976263
-0.134821 -0.169513 0.976263
-0.134821 -0.169513 0.976263
-0.134821 -0.169513 0.976263
0.981084 0.030621 0.191145
0.981084 0.030621 0.191145
0.981084 0.030621 0.191145
0.981084 0.030621 0.191145
-0.150697 0.032767 0.988037
-0.150697 0.032767 0.988037
-0.150697 0.032767 0.988037
-0.150697 0.032767 0.988037
-0.232731 -0.176380 0.956413
-0.232731 -0.176380 0.956413
-0.232731 -0.176380 0.956413
-0.232731 -0.176380 0.956413
0.521736 0.027680 -0.852658
0.521736 0.027680 -0.852658
0.521736 0.027680 -0.852658
0.521736 0.027680 -0.852658
-0.669381 0.058424 0.740619
-0.669381 0.058424 0.740619
-0.669381 0.058424 0.740619
-0.669381 0.058424 0.740619
-0.343737 -0.188107 0.920033
-0.343737 -0.188107 0.920033
-0.343737 -0.188107 0.920033
-0.343737 -0.188107 0.920033
0.042005 0.026592 -0.998763
0.042005 0.026592 -0.998763
0.042005 0.026592 -0.998763
0.042005 0.026592 -0.998763
-0.844799 0.070138 -0.530468
-0.844799 0.070138 -0.530468
-0.844799 0.070138 -0.530468
-0.844799 0.070138 -0.530468
-0.474638 -0.206457 0.855625
-0.474638 -0.206457 0.855625
-0.474638 -0.206457 0.855625
-0.474638 -0.206457 0.855625
-0.160803 0.026090 0.986642
-0.160803 0.026090 0.986642
-0.160803 0.026090 0.986642
-0.160803 0.026090 0.986642
-0.249861 0.035521 -0.967630
-0.249861 0.035521 -0.967630
-0.249861 0.035521 -0.967630
-0.249861 0.035521 -0.967630
-0.630531 -0.233183 0.740308
-0.630531 -0.233183 0.740308
-0.630531 -0.233183 0.740308
-0.630531 -0.233183 0.740308
-0.694945 0.028811 0.718485
-0.694945 0.028811 0.718485
-0.694945 0.028811 0.718485
-0.694945 0.028811 0.718485
-0.107035 0.036523 -0.993584
-0.107035 0.036523 -0.993584
-0.107035 0.036523 -0.993584
-0.107035 0.036523 -0.993584
-0.802000 -0.266871 0.534393
-0.802000 -0.266871 0.534393
-0.802000 -0.266871 0.534393
-0.802000 -0.266871 0.534393
-0.861702 0.030999 -0.506467
-0.861702 0.030999 -0.506467
-0.861702 0.030999 -0.506467
-0.861702 0.030999 -0.506467
0.368252 0.040776 0.928831
0.368252 0.040776 0.928831
0.368252 0.040776 0.928831
0.368252 0.040776 0.928831
-0.933922 -0.294904 0.202045
-0.933922 -0.294904 0.202045
-0.933922 -0.294904 0.202045
-0.933922 -0.294904 0.202045
-0.333378 0.030623 -0.942296
-0.333378 0.030623 -0.942296
-0.333378 0.030623 -0.942296
-0.333378 0.030623 -0.942296
0.976759 0.079291 0.199134
0.976759 0.079291 0.199134
0.976759 0.079291 0.199134
0.976759 0.079291 0.199134
-0.933920 -0.294903 -0.202055
-0.933920 -0.294903 -0.202055
-0.933920 -0.294903 -0.202055
-0.933920 -0.294903 -0.202055
0.255314 0.027068 0.966479
0.255314 0.027068 0.966479
0.255314 0.027068 0.966479
0.255314 0.027068 0.966479
0.506696 0.048338 -0.860768
0.506696 0.048338 -0.860768
0.506696 0.048338 -0.860768
0.506696 0.048338 -0.860768
-0.801998 -0.266870 -0.534396
-0.801998 -0.266870 -0.534396
-0.801998 -0.266870 -0.534396
-0.801998 -0.266870 -0.534396
0.856865 0.029559 0.514693
0.856865 0.029559 0.514693
0.856865 0.029559 0.514693
0.856865 0.029559 0.514693
-0.107035 0.036522 0.993584
-0.107035 0.036522 0.993584
-0.107035 0.036522 0.993584
-0.107035 0.036522 0.993584
-0.630531 -0.233183 -0.740308
-0.630531 -0.233183 -0.740308
-0.630531 -0.233183 -0.740308
-0.630531 -0.233183 -0.740308
0.685722 0.028412 -0.727309
0.685722 0.028412 -0.727309
0.685722 0.028412 -0.727309
0.685722 0.028412 -0.727309
-0.506697 0.048337 0.860768
-0.506697 0.048337 0.860768
-0.506697 0.048337 0.860768
-0.506697 0.048337 0.860768
-0.474635 -0.206457 -0.855627
-0.474635 -0.206457 -0.855627
-0.474635 -0.206457 -0.855627
-0.474635 -0.206457 -0.855627
0.148360 -0.058511 -0.987201
0.148360 -0.058511 -0.987201
0.148360 -0.058511 -0.987201
0.148360 -0.058511 -0.987201
-0.976758 0.079291 -0.199140
-0.976758 0.079291 -0.199140
-0.976758 0.079291 -0.199140
-0.976758 0.079291 -0.199140
-0.343737 -0.188107 -0.920033
-0.343737 -0.188107 -0.920033
-0.343737 -0.188107 -0.920033
-0.343737 -0.188107 -0.920033
0.107034 0.036522 0.993584
0.107034 0.036522 0.993584
0.107034 0.036522 0.993584
0.107034 0.036522 0.993584
0.144853 0.026850 -0.989089
0.144853 0.026850 -0.989089
0.144853 0.026850 -0.989089
0.144853 0.026850 -0.989089
-0.232730 -0.176379 -0.956414
-0.232730 -0.176379 -0.956414
-0.232730 -0.176379 -0.956414
-0.232730 -0.176379 -0.956414
-0.368251 0.040776 -0.928832
-0.368251 0.040776 -0.928832
-0.368251 0.040776 -0.928832
-0.368251 0.040776 -0.928832
-0.044169 -0.166354 -0.985076
-0.044169 -0.166354 -0.985076
-0.044169 -0.166354 -0.985076
-0.044169 -0.166354 -0.985076
-0.134820 -0.169513 -0.976263
-0.134820 -0.169513 -0.976263
-0.134820 -0.169513 -0.976263
-0.134820 -0.169513 -0.976263
0.685721 0.028412 0.727310
0.685721 0.028412 0.727310
0.685721 0.028412 0.727310
0.685721 0.028412 0.727310
0.506697 0.048337 0.860768
0.506697 0.048337 0.860768
0.506697 0.048337 0.860768
0.506697 0.048337 0.860768
0.000000 -1.000000 0.000001
0.000000 -1.000000 0.000001
0.000000 -1.000000 0.000001
0.000000 -1.000000 0.000001
0.000000 -1.000000 0.000001
0.000000 -1.000000 0.000001
0.000000 -1.000000 0.000001
0.000000 -1.000000 0.000001
0.000000 -1.000000 0.000001
0.000000 -1.000000 0.000001
0.000000 -1.000000 0.000001
0.000000 -1.000000 0.000001
0.000000 -1.000000 0.000001
0.000000 -1.000000 0.000001
0.000000 -1.000000 0.000001
0.000000 -1.000000 0.000001
0.000000 -1.000000 0.000001
0.000000 -1.000000 0.000001
0.000000 -1.000000 0.000001
0.000000 -1.000000 0.000001
0.000000 -1.000000 0.000001
0.000000 -1.000000 0.000001
0.000000 -1.000000 0.000001
0.000000 -1.000000 0.000001
0.000000 -1.000000 0.000001
0.000000 -1.000000 0.000001
0.000000 -1.000000 0.000001
0.000000 -1.000000 0.000001
0.000000 -1.000000 0.000001
0.000000 -1.000000 0.000001
0.000000 -1.000000 0.000001
0.000000 -1.000000 0.000001
-0.861704 0.030999 0.506463
-0.861704 0.030999 0.506463
-0.861704 0.030999 0.506463
-0.861704 0.030999 0.506463
-0.270572 0.026047 0.962347
-0.270572 0.026047 0.962347
-0.270572 0.026047 0.962347
-0.270572 0.026047 0.962347
0.145371 0.207772 -0.967315
0.145371 0.207772 -0.967315
0.145371 0.207772 -0.967315
0.145371 0.207772 -0.967315
0.677147 -0.087903 -0.730579
0.677147 -0.087903 -0.730579
0.677147 -0.087903 -0.730579
0.677147 -0.087903 -0.730579
0.848424 -0.101506 0.519493
0.848424 -0.101506 0.519493
0.848424 -0.101506 0.519493
0.848424 -0.101506 0.519493
0.255491 -0.062053 0.964818
0.255491 -0.062053 0.964818
0.255491 -0.062053 0.964818
0.255491 -0.062053 0.964818
-0.148360 -0.058515 0.987201
-0.148360 -0.058515 0.987201
-0.148360 -0.058515 0.987201
-0.148360 -0.058515 0.987201
-0.677145 -0.087906 0.730580
-0.677145 -0.087906 0.730580
-0.677145 -0.087906 0.730580
-0.677145 -0.087906 0.730580
-0.848424 -0.101504 -0.519493
-0.848424 -0.101504 -0.519493
-0.848424 -0.101504 -0.519493
-0.848424 -0.101504 -0.519493
-0.255490 -0.062049 -0.964819
-0.255490 -0.062049 -0.964819
-0.255490 -0.062049 -0.964819
-0.255490 -0.062049 -0.964819
0.048658 -0.056832 -0.997197
0.048658 -0.056832 -0.997197
0.048658 -0.056832 -0.997197
0.048658 -0.056832 -0.997197
0.515296 -0.076317 -0.853607
0.515296 -0.076317 -0.853607
0.515296 -0.076317 -0.853607
0.515296 -0.076317 -0.853607
0.974621 -0.112122 0.193759
0.974621 -0.112122 0.193759
0.974621 -0.112122 0.193759
0.974621 -0.112122 0.193759
0.375773 -0.067817 0.924227
0.375773 -0.067817 0.924227
0.375773 -0.067817 0.924227
0.375773 -0.067817 0.924227
-0.048658 -0.056836 0.997197
-0.048658 -0.056836 0.997197
-0.048658 -0.056836 0.997197
-0.048658 -0.056836 0.997197
-0.515298 -0.076320 0.853606
-0.515298 -0.076320 0.853606
-0.515298 -0.076320 0.853606
-0.515298 -0.076320 0.853606
-0.974620 -0.112121 -0.193763
-0.974620 -0.112121 -0.193763
-0.974620 -0.112121 -0.193763
-0.974620 -0.112121 -0.193763
-0.375772 -0.067813 -0.924228
-0.375772 -0.067813 -0.924228
-0.375772 -0.067813 -0.924228
-0.375772 -0.067813 -0.924228
0.375773 -0.067813 -0.924227
0.375773 -0.067813 -0.924227
0.375773 -0.067813 -0.924227
0.375773 -0.067813 -0.924227
0.974621 -0.112121 -0.193759
0.974621 -0.112121 -0.193759
0.974621 -0.112121 -0.193759
0.974621 -0.112121 -0.193759
0.515296 -0.076320 0.853607
0.515296 -0.076320 0.853607
0.515296 -0.076320 0.853607
0.515296 -0.076320 0.853607
0.048657 -0.056836 0.997197
0.048657 -0.056836 0.997197
0.048657 -0.056836 0.997197
0.048657 -0.056836 0.997197
-0.515294 -0.076317 -0.853609
-0.515294 -0.076317 -0.853609
-0.515294 -0.076317 -0.853609
-0.515294 -0.076317 -0.853609
-0.048658 -0.056832 -0.997197
-0.048658 -0.056832 -0.997197
-0.048658 -0.056832 -0.997197
-0.048658 -0.056832 -0.997197
-0.375771 -0.067817 0.924228
-0.375771 -0.067817 0.924228
-0.375771 -0.067817 0.924228
-0.375771 -0.067817 0.924228
-0.974622 -0.112122 0.193754
-0.974622 -0.112122 0.193754
-0.974622 -0.112122 0.193754
-0.974622 -0.112122 0.193754
0.255490 -0.062049 -0.964819
0.255490 -0.062049 -0.964819
0.255490 -0.062049 -0.964819
0.255490 -0.062049 -0.964819
0.848424 -0.101504 -0.519494
0.848424 -0.101504 -0.519494
0.848424 -0.101504 -0.519494
0.848424 -0.101504 -0.519494
0.677146 -0.087906 0.730579
0.677146 -0.087906 0.730579
0.677146 -0.087906 0.730579
0.677146 -0.087906 0.730579
0.148360 -0.058515 0.987201
0.148360 -0.058515 0.987201
0.148360 -0.058515 0.987201
0.148360 -0.058515 0.987201
-0.848425 -0.101506 0.519491
-0.848425 -0.101506 0.519491
-0.848425 -0.101506 0.519491
-0.848425 -0.101506 0.519491
-0.677146 -0.087903 -0.730579
-0.677146 -0.087903 -0.730579
-0.677146 -0.087903 -0.730579
-0.677146 -0.087903 -0.730579
-0.148359 -0.058511 -0.987201
-0.148359 -0.058511 -0.987201
-0.148359 -0.058511 -0.987201
-0.148359 -0.058511 -0.987201
-0.255491 -0.062053 0.964818
-0.255491 -0.062053 0.964818
-0.255491 -0.062053 0.964818
-0.255491 -0.062053 0.964818
0.129489 0.490729 -0.861637
0.129489 0.490729 -0.861637
0.129489 0.490729 -0.861637
0.129489 0.490729 -0.861637
0.647478 0.304600 -0.698564
0.647478 0.304600 -0.698564
0.647478 0.304600 -0.698564
0.647478 0.304600 -0.698564
0.799900 0.346808 0.489780
0.799900 0.346808 0.489780
0.799900 0.346808 0.489780
0.799900 0.346808 0.489780
0.249724 0.219793 0.943042
0.249724 0.219793 0.943042
0.249724 0.219793 0.943042
0.249724 0.219793 0.943042
-0.647473 0.304601 0.698568
-0.647473 0.304601 0.698568
-0.647473 0.304601 0.698568
-0.647473 0.304601 0.698568
-0.799901 0.346806 -0.489779
-0.799901 0.346806 -0.489779
-0.799901 0.346806 -0.489779
-0.799901 0.346806 -0.489779
-0.249723 0.219789 -0.943043
-0.249723 0.219789 -0.943043
-0.249723 0.219789 -0.943043
-0.249723 0.219789 -0.943043
-0.145371 0.207776 0.967314
-0.145371 0.207776 0.967314
-0.145371 0.207776 0.967314
-0.145371 0.207776 0.967314
0.047732 0.202039 -0.978214
0.047732 0.202039 -0.978214
0.047732 0.202039 -0.978214
0.047732 0.202039 -0.978214
0.498000 0.267287 -0.824957
0.498000 0.267287 -0.824957
0.498000 0.267287 -0.824957
0.498000 0.267287 -0.824957
0.907843 0.378481 0.180483
0.907843 0.378481 0.180483
0.907843 0.378481 0.180483
0.907843 0.378481 0.180483
0.365708 0.239175 0.899473
0.365708 0.239175 0.899473
0.365708 0.239175 0.899473
0.365708 0.239175 0.899473
-0.047732 0.202042 0.978213
-0.047732 0.202042 0.978213
-0.047732 0.202042 0.978213
-0.047732 0.202042 0.978213
-0.498002 0.267291 0.824954
-0.498002 0.267291 0.824954
-0.498002 0.267291 0.824954
-0.498002 0.267291 0.824954
-0.907842 0.378480 -0.180485
-0.907842 0.378480 -0.180485
-0.907842 0.378480 -0.180485
-0.907842 0.378480 -0.180485
-0.365706 0.239171 -0.899476
-0.365706 0.239171 -0.899476
-0.365706 0.239171 -0.899476
-0.365706 0.239171 -0.899476
0.365710 0.239172 -0.899474
0.365710 0.239172 -0.899474
0.365710 0.239172 -0.899474
0.365710 0.239172 -0.899474
0.907844 0.378481 -0.180475
0.907844 0.378481 -0.180475
0.907844 0.378481 -0.180475
0.907844 0.378481 -0.180475
0.497999 0.267290 0.824956
0.497999 0.267290 0.824956
0.497999 0.267290 0.824956
0.497999 0.267290 0.824956
0.047731 0.202043 0.978213
0.047731 0.202043 0.978213
0.047731 0.202043 0.978213
0.047731 0.202043 0.978213
-0.047732 0.202039 -0.978214
-0.047732 0.202039 -0.978214
-0.047732 0.202039 -0.978214
-0.047732 0.202039 -0.978214
-0.365708 0.239175 0.899474
-0.365708 0.239175 0.899474
-0.365708 0.239175 0.899474
-0.365708 0.239175 0.899474
-0.907843 0.378481 0.180477
-0.907843 0.378481 0.180477
-0.907843 0.378481 0.180477
-0.907843 0.378481 0.180477
-0.497999 0.267287 -0.824958
-0.497999 0.267287 -0.824958
-0.497999 0.267287 -0.824958
-0.497999 0.267287 -0.824958
0.249723 0.219789 -0.943044
0.249723 0.219789 -0.943044
0.249723 0.219789 -0.943044
0.249723 0.219789 -0.943044
0.799898 0.346805 -0.489785
0.799898 0.346805 -0.489785
0.799898 0.346805 -0.489785
0.799898 0.346805 -0.489785
0.647477 0.304602 0.698564
0.647477 0.304602 0.698564
0.647477 0.304602 0.698564
0.647477 0.304602 0.698564
0.145372 0.207777 0.967314
0.145372 0.207777 0.967314
0.145372 0.207777 0.967314
0.145372 0.207777 0.967314
-0.647474 0.304598 -0.698568
-0.647474 0.304598 -0.698568
-0.647474 0.304598 -0.698568
-0.647474 0.304598 -0.698568
-0.145371 0.207772 -0.967315
-0.145371 0.207772 -0.967315
-0.145371 0.207772 -0.967315
-0.145371 0.207772 -0.967315
-0.249725 0.219794 0.943042
-0.249725 0.219794 0.943042
-0.249725 0.219794 0.943042
-0.249725 0.219794 0.943042
-0.799902 0.346809 0.489776
-0.799902 0.346809 0.489776
-0.799902 0.346809 0.489776
-0.799902 0.346809 0.489776
0.000000 1.000000 0.000012
0.000000 1.000000 0.000012
0.000000 1.000000 0.000012
0.000000 1.000000 0.000012
0.000000 1.000000 0.000012
0.000000 1.000000 0.000012
0.000000 1.000000 0.000012
0.000000 1.000000 0.000012
0.000000 1.000000 0.000012
0.000000 1.000000 0.000012
0.000000 1.000000 0.000012
0.000000 1.000000 0.000012
0.000000 1.000000 0.000012
0.000000 1.000000 0.000012
0.000000 1.000000 0.000012
0.000000 1.000000 0.000012
0.000000 1.000000 0.000012
0.000000 1.000000 0.000012
0.000000 1.000000 0.000012
0.000000 1.000000 0.000012
0.000000 1.000000 0.000012
0.000000 1.000000 0.000012
0.000000 1.000000 0.000012
0.000000 1.000000 0.000012
0.000000 1.000000 0.000012
0.000000 1.000000 0.000012
0.000000 1.000000 0.000012
0.000000 1.000000 0.000012
0.000000 1.000000 0.000012
0.000000 1.000000 0.000012
0.000000 1.000000 0.000012
0.000000 1.000000 0.000012
0.518472 0.646733 -0.559396
0.518472 0.646733 -0.559396
0.518472 0.646733 -0.559396
0.518472 0.646733 -0.559396
0.608980 0.700077 0.372874
0.608980 0.700077 0.372874
0.608980 0.700077 0.372874
0.608980 0.700077 0.372874
0.219759 0.512844 0.829878
0.219759 0.512844 0.829878
0.219759 0.512844 0.829878
0.219759 0.512844 0.829878
-0.608978 0.700077 -0.372877
-0.608978 0.700077 -0.372877
-0.608978 0.700077 -0.372877
-0.608978 0.700077 -0.372877
-0.219756 0.512844 -0.829879
-0.219756 0.512844 -0.829879
-0.219756 0.512844 -0.829879
-0.219756 0.512844 -0.829879
-0.129490 0.490723 0.861640
-0.129490 0.490723 0.861640
-0.129490 0.490723 0.861640
-0.129490 0.490723 0.861640
-0.518479 0.646738 0.559383
-0.518479 0.646738 0.559383
-0.518479 0.646738 0.559383
-0.518479 0.646738 0.559383
0.042758 0.479894 -0.876284
0.042758 0.479894 -0.876284
0.042758 0.479894 -0.876284
0.042758 0.479894 -0.876284
0.416325 0.592485 -0.689663
0.416325 0.592485 -0.689663
0.416325 0.592485 -0.689663
0.416325 0.592485 -0.689663
0.664973 0.735070 0.132222
0.664973 0.735070 0.132222
0.664973 0.735070 0.132222
0.664973 0.735070 0.132222
0.315341 0.546823 0.775593
0.315341 0.546823 0.775593
0.315341 0.546823 0.775593
0.315341 0.546823 0.775593
-0.416329 0.592484 0.689661
-0.416329 0.592484 0.689661
-0.416329 0.592484 0.689661
-0.416329 0.592484 0.689661
-0.664975 0.735073 -0.132198
-0.664975 0.735073 -0.132198
-0.664975 0.735073 -0.132198
-0.664975 0.735073 -0.132198
-0.315338 0.546826 -0.775592
-0.315338 0.546826 -0.775592
-0.315338 0.546826 -0.775592
-0.315338 0.546826 -0.775592
-0.042758 0.479889 0.876287
-0.042758 0.479889 0.876287
-0.042758 0.479889 0.876287
-0.042758 0.479889 0.876287
0.315342 0.546830 -0.775588
0.315342 0.546830 -0.775588
0.315342 0.546830 -0.775588
0.315342 0.546830 -0.775588
0.664975 0.735073 -0.132198
0.664975 0.735073 -0.132198
0.664975 0.735073 -0.132198
0.664975 0.735073 -0.132198
0.416327 0.592483 0.689663
0.416327 0.592483 0.689663
0.416327 0.592483 0.689663
0.416327 0.592483 0.689663
0.042758 0.479889 0.876287
0.042758 0.479889 0.876287
0.042758 0.479889 0.876287
0.042758 0.479889 0.876287
-0.315340 0.546822 0.775594
-0.315340 0.546822 0.775594
-0.315340 0.546822 0.775594
-0.315340 0.546822 0.775594
-0.664974 0.735071 0.132215
-0.664974 0.735071 0.132215
-0.664974 0.735071 0.132215
-0.664974 0.735071 0.132215
-0.416325 0.592487 -0.689661
-0.416325 0.592487 -0.689661
-0.416325 0.592487 -0.689661
-0.416325 0.592487 -0.689661
-0.042758 0.479892 -0.876285
-0.042758 0.479892 -0.876285
-0.042758 0.479892 -0.876285
-0.042758 0.479892 -0.876285
0.219757 0.512847 -0.829876
0.219757 0.512847 -0.829876
0.219757 0.512847 -0.829876
0.219757 0.512847 -0.829876
0.608976 0.700075 -0.372887
0.608976 0.700075 -0.372887
0.608976 0.700075 -0.372887
0.608976 0.700075 -0.372887
0.518481 0.646740 0.559379
0.518481 0.646740 0.559379
0.518481 0.646740 0.559379
0.518481 0.646740 0.559379
0.129491 0.490726 0.861638
0.129491 0.490726 0.861638
0.129491 0.490726 0.861638
0.129491 0.490726 0.861638
-0.129489 0.490730 -0.861636
-0.129489 0.490730 -0.861636
-0.129489 0.490730 -0.861636
-0.129489 0.490730 -0.861636
-0.219760 0.512844 0.829877
-0.219760 0.512844 0.829877
-0.219760 0.512844 0.829877
-0.219760 0.512844 0.829877
-0.608980 0.700076 0.372877
-0.608980 0.700076 0.372877
-0.608980 0.700076 0.372877
-0.608980 0.700076 0.372877
-0.518477 0.646739 -0.559384
-0.518477 0.646739 -0.559384
-0.518477 0.646739 -0.559384
-0.518477 0.646739 -0.559384
-0.310697 0.062238 0.948469
-0.310697 0.062238 0.948469
-0.310697 0.062238 0.948469
-0.310697 0.062238 0.948469
-0.872144 0.006466 0.489206
-0.872144 0.006466 0.489206
-0.872144 0.006466 0.489206
-0.872144 0.006466 0.489206
0.693247 0.050824 0.718905
0.693247 0.050824 0.718905
0.693247 0.050824 0.718905
0.693247 0.050824 0.718905
0.111876 0.082167 -0.990319
0.111876 0.082167 -0.990319
0.111876 0.082167 -0.990319
0.111876 0.082167 -0.990319
0.693249 0.050823 -0.718904
0.693249 0.050823 -0.718904
0.693249 0.050823 -0.718904
0.693249 0.050823 -0.718904
0.864664 0.039705 0.500778
0.864664 0.039705 0.500778
0.864664 0.039705 0.500778
0.864664 0.039705 0.500778
0.231251 0.078767 0.969700
0.231251 0.078767 0.969700
0.231251 0.078767 0.969700
0.231251 0.078767 0.969700
-0.352507 0.033119 -0.935223
-0.352507 0.033119 -0.935223
-0.352507 0.033119 -0.935223
-0.352507 0.033119 -0.935223
-0.872141 0.006466 -0.489211
-0.872141 0.006466 -0.489211
-0.872141 0.006466 -0.489211
-0.872141 0.006466 -0.489211
-0.715721 0.020787 0.698077
-0.715721 0.020787 0.698077
-0.715721 0.020787 0.698077
-0.715721 0.020787 0.698077
-0.203063 0.071836 0.976527
-0.203063 0.071836 0.976527
-0.203063 0.071836 0.976527
-0.203063 0.071836 0.976527
0.003054 0.082062 -0.996622
0.003054 0.082062 -0.996622
0.003054 0.082062 -0.996622
0.003054 0.082062 -0.996622
0.520737 0.062304 -0.851441
0.520737 0.062304 -0.851441
0.520737 0.062304 -0.851441
0.520737 0.062304 -0.851441
0.982513 0.032446 0.183345
0.982513 0.032446 0.183345
0.982513 0.032446 0.183345
0.982513 0.032446 0.183345
0.366221 0.071985 0.927739
0.366221 0.071985 0.927739
0.366221 0.071985 0.927739
0.366221 0.071985 0.927739
-0.428914 0.050124 -0.901954
-0.428914 0.050124 -0.901954
-0.428914 0.050124 -0.901954
-0.428914 0.050124 -0.901954
-0.983611 -0.002965 -0.180279
-0.983611 -0.002965 -0.180279
-0.983611 -0.002965 -0.180279
-0.983611 -0.002965 -0.180279
-0.563337 0.036004 0.825442
-0.563337 0.036004 0.825442
-0.563337 0.036004 0.825442
-0.563337 0.036004 0.825442
-0.100250 0.078544 0.991857
-0.100250 0.078544 0.991857
-0.100250 0.078544 0.991857
-0.100250 0.078544 0.991857
-0.100250 0.078545 -0.991857
-0.100250 0.078545 -0.991857
-0.100250 0.078545 -0.991857
-0.100250 0.078545 -0.991857
0.366222 0.071985 -0.927739
0.366222 0.071985 -0.927739
0.366222 0.071985 -0.927739
0.366222 0.071985 -0.927739
0.982513 0.032446 -0.183347
0.982513 0.032446 -0.183347
0.982513 0.032446 -0.183347
0.982513 0.032446 -0.183347
0.520739 0.062304 0.851439
0.520739 0.062304 0.851439
0.520739 0.062304 0.851439
0.520739 0.062304 0.851439
0.003053 0.082062 0.996623
0.003053 0.082062 0.996623
0.003053 0.082062 0.996623
0.003053 0.082062 0.996623
-0.126716 0.043985 -0.990963
-0.126716 0.043985 -0.990963
-0.126716 0.043985 -0.990963
-0.126716 0.043985 -0.990963
-0.563335 0.036004 -0.825444
-0.563335 0.036004 -0.825444
-0.563335 0.036004 -0.825444
-0.563335 0.036004 -0.825444
-0.983612 -0.002964 0.180276
-0.983612 -0.002964 0.180276
-0.983612 -0.002964 0.180276
-0.983612 -0.002964 0.180276
-0.428917 0.050124 0.901952
-0.428917 0.050124 0.901952
-0.428917 0.050124 0.901952
-0.428917 0.050124 0.901952
0.231249 0.078767 -0.969701
0.231249 0.078767 -0.969701
0.231249 0.078767 -0.969701
0.231249 0.078767 -0.969701
0.864663 0.039705 -0.500781
0.864663 0.039705 -0.500781
0.864663 0.039705 -0.500781
0.864663 0.039705 -0.500781
-0.715720 0.020786 -0.698077
-0.715720 0.020786 -0.698077
-0.715720 0.020786 -0.698077
-0.715720 0.020786 -0.698077
0.111876 0.082167 0.990319
0.111876 0.082167 0.990319
0.111876 0.082167 0.990319
0.111876 0.082167 0.990319
0.157786 -0.004000 0.987465
0.157786 -0.004000 0.987465
0.157786 -0.004000 0.987465
0.157786 -0.004000 0.987465
-0.711290 0.106544 -0.694777
-0.711290 0.106544 -0.694777
-0.711290 0.106544 -0.694777
-0.711290 0.106544 -0.694777
0.859294 0.056336 -0.508371
0.859294 0.056336 -0.508371
0.859294 0.056336 -0.508371
0.859294 0.056336 -0.508371
0.267844 0.004594 -0.963451
0.267844 0.004594 -0.963451
0.267844 0.004594 -0.963451
0.267844 0.004594 -0.963451
-0.398092 0.015363 0.917217
-0.398092 0.015363 0.917217
-0.398092 0.015363 0.917217
-0.398092 0.015363 0.917217
-0.960645 0.220779 0.168575
-0.960645 0.220779 0.168575
-0.960645 0.220779 0.168575
-0.960645 0.220779 0.168575
-0.547381 0.051261 -0.835312
-0.547381 0.051261 -0.835312
-0.547381 0.051261 -0.835312
-0.547381 0.051261 -0.835312
-0.152996 -0.012422 -0.988149
-0.152996 -0.012422 -0.988149
-0.152996 -0.012422 -0.988149
-0.152996 -0.012422 -0.988149
0.054487 -0.010324 0.998461
0.054487 -0.010324 0.998461
0.054487 -0.010324 0.998461
0.054487 -0.010324 0.998461
0.531167 0.027670 0.846815
0.531167 0.027670 0.846815
0.531167 0.027670 0.846815
0.531167 0.027670 0.846815
0.979844 0.066580 -0.188345
0.979844 0.066580 -0.188345
0.979844 0.066580 -0.188345
0.979844 0.066580 -0.188345
0.390404 0.015168 -0.920519
0.390404 0.015168 -0.920519
0.390404 0.015168 -0.920519
0.390404 0.015168 -0.920519
-0.047362 -0.013626 -0.998785
-0.047362 -0.013626 -0.998785
-0.047362 -0.013626 -0.998785
-0.047362 -0.013626 -0.998785
-0.047363 -0.013625 0.998785
-0.047363 -0.013625 0.998785
-0.047363 -0.013625 0.998785
-0.047363 -0.013625 0.998785
-0.547383 0.051262 0.835311
-0.547383 0.051262 0.835311
-0.547383 0.051262 0.835311
-0.547383 0.051262 0.835311
-0.960644 0.220779 -0.168580
-0.960644 0.220779 -0.168580
-0.960644 0.220779 -0.168580
-0.960644 0.220779 -0.168580
-0.398091 0.015362 -0.917217
-0.398091 0.015362 -0.917217
-0.398091 0.015362 -0.917217
-0.398091 0.015362 -0.917217
0.390404 0.015168 0.920518
0.390404 0.015168 0.920518
0.390404 0.015168 0.920518
0.390404 0.015168 0.920518
0.979844 0.066580 0.188344
0.979844 0.066580 0.188344
0.979844 0.066580 0.188344
0.979844 0.066580 0.188344
0.531168 0.027670 -0.846815
0.531168 0.027670 -0.846815
0.531168 0.027670 -0.846815
0.531168 0.027670 -0.846815
0.054489 -0.010324 -0.998461
0.054489 -0.010324 -0.998461
0.054489 -0.010324 -0.998461
0.054489 -0.010324 -0.998461
-0.152996 -0.012422 0.988149
-0.152996 -0.012422 0.988149
-0.152996 -0.012422 0.988149
-0.152996 -0.012422 0.988149
-0.711291 0.106544 0.694776
-0.711291 0.106544 0.694776
-0.711291 0.106544 0.694776
-0.711291 0.106544 0.694776
-0.864630 0.172479 -0.471876
-0.864630 0.172479 -0.471876
-0.864630 0.172479 -0.471876
-0.864630 0.172479 -0.471876
-0.267975 -0.004122 -0.963417
-0.267975 -0.004122 -0.963417
-0.267975 -0.004122 -0.963417
-0.267975 -0.004122 -0.963417
0.267845 0.004594 0.963451
0.267845 0.004594 0.963451
0.267845 0.004594 0.963451
0.267845 0.004594 0.963451
0.859295 0.056336 0.508369
0.859295 0.056336 0.508369
0.859295 0.056336 0.508369
0.859295 0.056336 0.508369
0.692188 0.041879 -0.720501
0.692188 0.041879 -0.720501
0.692188 0.041879 -0.720501
0.692188 0.041879 -0.720501
0.157786 -0.004000 -0.987465
0.157786 -0.004000 -0.987465
0.157786 -0.004000 -0.987465
0.157786 -0.004000 -0.987465
0.692186 0.041879 0.720503
0.692186 0.041879 0.720503
0.692186 0.041879 0.720503
0.692186 0.041879 0.720503
-0.864634 0.172480 0.471868
-0.864634 0.172480 0.471868
-0.864634 0.172480 0.471868
-0.864634 0.172480 0.471868
-0.267976 -0.004121 0.963417
-0.267976 -0.004121 0.963417
-0.267976 -0.004121 0.963417
-0.267976 -0.004121 0.963417
-0.255492 -0.062053 0.964818
-0.255492 -0.062053 0.964818
-0.255492 -0.062053 0.964818
-0.255492 -0.062053 0.964818
-0.148359 -0.058511 -0.987201
-0.148359 -0.058511 -0.987201
-0.148359 -0.058511 -0.987201
-0.148359 -0.058511 -0.987201
-0.677146 -0.087903 -0.730579
-0.677146 -0.087903 -0.730579
-0.677146 -0.087903 -0.730579
-0.677146 -0.087903 -0.730579
-0.848425 -0.101506 0.519492
-0.848425 -0.101506 0.519492
-0.848425 -0.101506 0.519492
-0.848425 -0.101506 0.519492
0.148360 -0.058515 0.987201
0.148360 -0.058515 0.987201
0.148360 -0.058515 0.987201
0.148360 -0.058515 0.987201
0.677146 -0.087906 0.730579
0.677146 -0.087906 0.730579
0.677146 -0.087906 0.730579
0.677146 -0.087906 0.730579
0.848423 -0.101504 -0.519495
0.848423 -0.101504 -0.519495
0.848423 -0.101504 -0.519495
0.848423 -0.101504 -0.519495
0.255490 -0.062049 -0.964819
0.255490 -0.062049 -0.964819
0.255490 -0.062049 -0.964819
0.255490 -0.062049 -0.964819
-0.974622 -0.112122 0.193756
-0.974622 -0.112122 0.193756
-0.974622 -0.112122 0.193756
-0.974622 -0.112122 0.193756
-0.375771 -0.067817 0.924228
-0.375771 -0.067817 0.924228
-0.375771 -0.067817 0.924228
-0.375771 -0.067817 0.924228
-0.048658 -0.056832 -0.997197
-0.048658 -0.056832 -0.997197
-0.048658 -0.056832 -0.997197
-0.048658 -0.056832 -0.997197
-0.515294 -0.076317 -0.853609
-0.515294 -0.076317 -0.853609
-0.515294 -0.076317 -0.853609
-0.515294 -0.076317 -0.853609
0.048657 -0.056836 0.997197
0.048657 -0.056836 0.997197
0.048657 -0.056836 0.997197
0.048657 -0.056836 0.997197
0.515296 -0.076320 0.853607
0.515296 -0.076320 0.853607
0.515296 -0.076320 0.853607
0.515296 -0.076320 0.853607
0.974621 -0.112121 -0.193761
0.974621 -0.112121 -0.193761
0.974621 -0.112121 -0.193761
0.974621 -0.112121 -0.193761
0.375773 -0.067813 -0.924227
0.375773 -0.067813 -0.924227
0.375773 -0.067813 -0.924227
0.375773 -0.067813 -0.924227
-0.375771 -0.067813 -0.924228
-0.375771 -0.067813 -0.924228
-0.375771 -0.067813 -0.924228
-0.375771 -0.067813 -0.924228
-0.974621 -0.112122 -0.193761
-0.974621 -0.112122 -0.193761
-0.974621 -0.112122 -0.193761
-0.974621 -0.112122 -0.193761
-0.515298 -0.076320 0.853606
-0.515298 -0.076320 0.853606
-0.515298 -0.076320 0.853606
-0.515298 -0.076320 0.853606
-0.048658 -0.056836 0.997197
-0.048658 -0.056836 0.997197
-0.048658 -0.056836 0.997197
-0.048658 -0.056836 0.997197
0.375772 -0.067817 0.924227
0.375772 -0.067817 0.924227
0.375772 -0.067817 0.924227
0.375772 -0.067817 0.924227
0.974621 -0.112122 0.193757
0.974621 -0.112122 0.193757
0.974621 -0.112122 0.193757
0.974621 -0.112122 0.193757
0.515296 -0.076317 -0.853607
0.515296 -0.076317 -0.853607
0.515296 -0.076317 -0.853607
0.515296 -0.076317 -0.853607
0.048658 -0.056832 -0.997197
0.048658 -0.056832 -0.997197
0.048658 -0.056832 -0.997197
0.048658 -0.056832 -0.997197
-0.255490 -0.062049 -0.964819
-0.255490 -0.062049 -0.964819
-0.255490 -0.062049 -0.964819
-0.255490 -0.062049 -0.964819
-0.848424 -0.101504 -0.519493
-0.848424 -0.101504 -0.519493
-0.848424 -0.101504 -0.519493
-0.848424 -0.101504 -0.519493
-0.677145 -0.087906 0.730579
-0.677145 -0.087906 0.730579
-0.677145 -0.087906 0.730579
-0.677145 -0.087906 0.730579
-0.148360 -0.058515 0.987201
-0.148360 -0.058515 0.987201
-0.148360 -0.058515 0.987201
-0.148360 -0.058515 0.987201
0.255491 -0.062053 0.964818
0.255491 -0.062053 0.964818
0.255491 -0.062053 0.964818
0.255491 -0.062053 0.964818
0.848424 -0.101506 0.519494
0.848424 -0.101506 0.519494
0.848424 -0.101506 0.519494
0.848424 -0.101506 0.519494
0.677147 -0.087903 -0.730579
0.677147 -0.087903 -0.730579
0.677147 -0.087903 -0.730579
0.677147 -0.087903 -0.730579
0.148360 -0.058511 -0.987201
0.148360 -0.058511 -0.987201
0.148360 -0.058511 -0.987201
0.148360 -0.058511 -0.987201
-0.633154 -0.771509 -0.062371
-0.633154 -0.771509 -0.062371
-0.633154 -0.771509 -0.062371
-0.633154 -0.771509 -0.062371
-0.990438 -0.097549 -0.097551
-0.990438 -0.097549 -0.097551
-0.990438 -0.097549 -0.097551
-0.990438 -0.097549 -0.097551
-0.770779 0.632563 -0.075919
-0.770779 0.632563 -0.075919
-0.770779 0.632563 -0.075919
-0.770779 0.632563 -0.075919
-0.470895 -0.880970 -0.046368
-0.470895 -0.880970 -0.046368
-0.470895 -0.880970 -0.046368
-0.470895 -0.880970 -0.046368
-0.952718 -0.289004 -0.093834
-0.952718 -0.289004 -0.093834
-0.952718 -0.289004 -0.093834
-0.952718 -0.289004 -0.093834
-0.878613 0.469628 -0.086534
-0.878613 0.469628 -0.086534
-0.878613 0.469628 -0.086534
-0.878613 0.469628 -0.086534
-0.290172 0.956548 -0.028582
-0.290172 0.956548 -0.028582
-0.290172 0.956548 -0.028582
-0.290172 0.956548 -0.028582
-0.470888 0.880973 -0.046375
-0.470888 0.880973 -0.046375
-0.470888 0.880973 -0.046375
-0.470888 0.880973 -0.046375
-0.290163 -0.956550 -0.028602
-0.290163 -0.956550 -0.028602
-0.290163 -0.956550 -0.028602
-0.290163 -0.956550 -0.028602
-0.878613 -0.469629 -0.086531
-0.878613 -0.469629 -0.086531
-0.878613 -0.469629 -0.086531
-0.878613 -0.469629 -0.086531
-0.952718 0.289004 -0.093835
-0.952718 0.289004 -0.093835
-0.952718 0.289004 -0.093835
-0.952718 0.289004 -0.093835
-0.990438 0.097550 -0.097550
-0.990438 0.097550 -0.097550
-0.990438 0.097550 -0.097550
-0.990438 0.097550 -0.097550
-0.633160 0.771504 -0.062364
-0.633160 0.771504 -0.062364
-0.633160 0.771504 -0.062364
-0.633160 0.771504 -0.062364
-0.770780 -0.632563 -0.075908
-0.770780 -0.632563 -0.075908
-0.770780 -0.632563 -0.075908
-0.770780 -0.632563 -0.075908
-0.608822 -0.771509 -0.184686
-0.608822 -0.771509 -0.184686
-0.608822 -0.771509 -0.184686
-0.608822 -0.771509 -0.184686
-0.952376 -0.097549 -0.288900
-0.952376 -0.097549 -0.288900
-0.952376 -0.097549 -0.288900
-0.952376 -0.097549 -0.288900
-0.741159 0.632562 -0.224830
-0.741159 0.632562 -0.224830
-0.741159 0.632562 -0.224830
-0.741159 0.632562 -0.224830
-0.279021 0.956548 -0.084631
-0.279021 0.956548 -0.084631
-0.279021 0.956548 -0.084631
-0.279021 0.956548 -0.084631
-0.452799 -0.880969 -0.137354
-0.452799 -0.880969 -0.137354
-0.452799 -0.880969 -0.137354
-0.452799 -0.880969 -0.137354
-0.916105 -0.289005 -0.277898
-0.916105 -0.289005 -0.277898
-0.916105 -0.289005 -0.277898
-0.916105 -0.289005 -0.277898
-0.844849 0.469629 -0.256277
-0.844849 0.469629 -0.256277
-0.844849 0.469629 -0.256277
-0.844849 0.469629 -0.256277
-0.916106 0.289004 -0.277896
-0.916106 0.289004 -0.277896
-0.916106 0.289004 -0.277896
-0.916106 0.289004 -0.277896
-0.452793 0.880975 -0.137339
-0.452793 0.880975 -0.137339
-0.452793 0.880975 -0.137339
-0.452793 0.880975 -0.137339
-0.279012 -0.956548 -0.084664
-0.279012 -0.956548 -0.084664
-0.279012 -0.956548 -0.084664
-0.279012 -0.956548 -0.084664
-0.844850 -0.469629 -0.256276
-0.844850 -0.469629 -0.256276
-0.844850 -0.469629 -0.256276
-0.844850 -0.469629 -0.256276
-0.741159 -0.632562 -0.224831
-0.741159 -0.632562 -0.224831
-0.741159 -0.632562 -0.224831
-0.741159 -0.632562 -0.224831
-0.952376 0.097550 -0.288901
-0.952376 0.097550 -0.288901
-0.952376 0.097550 -0.288901
-0.952376 0.097550 -0.288901
-0.608827 0.771504 -0.184690
-0.608827 0.771504 -0.184690
-0.608827 0.771504 -0.184690
-0.608827 0.771504 -0.184690
-0.561099 0.771505 -0.299914
-0.561099 0.771505 -0.299914
-0.561099 0.771505 -0.299914
-0.561099 0.771505 -0.299914
-0.683057 -0.632563 -0.365099
-0.683057 -0.632563 -0.365099
-0.683057 -0.632563 -0.365099
-0.683057 -0.632563 -0.365099
-0.877714 0.097550 -0.469151
-0.877714 0.097550 -0.469151
-0.877714 0.097550 -0.469151
-0.877714 0.097550 -0.469151
-0.877714 -0.097549 -0.469151
-0.877714 -0.097549 -0.469151
-0.877714 -0.097549 -0.469151
-0.877714 -0.097549 -0.469151
-0.683055 0.632561 -0.365105
-0.683055 0.632561 -0.365105
-0.683055 0.632561 -0.365105
-0.683055 0.632561 -0.365105
-0.561093 -0.771509 -0.299914
-0.561093 -0.771509 -0.299914
-0.561093 -0.771509 -0.299914
-0.561093 -0.771509 -0.299914
-0.417302 -0.880969 -0.223053
-0.417302 -0.880969 -0.223053
-0.417302 -0.880969 -0.223053
-0.417302 -0.880969 -0.223053
-0.844288 -0.289004 -0.451280
-0.844288 -0.289004 -0.451280
-0.844288 -0.289004 -0.451280
-0.844288 -0.289004 -0.451280
-0.778615 0.469628 -0.416183
-0.778615 0.469628 -0.416183
-0.778615 0.469628 -0.416183
-0.778615 0.469628 -0.416183
-0.257146 0.956546 -0.137464
-0.257146 0.956546 -0.137464
-0.257146 0.956546 -0.137464
-0.257146 0.956546 -0.137464
-0.257138 -0.956547 -0.137469
-0.257138 -0.956547 -0.137469
-0.257138 -0.956547 -0.137469
-0.257138 -0.956547 -0.137469
-0.778619 -0.469629 -0.416175
-0.778619 -0.469629 -0.416175
-0.778619 -0.469629 -0.416175
-0.778619 -0.469629 -0.416175
-0.844287 0.289003 -0.451284
-0.844287 0.289003 -0.451284
-0.844287 0.289003 -0.451284
-0.844287 0.289003 -0.451284
-0.417296 0.880972 -0.223052
-0.417296 0.880972 -0.223052
-0.417296 0.880972 -0.223052
-0.417296 0.880972 -0.223052
-0.682462 -0.469627 -0.560085
-0.682462 -0.469627 -0.560085
-0.682462 -0.469627 -0.560085
-0.682462 -0.469627 -0.560085
-0.740026 0.289004 -0.607320
-0.740026 0.289004 -0.607320
-0.740026 0.289004 -0.607320
-0.740026 0.289004 -0.607320
-0.365761 0.880969 -0.300188
-0.365761 0.880969 -0.300188
-0.365761 0.880969 -0.300188
-0.365761 0.880969 -0.300188
-0.225384 -0.956552 -0.184960
-0.225384 -0.956552 -0.184960
-0.225384 -0.956552 -0.184960
-0.225384 -0.956552 -0.184960
-0.598705 -0.632563 -0.491341
-0.598705 -0.632563 -0.491341
-0.598705 -0.632563 -0.491341
-0.598705 -0.632563 -0.491341
-0.769324 0.097550 -0.631367
-0.769324 0.097550 -0.631367
-0.769324 0.097550 -0.631367
-0.769324 0.097550 -0.631367
-0.491806 0.771503 -0.403620
-0.491806 0.771503 -0.403620
-0.491806 0.771503 -0.403620
-0.491806 0.771503 -0.403620
-0.491804 -0.771512 -0.403606
-0.491804 -0.771512 -0.403606
-0.491804 -0.771512 -0.403606
-0.491804 -0.771512 -0.403606
-0.769326 -0.097550 -0.631365
-0.769326 -0.097550 -0.631365
-0.769326 -0.097550 -0.631365
-0.769326 -0.097550 -0.631365
-0.598705 0.632564 -0.491340
-0.598705 0.632564 -0.491340
-0.598705 0.632564 -0.491340
-0.598705 0.632564 -0.491340
-0.682463 0.469629 -0.560083
-0.682463 0.469629 -0.560083
-0.682463 0.469629 -0.560083
-0.682463 0.469629 -0.560083
-0.225391 0.956548 -0.184975
-0.225391 0.956548 -0.184975
-0.225391 0.956548 -0.184975
-0.225391 0.956548 -0.184975
-0.365768 -0.880968 -0.300181
-0.365768 -0.880968 -0.300181
-0.365768 -0.880968 -0.300181
-0.365768 -0.880968 -0.300181
-0.740025 -0.289005 -0.607322
-0.740025 -0.289005 -0.607322
-0.740025 -0.289005 -0.607322
-0.740025 -0.289005 -0.607322
-0.300177 -0.880966 -0.365777
-0.300177 -0.880966 -0.365777
-0.300177 -0.880966 -0.365777
-0.300177 -0.880966 -0.365777
-0.607321 -0.289004 -0.740026
-0.607321 -0.289004 -0.740026
-0.607321 -0.289004 -0.740026
-0.607321 -0.289004 -0.740026
-0.560082 0.469629 -0.682464
-0.560082 0.469629 -0.682464
-0.560082 0.469629 -0.682464
-0.560082 0.469629 -0.682464
-0.184975 0.956551 -0.225374
-0.184975 0.956551 -0.225374
-0.184975 0.956551 -0.225374
-0.184975 0.956551 -0.225374
-0.300173 0.880972 -0.365766
-0.300173 0.880972 -0.365766
-0.300173 0.880972 -0.365766
-0.300173 0.880972 -0.365766
-0.184968 -0.956549 -0.225390
-0.184968 -0.956549 -0.225390
-0.184968 -0.956549 -0.225390
-0.184968 -0.956549 -0.225390
-0.560084 -0.469628 -0.682463
-0.560084 -0.469628 -0.682463
-0.560084 -0.469628 -0.682463
-0.560084 -0.469628 -0.682463
-0.607319 0.289003 -0.740028
-0.607319 0.289003 -0.740028
-0.607319 0.289003 -0.740028
-0.607319 0.289003 -0.740028
-0.631364 0.097550 -0.769326
-0.631364 0.097550 -0.769326
-0.631364 0.097550 -0.769326
-0.631364 0.097550 -0.769326
-0.403614 0.771502 -0.491813
-0.403614 0.771502 -0.491813
-0.403614 0.771502 -0.491813
-0.403614 0.771502 -0.491813
-0.491341 -0.632560 -0.598709
-0.491341 -0.632560 -0.598709
-0.491341 -0.632560 -0.598709
-0.491341 -0.632560 -0.598709
-0.403611 -0.771508 -0.491806
-0.403611 -0.771508 -0.491806
-0.403611 -0.771508 -0.491806
-0.403611 -0.771508 -0.491806
-0.631367 -0.097550 -0.769324
-0.631367 -0.097550 -0.769324
-0.631367 -0.097550 -0.769324
-0.631367 -0.097550 -0.769324
-0.491342 0.632561 -0.598706
-0.491342 0.632561 -0.598706
-0.491342 0.632561 -0.598706
-0.491342 0.632561 -0.598706
-0.365099 0.632559 -0.683061
-0.365099 0.632559 -0.683061
-0.365099 0.632559 -0.683061
-0.365099 0.632559 -0.683061
-0.299908 -0.771506 -0.561101
-0.299908 -0.771506 -0.561101
-0.299908 -0.771506 -0.561101
-0.299908 -0.771506 -0.561101
-0.469148 -0.097551 -0.877715
-0.469148 -0.097551 -0.877715
-0.469148 -0.097551 -0.877715
-0.469148 -0.097551 -0.877715
-0.451282 -0.289003 -0.844288
-0.451282 -0.289003 -0.844288
-0.451282 -0.289003 -0.844288
-0.451282 -0.289003 -0.844288
-0.416181 0.469631 -0.778614
-0.416181 0.469631 -0.778614
-0.416181 0.469631 -0.778614
-0.416181 0.469631 -0.778614
-0.137448 0.956547 -0.257148
-0.137448 0.956547 -0.257148
-0.137448 0.956547 -0.257148
-0.137448 0.956547 -0.257148
-0.223053 -0.880969 -0.417303
-0.223053 -0.880969 -0.417303
-0.223053 -0.880969 -0.417303
-0.223053 -0.880969 -0.417303
-0.137443 -0.956546 -0.257156
-0.137443 -0.956546 -0.257156
-0.137443 -0.956546 -0.257156
-0.137443 -0.956546 -0.257156
-0.416181 -0.469629 -0.778615
-0.416181 -0.469629 -0.778615
-0.416181 -0.469629 -0.778615
-0.416181 -0.469629 -0.778615
-0.451282 0.289004 -0.844288
-0.451282 0.289004 -0.844288
-0.451282 0.289004 -0.844288
-0.451282 0.289004 -0.844288
-0.223049 0.880973 -0.417295
-0.223049 0.880973 -0.417295
-0.223049 0.880973 -0.417295
-0.223049 0.880973 -0.417295
-0.365102 -0.632565 -0.683054
-0.365102 -0.632565 -0.683054
-0.365102 -0.632565 -0.683054
-0.365102 -0.632565 -0.683054
-0.469150 0.097551 -0.877714
-0.469150 0.097551 -0.877714
-0.469150 0.097551 -0.877714
-0.469150 0.097551 -0.877714
-0.299913 0.771504 -0.561101
-0.299913 0.771504 -0.561101
-0.299913 0.771504 -0.561101
-0.299913 0.771504 -0.561101
-0.224827 -0.632560 -0.741162
-0.224827 -0.632560 -0.741162
-0.224827 -0.632560 -0.741162
-0.224827 -0.632560 -0.741162
-0.288902 0.097552 -0.952375
-0.288902 0.097552 -0.952375
-0.288902 0.097552 -0.952375
-0.288902 0.097552 -0.952375
-0.184685 0.771501 -0.608833
-0.184685 0.771501 -0.608833
-0.184685 0.771501 -0.608833
-0.184685 0.771501 -0.608833
-0.184686 -0.771514 -0.608817
-0.184686 -0.771514 -0.608817
-0.184686 -0.771514 -0.608817
-0.184686 -0.771514 -0.608817
-0.288899 -0.097551 -0.952376
-0.288899 -0.097551 -0.952376
-0.288899 -0.097551 -0.952376
-0.288899 -0.097551 -0.952376
-0.224828 0.632559 -0.741162
-0.224828 0.632559 -0.741162
-0.224828 0.632559 -0.741162
-0.224828 0.632559 -0.741162
-0.084640 0.956550 -0.279012
-0.084640 0.956550 -0.279012
-0.084640 0.956550 -0.279012
-0.084640 0.956550 -0.279012
-0.137355 -0.880965 -0.452807
-0.137355 -0.880965 -0.452807
-0.137355 -0.880965 -0.452807
-0.137355 -0.880965 -0.452807
-0.277899 -0.289005 -0.916105
-0.277899 -0.289005 -0.916105
-0.277899 -0.289005 -0.916105
-0.277899 -0.289005 -0.916105
-0.256281 0.469629 -0.844848
-0.256281 0.469629 -0.844848
-0.256281 0.469629 -0.844848
-0.256281 0.469629 -0.844848
-0.277899 0.289005 -0.916105
-0.277899 0.289005 -0.916105
-0.277899 0.289005 -0.916105
-0.277899 0.289005 -0.916105
-0.137353 0.880974 -0.452789
-0.137353 0.880974 -0.452789
-0.137353 0.880974 -0.452789
-0.137353 0.880974 -0.452789
-0.084637 -0.956552 -0.279006
-0.084637 -0.956552 -0.279006
-0.084637 -0.956552 -0.279006
-0.084637 -0.956552 -0.279006
-0.256280 -0.469628 -0.844849
-0.256280 -0.469628 -0.844849
-0.256280 -0.469628 -0.844849
-0.256280 -0.469628 -0.844849
-0.028578 -0.956549 -0.290167
-0.028578 -0.956549 -0.290167
-0.028578 -0.956549 -0.290167
-0.028578 -0.956549 -0.290167
-0.086537 -0.469632 -0.878611
-0.086537 -0.469632 -0.878611
-0.086537 -0.469632 -0.878611
-0.086537 -0.469632 -0.878611
-0.093835 0.289003 -0.952718
-0.093835 0.289003 -0.952718
-0.093835 0.289003 -0.952718
-0.093835 0.289003 -0.952718
-0.046378 0.880974 -0.470885
-0.046378 0.880974 -0.470885
-0.046378 0.880974 -0.470885
-0.046378 0.880974 -0.470885
-0.062360 0.771503 -0.633162
-0.062360 0.771503 -0.633162
-0.062360 0.771503 -0.633162
-0.062360 0.771503 -0.633162
-0.075916 -0.632562 -0.770780
-0.075916 -0.632562 -0.770780
-0.075916 -0.632562 -0.770780
-0.075916 -0.632562 -0.770780
-0.097549 0.097550 -0.990438
-0.097549 0.097550 -0.990438
-0.097549 0.097550 -0.990438
-0.097549 0.097550 -0.990438
-0.097549 -0.097550 -0.990438
-0.097549 -0.097550 -0.990438
-0.097549 -0.097550 -0.990438
-0.097549 -0.097550 -0.990438
-0.075915 0.632566 -0.770777
-0.075915 0.632566 -0.770777
-0.075915 0.632566 -0.770777
-0.075915 0.632566 -0.770777
-0.062360 -0.771513 -0.633150
-0.062360 -0.771513 -0.633150
-0.062360 -0.771513 -0.633150
-0.062360 -0.771513 -0.633150
-0.046379 -0.880968 -0.470897
-0.046379 -0.880968 -0.470897
-0.046379 -0.880968 -0.470897
-0.046379 -0.880968 -0.470897
-0.093835 -0.289006 -0.952717
-0.093835 -0.289006 -0.952717
-0.093835 -0.289006 -0.952717
-0.093835 -0.289006 -0.952717
-0.086536 0.469626 -0.878614
-0.086536 0.469626 -0.878614
-0.086536 0.469626 -0.878614
-0.086536 0.469626 -0.878614
-0.028579 0.956548 -0.290170
-0.028579 0.956548 -0.290170
-0.028579 0.956548 -0.290170
-0.028579 0.956548 -0.290170
0.086536 0.469627 -0.878614
0.086536 0.469627 -0.878614
0.086536 0.469627 -0.878614
0.086536 0.469627 -0.878614
0.028579 0.956548 -0.290171
0.028579 0.956548 -0.290171
0.028579 0.956548 -0.290171
0.028579 0.956548 -0.290171
0.046379 -0.880969 -0.470895
0.046379 -0.880969 -0.470895
0.046379 -0.880969 -0.470895
0.046379 -0.880969 -0.470895
0.093835 -0.289004 -0.952718
0.093835 -0.289004 -0.952718
0.093835 -0.289004 -0.952718
0.093835 -0.289004 -0.952718
0.086536 -0.469626 -0.878614
0.086536 -0.469626 -0.878614
0.086536 -0.469626 -0.878614
0.086536 -0.469626 -0.878614
0.093834 0.289001 -0.952719
0.093834 0.289001 -0.952719
0.093834 0.289001 -0.952719
0.093834 0.289001 -0.952719
0.046378 0.880975 -0.470884
0.046378 0.880975 -0.470884
0.046378 0.880975 -0.470884
0.046378 0.880975 -0.470884
0.028578 -0.956550 -0.290165
0.028578 -0.956550 -0.290165
0.028578 -0.956550 -0.290165
0.028578 -0.956550 -0.290165
0.075916 -0.632558 -0.770784
0.075916 -0.632558 -0.770784
0.075916 -0.632558 -0.770784
0.075916 -0.632558 -0.770784
0.097549 0.097551 -0.990438
0.097549 0.097551 -0.990438
0.097549 0.097551 -0.990438
0.097549 0.097551 -0.990438
0.062361 0.771504 -0.633160
0.062361 0.771504 -0.633160
0.062361 0.771504 -0.633160
0.062361 0.771504 -0.633160
0.062361 -0.771512 -0.633151
0.062361 -0.771512 -0.633151
0.062361 -0.771512 -0.633151
0.062361 -0.771512 -0.633151
0.097549 -0.097551 -0.990438
0.097549 -0.097551 -0.990438
0.097549 -0.097551 -0.990438
0.097549 -0.097551 -0.990438
0.075915 0.632560 -0.770782
0.075915 0.632560 -0.770782
0.075915 0.632560 -0.770782
0.075915 0.632560 -0.770782
0.184685 -0.771511 -0.608820
0.184685 -0.771511 -0.608820
0.184685 -0.771511 -0.608820
0.184685 -0.771511 -0.608820
0.288903 -0.097551 -0.952375
0.288903 -0.097551 -0.952375
0.288903 -0.097551 -0.952375
0.288903 -0.097551 -0.952375
0.224829 0.632565 -0.741156
0.224829 0.632565 -0.741156
0.224829 0.632565 -0.741156
0.224829 0.632565 -0.741156
0.137355 -0.880968 -0.452801
0.137355 -0.880968 -0.452801
0.137355 -0.880968 -0.452801
0.137355 -0.880968 -0.452801
0.277897 -0.289004 -0.916106
0.277897 -0.289004 -0.916106
0.277897 -0.289004 -0.916106
0.277897 -0.289004 -0.916106
0.256283 0.469633 -0.844846
0.256283 0.469633 -0.844846
0.256283 0.469633 -0.844846
0.256283 0.469633 -0.844846
0.084640 0.956548 -0.279021
0.084640 0.956548 -0.279021
0.084640 0.956548 -0.279021
0.084640 0.956548 -0.279021
0.137353 0.880972 -0.452794
0.137353 0.880972 -0.452794
0.137353 0.880972 -0.452794
0.137353 0.880972 -0.452794
0.084638 -0.956551 -0.279009
0.084638 -0.956551 -0.279009
0.084638 -0.956551 -0.279009
0.084638 -0.956551 -0.279009
0.256280 -0.469627 -0.844850
0.256280 -0.469627 -0.844850
0.256280 -0.469627 -0.844850
0.256280 -0.469627 -0.844850
0.277895 0.289001 -0.916108
0.277895 0.289001 -0.916108
0.277895 0.289001 -0.916108
0.277895 0.289001 -0.916108
0.288903 0.097551 -0.952375
0.288903 0.097551 -0.952375
0.288903 0.097551 -0.952375
0.288903 0.097551 -0.952375
0.184686 0.771506 -0.608827
0.184686 0.771506 -0.608827
0.184686 0.771506 -0.608827
0.184686 0.771506 -0.608827
0.224829 -0.632562 -0.741159
0.224829 -0.632562 -0.741159
0.224829 -0.632562 -0.741159
0.224829 -0.632562 -0.741159
0.365101 -0.632561 -0.683057
0.365101 -0.632561 -0.683057
0.365101 -0.632561 -0.683057
0.365101 -0.632561 -0.683057
0.469150 0.097551 -0.877714
0.469150 0.097551 -0.877714
0.469150 0.097551 -0.877714
0.469150 0.097551 -0.877714
0.299914 0.771505 -0.561098
0.299914 0.771505 -0.561098
0.299914 0.771505 -0.561098
0.299914 0.771505 -0.561098
0.365103 0.632564 -0.683054
0.365103 0.632564 -0.683054
0.365103 0.632564 -0.683054
0.365103 0.632564 -0.683054
0.299911 -0.771511 -0.561092
0.299911 -0.771511 -0.561092
0.299911 -0.771511 -0.561092
0.299911 -0.771511 -0.561092
0.469144 -0.097549 -0.877717
0.469144 -0.097549 -0.877717
0.469144 -0.097549 -0.877717
0.469144 -0.097549 -0.877717
0.451282 -0.289004 -0.844288
0.451282 -0.289004 -0.844288
0.451282 -0.289004 -0.844288
0.451282 -0.289004 -0.844288
0.416180 0.469629 -0.778616
0.416180 0.469629 -0.778616
0.416180 0.469629 -0.778616
0.416180 0.469629 -0.778616
0.137448 0.956549 -0.257142
0.137448 0.956549 -0.257142
0.137448 0.956549 -0.257142
0.137448 0.956549 -0.257142
0.223053 -0.880971 -0.417298
0.223053 -0.880971 -0.417298
0.223053 -0.880971 -0.417298
0.223053 -0.880971 -0.417298
0.137444 -0.956552 -0.257132
0.137444 -0.956552 -0.257132
0.137444 -0.956552 -0.257132
0.137444 -0.956552 -0.257132
0.416179 -0.469628 -0.778617
0.416179 -0.469628 -0.778617
0.416179 -0.469628 -0.778617
0.416179 -0.469628 -0.778617
0.451279 0.289002 -0.844290
0.451279 0.289002 -0.844290
0.451279 0.289002 -0.844290
0.451279 0.289002 -0.844290
0.223049 0.880970 -0.417302
0.223049 0.880970 -0.417302
0.223049 0.880970 -0.417302
0.223049 0.880970 -0.417302
0.607326 0.289006 -0.740020
0.607326 0.289006 -0.740020
0.607326 0.289006 -0.740020
0.607326 0.289006 -0.740020
0.300176 0.880979 -0.365746
0.300176 0.880979 -0.365746
0.300176 0.880979 -0.365746
0.300176 0.880979 -0.365746
0.184969 -0.956553 -0.225372
0.184969 -0.956553 -0.225372
0.184969 -0.956553 -0.225372
0.184969 -0.956553 -0.225372
0.560084 -0.469629 -0.682462
0.560084 -0.469629 -0.682462
0.560084 -0.469629 -0.682462
0.560084 -0.469629 -0.682462
0.491345 -0.632563 -0.598702
0.491345 -0.632563 -0.598702
0.491345 -0.632563 -0.598702
0.491345 -0.632563 -0.598702
0.631367 0.097550 -0.769324
0.631367 0.097550 -0.769324
0.631367 0.097550 -0.769324
0.631367 0.097550 -0.769324
0.403616 0.771506 -0.491806
0.403616 0.771506 -0.491806
0.403616 0.771506 -0.491806
0.403616 0.771506 -0.491806
0.403613 -0.771511 -0.491800
0.403613 -0.771511 -0.491800
0.403613 -0.771511 -0.491800
0.403613 -0.771511 -0.491800
0.631365 -0.097550 -0.769326
0.631365 -0.097550 -0.769326
0.631365 -0.097550 -0.769326
0.631365 -0.097550 -0.769326
0.491344 0.632562 -0.598704
0.491344 0.632562 -0.598704
0.491344 0.632562 -0.598704
0.491344 0.632562 -0.598704
0.184974 0.956549 -0.225387
0.184974 0.956549 -0.225387
0.184974 0.956549 -0.225387
0.184974 0.956549 -0.225387
0.300178 -0.880968 -0.365771
0.300178 -0.880968 -0.365771
0.300178 -0.880968 -0.365771
0.300178 -0.880968 -0.365771
0.607322 -0.289003 -0.740025
0.607322 -0.289003 -0.740025
0.607322 -0.289003 -0.740025
0.607322 -0.289003 -0.740025
0.560084 0.469629 -0.682462
0.560084 0.469629 -0.682462
0.560084 0.469629 -0.682462
0.560084 0.469629 -0.682462
0.365768 -0.880967 -0.300185
0.365768 -0.880967 -0.300185
0.365768 -0.880967 -0.300185
0.365768 -0.880967 -0.300185
0.740023 -0.289003 -0.607325
0.740023 -0.289003 -0.607325
0.740023 -0.289003 -0.607325
0.740023 -0.289003 -0.607325
0.682461 0.469628 -0.560086
0.682461 0.469628 -0.560086
0.682461 0.469628 -0.560086
0.682461 0.469628 -0.560086
0.225391 0.956545 -0.184989
0.225391 0.956545 -0.184989
0.225391 0.956545 -0.184989
0.225391 0.956545 -0.184989
0.225385 -0.956553 -0.184957
0.225385 -0.956553 -0.184957
0.225385 -0.956553 -0.184957
0.225385 -0.956553 -0.184957
0.682463 -0.469628 -0.560084
0.682463 -0.469628 -0.560084
0.682463 -0.469628 -0.560084
0.682463 -0.469628 -0.560084
0.740024 0.289003 -0.607324
0.740024 0.289003 -0.607324
0.740024 0.289003 -0.607324
0.740024 0.289003 -0.607324
0.365763 0.880973 -0.300175
0.365763 0.880973 -0.300175
0.365763 0.880973 -0.300175
0.365763 0.880973 -0.300175
0.491808 0.771506 -0.403613
0.491808 0.771506 -0.403613
0.491808 0.771506 -0.403613
0.491808 0.771506 -0.403613
0.598704 -0.632562 -0.491343
0.598704 -0.632562 -0.491343
0.598704 -0.632562 -0.491343
0.598704 -0.632562 -0.491343
0.769323 0.097550 -0.631368
0.769323 0.097550 -0.631368
0.769323 0.097550 -0.631368
0.769323 0.097550 -0.631368
0.769325 -0.097550 -0.631365
0.769325 -0.097550 -0.631365
0.769325 -0.097550 -0.631365
0.769325 -0.097550 -0.631365
0.598704 0.632562 -0.491344
0.598704 0.632562 -0.491344
0.598704 0.632562 -0.491344
0.598704 0.632562 -0.491344
0.491803 -0.771510 -0.403612
0.491803 -0.771510 -0.403612
0.491803 -0.771510 -0.403612
0.491803 -0.771510 -0.403612
0.561096 -0.771513 -0.299899
0.561096 -0.771513 -0.299899
0.561096 -0.771513 -0.299899
0.561096 -0.771513 -0.299899
0.877713 -0.097550 -0.469152
0.877713 -0.097550 -0.469152
0.877713 -0.097550 -0.469152
0.877713 -0.097550 -0.469152
0.683055 0.632561 -0.365107
0.683055 0.632561 -0.365107
0.683055 0.632561 -0.365107
0.683055 0.632561 -0.365107
0.778618 0.469630 -0.416175
0.778618 0.469630 -0.416175
0.778618 0.469630 -0.416175
0.778618 0.469630 -0.416175
0.257148 0.956551 -0.137420
0.257148 0.956551 -0.137420
0.257148 0.956551 -0.137420
0.257148 0.956551 -0.137420
0.417302 -0.880969 -0.223053
0.417302 -0.880969 -0.223053
0.417302 -0.880969 -0.223053
0.417302 -0.880969 -0.223053
0.844287 -0.289003 -0.451283
0.844287 -0.289003 -0.451283
0.844287 -0.289003 -0.451283
0.844287 -0.289003 -0.451283
0.778616 -0.469628 -0.416182
0.778616 -0.469628 -0.416182
0.778616 -0.469628 -0.416182
0.778616 -0.469628 -0.416182
0.844287 0.289003 -0.451284
0.844287 0.289003 -0.451284
0.844287 0.289003 -0.451284
0.844287 0.289003 -0.451284
0.417295 0.880971 -0.223058
0.417295 0.880971 -0.223058
0.417295 0.880971 -0.223058
0.417295 0.880971 -0.223058
0.257138 -0.956548 -0.137462
0.257138 -0.956548 -0.137462
0.257138 -0.956548 -0.137462
0.257138 -0.956548 -0.137462
0.683057 -0.632563 -0.365099
0.683057 -0.632563 -0.365099
0.683057 -0.632563 -0.365099
0.683057 -0.632563 -0.365099
0.877716 0.097551 -0.469146
0.877716 0.097551 -0.469146
0.877716 0.097551 -0.469146
0.877716 0.097551 -0.469146
0.561101 0.771507 -0.299904
0.561101 0.771507 -0.299904
0.561101 0.771507 -0.299904
0.561101 0.771507 -0.299904
0.952376 0.097550 -0.288901
0.952376 0.097550 -0.288901
0.952376 0.097550 -0.288901
0.952376 0.097550 -0.288901
0.608826 0.771503 -0.184700
0.608826 0.771503 -0.184700
0.608826 0.771503 -0.184700
0.608826 0.771503 -0.184700
0.741159 -0.632561 -0.224834
0.741159 -0.632561 -0.224834
0.741159 -0.632561 -0.224834
0.741159 -0.632561 -0.224834
0.608822 -0.771510 -0.184684
0.608822 -0.771510 -0.184684
0.608822 -0.771510 -0.184684
0.608822 -0.771510 -0.184684
0.952376 -0.097550 -0.288901
0.952376 -0.097550 -0.288901
0.952376 -0.097550 -0.288901
0.952376 -0.097550 -0.288901
0.741160 0.632563 -0.224825
0.741160 0.632563 -0.224825
0.741160 0.632563 -0.224825
0.741160 0.632563 -0.224825
0.452798 -0.880967 -0.137371
0.452798 -0.880967 -0.137371
0.452798 -0.880967 -0.137371
0.452798 -0.880967 -0.137371
0.916106 -0.289004 -0.277896
0.916106 -0.289004 -0.277896
0.916106 -0.289004 -0.277896
0.916106 -0.289004 -0.277896
0.844849 0.469629 -0.256276
0.844849 0.469629 -0.256276
0.844849 0.469629 -0.256276
0.844849 0.469629 -0.256276
0.279020 0.956546 -0.084657
0.279020 0.956546 -0.084657
0.279020 0.956546 -0.084657
0.279020 0.956546 -0.084657
0.452793 0.880975 -0.137338
0.452793 0.880975 -0.137338
0.452793 0.880975 -0.137338
0.452793 0.880975 -0.137338
0.279013 -0.956553 -0.084609
0.279013 -0.956553 -0.084609
0.279013 -0.956553 -0.084609
0.279013 -0.956553 -0.084609
0.844848 -0.469629 -0.256281
0.844848 -0.469629 -0.256281
0.844848 -0.469629 -0.256281
0.844848 -0.469629 -0.256281
0.916107 0.289004 -0.277894
0.916107 0.289004 -0.277894
0.916107 0.289004 -0.277894
0.916107 0.289004 -0.277894
0.290163 -0.956550 -0.028595
0.290163 -0.956550 -0.028595
0.290163 -0.956550 -0.028595
0.290163 -0.956550 -0.028595
0.878612 -0.469630 -0.086536
0.878612 -0.469630 -0.086536
0.878612 -0.469630 -0.086536
0.878612 -0.469630 -0.086536
0.952718 0.289003 -0.093833
0.952718 0.289003 -0.093833
0.952718 0.289003 -0.093833
0.952718 0.289003 -0.093833
0.470888 0.880973 -0.046383
0.470888 0.880973 -0.046383
0.470888 0.880973 -0.046383
0.470888 0.880973 -0.046383
0.770781 -0.632561 -0.075912
0.770781 -0.632561 -0.075912
0.770781 -0.632561 -0.075912
0.770781 -0.632561 -0.075912
0.990438 0.097551 -0.097550
0.990438 0.097551 -0.097550
0.990438 0.097551 -0.097550
0.990438 0.097551 -0.097550
0.633160 0.771505 -0.062356
0.633160 0.771505 -0.062356
0.633160 0.771505 -0.062356
0.633160 0.771505 -0.062356
0.770781 0.632561 -0.075922
0.770781 0.632561 -0.075922
0.770781 0.632561 -0.075922
0.770781 0.632561 -0.075922
0.633154 -0.771510 -0.062360
0.633154 -0.771510 -0.062360
0.633154 -0.771510 -0.062360
0.633154 -0.771510 -0.062360
0.990438 -0.097551 -0.097549
0.990438 -0.097551 -0.097549
0.990438 -0.097551 -0.097549
0.990438 -0.097551 -0.097549
0.952718 -0.289003 -0.093835
0.952718 -0.289003 -0.093835
0.952718 -0.289003 -0.093835
0.952718 -0.289003 -0.093835
0.878612 0.469630 -0.086534
0.878612 0.469630 -0.086534
0.878612 0.469630 -0.086534
0.878612 0.469630 -0.086534
0.290172 0.956548 -0.028570
0.290172 0.956548 -0.028570
0.290172 0.956548 -0.028570
0.290172 0.956548 -0.028570
0.470895 -0.880968 -0.046392
0.470895 -0.880968 -0.046392
0.470895 -0.880968 -0.046392
0.470895 -0.880968 -0.046392
0.290172 0.956548 0.028578
0.290172 0.956548 0.028578
0.290172 0.956548 0.028578
0.290172 0.956548 0.028578
0.470896 -0.880969 0.046381
0.470896 -0.880969 0.046381
0.470896 -0.880969 0.046381
0.470896 -0.880969 0.046381
0.952718 -0.289002 0.093836
0.952718 -0.289002 0.093836
0.952718 -0.289002 0.093836
0.952718 -0.289002 0.093836
0.878612 0.469630 0.086533
0.878612 0.469630 0.086533
0.878612 0.469630 0.086533
0.878612 0.469630 0.086533
0.952719 0.289002 0.093834
0.952719 0.289002 0.093834
0.952719 0.289002 0.093834
0.952719 0.289002 0.093834
0.470888 0.880973 0.046368
0.470888 0.880973 0.046368
0.470888 0.880973 0.046368
0.470888 0.880973 0.046368
0.290163 -0.956550 0.028585
0.290163 -0.956550 0.028585
0.290163 -0.956550 0.028585
0.290163 -0.956550 0.028585
0.878612 -0.469630 0.086535
0.878612 -0.469630 0.086535
0.878612 -0.469630 0.086535
0.878612 -0.469630 0.086535
0.770781 -0.632561 0.075920
0.770781 -0.632561 0.075920
0.770781 -0.632561 0.075920
0.770781 -0.632561 0.075920
0.990438 0.097552 0.097550
0.990438 0.097552 0.097550
0.990438 0.097552 0.097550
0.990438 0.097552 0.097550
0.633160 0.771505 0.062349
0.633160 0.771505 0.062349
0.633160 0.771505 0.062349
0.633160 0.771505 0.062349
0.633153 -0.771510 0.062371
0.633153 -0.771510 0.062371
0.633153 -0.771510 0.062371
0.633153 -0.771510 0.062371
0.990438 -0.097552 0.097551
0.990438 -0.097552 0.097551
0.990438 -0.097552 0.097551
0.990438 -0.097552 0.097551
0.770781 0.632561 0.075921
0.770781 0.632561 0.075921
0.770781 0.632561 0.075921
0.770781 0.632561 0.075921
0.952376 -0.097552 0.288901
0.952376 -0.097552 0.288901
0.952376 -0.097552 0.288901
0.952376 -0.097552 0.288901
0.741159 0.632561 0.224833
0.741159 0.632561 0.224833
0.741159 0.632561 0.224833
0.741159 0.632561 0.224833
0.608823 -0.771510 0.184682
0.608823 -0.771510 0.184682
0.608823 -0.771510 0.184682
0.608823 -0.771510 0.184682
0.452799 -0.880970 0.137349
0.452799 -0.880970 0.137349
0.452799 -0.880970 0.137349
0.452799 -0.880970 0.137349
0.916107 -0.289003 0.277896
0.916107 -0.289003 0.277896
0.916107 -0.289003 0.277896
0.916107 -0.289003 0.277896
0.844847 0.469629 0.256284
0.844847 0.469629 0.256284
0.844847 0.469629 0.256284
0.844847 0.469629 0.256284
0.279020 0.956546 0.084665
0.279020 0.956546 0.084665
0.279020 0.956546 0.084665
0.279020 0.956546 0.084665
0.279011 -0.956549 0.084658
0.279011 -0.956549 0.084658
0.279011 -0.956549 0.084658
0.279011 -0.956549 0.084658
0.844850 -0.469631 0.256274
0.844850 -0.469631 0.256274
0.844850 -0.469631 0.256274
0.844850 -0.469631 0.256274
0.916106 0.289003 0.277896
0.916106 0.289003 0.277896
0.916106 0.289003 0.277896
0.916106 0.289003 0.277896
0.452793 0.880975 0.137336
0.452793 0.880975 0.137336
0.452793 0.880975 0.137336
0.452793 0.880975 0.137336
0.608827 0.771504 0.184692
0.608827 0.771504 0.184692
0.608827 0.771504 0.184692
0.608827 0.771504 0.184692
0.741159 -0.632560 0.224835
0.741159 -0.632560 0.224835
0.741159 -0.632560 0.224835
0.741159 -0.632560 0.224835
0.952376 0.097552 0.288901
0.952376 0.097552 0.288901
0.952376 0.097552 0.288901
0.952376 0.097552 0.288901
0.683058 -0.632563 0.365096
0.683058 -0.632563 0.365096
0.683058 -0.632563 0.365096
0.683058 -0.632563 0.365096
0.877715 0.097551 0.469149
0.877715 0.097551 0.469149
0.877715 0.097551 0.469149
0.877715 0.097551 0.469149
0.561100 0.771506 0.299908
0.561100 0.771506 0.299908
0.561100 0.771506 0.299908
0.561100 0.771506 0.299908
0.561093 -0.771509 0.299916
0.561093 -0.771509 0.299916
0.561093 -0.771509 0.299916
0.561093 -0.771509 0.299916
0.877713 -0.097551 0.469152
0.877713 -0.097551 0.469152
0.877713 -0.097551 0.469152
0.877713 -0.097551 0.469152
0.683057 0.632562 0.365100
0.683057 0.632562 0.365100
0.683057 0.632562 0.365100
0.683057 0.632562 0.365100
0.778615 0.469628 0.416183
0.778615 0.469628 0.416183
0.778615 0.469628 0.416183
0.778615 0.469628 0.416183
0.257147 0.956548 0.137443
0.257147 0.956548 0.137443
0.257147 0.956548 0.137443
0.257147 0.956548 0.137443
0.417303 -0.880971 0.223042
0.417303 -0.880971 0.223042
0.417303 -0.880971 0.223042
0.417303 -0.880971 0.223042
0.844288 -0.289003 0.451281
0.844288 -0.289003 0.451281
0.844288 -0.289003 0.451281
0.844288 -0.289003 0.451281
0.778619 -0.469631 0.416173
0.778619 -0.469631 0.416173
0.778619 -0.469631 0.416173
0.778619 -0.469631 0.416173
0.844287 0.289003 0.451283
0.844287 0.289003 0.451283
0.844287 0.289003 0.451283
0.844287 0.289003 0.451283
0.417296 0.880974 0.223044
0.417296 0.880974 0.223044
0.417296 0.880974 0.223044
0.417296 0.880974 0.223044
0.257140 -0.956553 0.137427
0.257140 -0.956553 0.137427
0.257140 -0.956553 0.137427
0.257140 -0.956553 0.137427
0.365762 0.880972 0.300178
0.365762 0.880972 0.300178
0.365762 0.880972 0.300178
0.365762 0.880972 0.300178
0.225384 -0.956550 0.184968
0.225384 -0.956550 0.184968
0.225384 -0.956550 0.184968
0.225384 -0.956550 0.184968
0.682462 -0.469629 0.560083
0.682462 -0.469629 0.560083
0.682462 -0.469629 0.560083
0.682462 -0.469629 0.560083
0.740024 0.289003 0.607324
0.740024 0.289003 0.607324
0.740024 0.289003 0.607324
0.740024 0.289003 0.607324
0.769322 0.097551 0.631369
0.769322 0.097551 0.631369
0.769322 0.097551 0.631369
0.769322 0.097551 0.631369
0.491808 0.771506 0.403612
0.491808 0.771506 0.403612
0.491808 0.771506 0.403612
0.491808 0.771506 0.403612
0.598707 -0.632565 0.491336
0.598707 -0.632565 0.491336
0.598707 -0.632565 0.491336
0.598707 -0.632565 0.491336
0.491803 -0.771511 0.403610
0.491803 -0.771511 0.403610
0.491803 -0.771511 0.403610
0.491803 -0.771511 0.403610
0.769325 -0.097552 0.631366
0.769325 -0.097552 0.631366
0.769325 -0.097552 0.631366
0.769325 -0.097552 0.631366
0.598706 0.632563 0.491341
0.598706 0.632563 0.491341
0.598706 0.632563 0.491341
0.598706 0.632563 0.491341
0.365768 -0.880968 0.300183
0.365768 -0.880968 0.300183
0.365768 -0.880968 0.300183
0.365768 -0.880968 0.300183
0.740025 -0.289003 0.607322
0.740025 -0.289003 0.607322
0.740025 -0.289003 0.607322
0.740025 -0.289003 0.607322
0.682463 0.469630 0.560082
0.682463 0.469630 0.560082
0.682463 0.469630 0.560082
0.682463 0.469630 0.560082
0.225391 0.956545 0.184987
0.225391 0.956545 0.184987
0.225391 0.956545 0.184987
0.225391 0.956545 0.184987
0.607323 -0.289003 0.740025
0.607323 -0.289003 0.740025
0.607323 -0.289003 0.740025
0.607323 -0.289003 0.740025
0.560082 0.469629 0.682464
0.560082 0.469629 0.682464
0.560082 0.469629 0.682464
0.560082 0.469629 0.682464
0.184974 0.956549 0.225385
0.184974 0.956549 0.225385
0.184974 0.956549 0.225385
0.184974 0.956549 0.225385
0.300178 -0.880971 0.365765
0.300178 -0.880971 0.365765
0.300178 -0.880971 0.365765
0.300178 -0.880971 0.365765
0.184968 -0.956552 0.225377
0.184968 -0.956552 0.225377
0.184968 -0.956552 0.225377
0.184968 -0.956552 0.225377
0.560084 -0.469631 0.682461
0.560084 -0.469631 0.682461
0.560084 -0.469631 0.682461
0.560084 -0.469631 0.682461
0.607323 0.289003 0.740025
0.607323 0.289003 0.740025
0.607323 0.289003 0.740025
0.607323 0.289003 0.740025
0.300173 0.880973 0.365764
0.300173 0.880973 0.365764
0.300173 0.880973 0.365764
0.300173 0.880973 0.365764
0.491342 -0.632558 0.598709
0.491342 -0.632558 0.598709
0.491342 -0.632558 0.598709
0.491342 -0.632558 0.598709
0.631366 0.097551 0.769325
0.631366 0.097551 0.769325
0.631366 0.097551 0.769325
0.631366 0.097551 0.769325
0.403616 0.771505 0.491808
0.403616 0.771505 0.491808
0.403616 0.771505 0.491808
0.403616 0.771505 0.491808
0.491343 0.632561 0.598706
0.491343 0.632561 0.598706
0.491343 0.632561 0.598706
0.491343 0.632561 0.598706
0.403613 -0.771512 0.491799
0.403613 -0.771512 0.491799
0.403613 -0.771512 0.491799
0.403613 -0.771512 0.491799
0.631363 -0.097551 0.769328
0.631363 -0.097551 0.769328
0.631363 -0.097551 0.769328
0.631363 -0.097551 0.769328
0.223051 -0.880966 0.417310
0.223051 -0.880966 0.417310
0.223051 -0.880966 0.417310
0.223051 -0.880966 0.417310
0.451280 -0.289002 0.844289
0.451280 -0.289002 0.844289
0.451280 -0.289002 0.844289
0.451280 -0.289002 0.844289
0.416182 0.469632 0.778613
0.416182 0.469632 0.778613
0.416182 0.469632 0.778613
0.416182 0.469632 0.778613
0.137449 0.956551 0.257133
0.137449 0.956551 0.257133
0.137449 0.956551 0.257133
0.137449 0.956551 0.257133
0.137444 -0.956550 0.257139
0.137444 -0.956550 0.257139
0.137444 -0.956550 0.257139
0.137444 -0.956550 0.257139
0.416176 -0.469627 0.778620
0.416176 -0.469627 0.778620
0.416176 -0.469627 0.778620
0.416176 -0.469627 0.778620
0.451281 0.289002 0.844289
0.451281 0.289002 0.844289
0.451281 0.289002 0.844289
0.451281 0.289002 0.844289
0.223049 0.880971 0.417299
0.223049 0.880971 0.417299
0.223049 0.880971 0.417299
0.223049 0.880971 0.417299
0.299914 0.771507 0.561096
0.299914 0.771507 0.561096
0.299914 0.771507 0.561096
0.299914 0.771507 0.561096
0.365100 -0.632558 0.683061
0.365100 -0.632558 0.683061
0.365100 -0.632558 0.683061
0.365100 -0.632558 0.683061
0.469149 0.097550 0.877715
0.469149 0.097550 0.877715
0.469149 0.097550 0.877715
0.469149 0.097550 0.877715
0.469147 -0.097550 0.877716
0.469147 -0.097550 0.877716
0.469147 -0.097550 0.877716
0.469147 -0.097550 0.877716
0.365101 0.632561 0.683057
0.365101 0.632561 0.683057
0.365101 0.632561 0.683057
0.365101 0.632561 0.683057
0.299910 -0.771509 0.561094
0.299910 -0.771509 0.561094
0.299910 -0.771509 0.561094
0.299910 -0.771509 0.561094
0.184683 -0.771509 0.608824
0.184683 -0.771509 0.608824
0.184683 -0.771509 0.608824
0.184683 -0.771509 0.608824
0.288898 -0.097549 0.952377
0.288898 -0.097549 0.952377
0.288898 -0.097549 0.952377
0.288898 -0.097549 0.952377
0.224828 0.632561 0.741160
0.224828 0.632561 0.741160
0.224828 0.632561 0.741160
0.224828 0.632561 0.741160
0.256280 0.469629 0.844849
0.256280 0.469629 0.844849
0.256280 0.469629 0.844849
0.256280 0.469629 0.844849
0.084640 0.956546 0.279028
0.084640 0.956546 0.279028
0.084640 0.956546 0.279028
0.084640 0.956546 0.279028
0.137355 -0.880969 0.452800
0.137355 -0.880969 0.452800
0.137355 -0.880969 0.452800
0.137355 -0.880969 0.452800
0.277896 -0.289002 0.916107
0.277896 -0.289002 0.916107
0.277896 -0.289002 0.916107
0.277896 -0.289002 0.916107
0.256280 -0.469629 0.844849
0.256280 -0.469629 0.844849
0.256280 -0.469629 0.844849
0.256280 -0.469629 0.844849
0.277896 0.289003 0.916106
0.277896 0.289003 0.916106
0.277896 0.289003 0.916106
0.277896 0.289003 0.916106
0.137352 0.880968 0.452801
0.137352 0.880968 0.452801
0.137352 0.880968 0.452801
0.137352 0.880968 0.452801
0.084638 -0.956551 0.279012
0.084638 -0.956551 0.279012
0.084638 -0.956551 0.279012
0.084638 -0.956551 0.279012
0.224828 -0.632560 0.741161
0.224828 -0.632560 0.741161
0.224828 -0.632560 0.741161
0.224828 -0.632560 0.741161
0.288898 0.097549 0.952377
0.288898 0.097549 0.952377
0.288898 0.097549 0.952377
0.288898 0.097549 0.952377
0.184684 0.771498 0.608836
0.184684 0.771498 0.608836
0.184684 0.771498 0.608836
0.184684 0.771498 0.608836
0.097549 0.097550 0.990438
0.097549 0.097550 0.990438
0.097549 0.097550 0.990438
0.097549 0.097550 0.990438
0.062361 0.771506 0.633159
0.062361 0.771506 0.633159
0.062361 0.771506 0.633159
0.062361 0.771506 0.633159
0.075915 -0.632560 0.770782
0.075915 -0.632560 0.770782
0.075915 -0.632560 0.770782
0.075915 -0.632560 0.770782
0.062360 -0.771509 0.633154
0.062360 -0.771509 0.633154
0.062360 -0.771509 0.633154
0.062360 -0.771509 0.633154
0.097550 -0.097550 0.990438
0.097550 -0.097550 0.990438
0.097550 -0.097550 0.990438
0.097550 -0.097550 0.990438
0.075916 0.632559 0.770783
0.075916 0.632559 0.770783
0.075916 0.632559 0.770783
0.075916 0.632559 0.770783
0.046379 -0.880965 0.470904
0.046379 -0.880965 0.470904
0.046379 -0.880965 0.470904
0.046379 -0.880965 0.470904
0.093834 -0.289001 0.952719
0.093834 -0.289001 0.952719
0.093834 -0.289001 0.952719
0.093834 -0.289001 0.952719
0.086536 0.469632 0.878611
0.086536 0.469632 0.878611
0.086536 0.469632 0.878611
0.086536 0.469632 0.878611
0.028579 0.956545 0.290181
0.028579 0.956545 0.290181
0.028579 0.956545 0.290181
0.028579 0.956545 0.290181
0.046378 0.880973 0.470888
0.046378 0.880973 0.470888
0.046378 0.880973 0.470888
0.046378 0.880973 0.470888
0.028579 -0.956552 0.290159
0.028579 -0.956552 0.290159
0.028579 -0.956552 0.290159
0.028579 -0.956552 0.290159
0.086535 -0.469627 0.878614
0.086535 -0.469627 0.878614
0.086535 -0.469627 0.878614
0.086535 -0.469627 0.878614
0.093834 0.289002 0.952719
0.093834 0.289002 0.952719
0.093834 0.289002 0.952719
0.093834 0.289002 0.952719
-0.028578 -0.956549 0.290168
-0.028578 -0.956549 0.290168
-0.028578 -0.956549 0.290168
-0.028578 -0.956549 0.290168
-0.086536 -0.469632 0.878611
-0.086536 -0.469632 0.878611
-0.086536 -0.469632 0.878611
-0.086536 -0.469632 0.878611
-0.093835 0.289003 0.952718
-0.093835 0.289003 0.952718
-0.093835 0.289003 0.952718
-0.093835 0.289003 0.952718
-0.046378 0.880973 0.470888
-0.046378 0.880973 0.470888
-0.046378 0.880973 0.470888
-0.046378 0.880973 0.470888
-0.075915 -0.632561 0.770781
-0.075915 -0.632561 0.770781
-0.075915 -0.632561 0.770781
-0.075915 -0.632561 0.770781
-0.097550 0.097550 0.990438
-0.097550 0.097550 0.990438
-0.097550 0.097550 0.990438
-0.097550 0.097550 0.990438
-0.062360 0.771505 0.633160
-0.062360 0.771505 0.633160
-0.062360 0.771505 0.633160
-0.062360 0.771505 0.633160
-0.075916 0.632561 0.770781
-0.075916 0.632561 0.770781
-0.075916 0.632561 0.770781
-0.075916 0.632561 0.770781
-0.062360 -0.771511 0.633152
-0.062360 -0.771511 0.633152
-0.062360 -0.771511 0.633152
-0.062360 -0.771511 0.633152
-0.097552 -0.097552 0.990438
-0.097552 -0.097552 0.990438
-0.097552 -0.097552 0.990438
-0.097552 -0.097552 0.990438
-0.093835 -0.289001 0.952719
-0.093835 -0.289001 0.952719
-0.093835 -0.289001 0.952719
-0.093835 -0.289001 0.952719
-0.086535 0.469629 0.878613
-0.086535 0.469629 0.878613
-0.086535 0.469629 0.878613
-0.086535 0.469629 0.878613
-0.028579 0.956551 0.290162
-0.028579 0.956551 0.290162
-0.028579 0.956551 0.290162
-0.028579 0.956551 0.290162
-0.046379 -0.880967 0.470900
-0.046379 -0.880967 0.470900
-0.046379 -0.880967 0.470900
-0.046379 -0.880967 0.470900
-0.084640 0.956546 0.279025
-0.084640 0.956546 0.279025
-0.084640 0.956546 0.279025
-0.084640 0.956546 0.279025
-0.137356 -0.880969 0.452800
-0.137356 -0.880969 0.452800
-0.137356 -0.880969 0.452800
-0.137356 -0.880969 0.452800
-0.277898 -0.289001 0.916107
-0.277898 -0.289001 0.916107
-0.277898 -0.289001 0.916107
-0.277898 -0.289001 0.916107
-0.256282 0.469630 0.844848
-0.256282 0.469630 0.844848
-0.256282 0.469630 0.844848
-0.256282 0.469630 0.844848
-0.277897 0.289000 0.916107
-0.277897 0.289000 0.916107
-0.277897 0.289000 0.916107
-0.277897 0.289000 0.916107
-0.137354 0.880973 0.452793
-0.137354 0.880973 0.452793
-0.137354 0.880973 0.452793
-0.137354 0.880973 0.452793
-0.084638 -0.956551 0.279009
-0.084638 -0.956551 0.279009
-0.084638 -0.956551 0.279009
-0.084638 -0.956551 0.279009
-0.256279 -0.469625 0.844851
-0.256279 -0.469625 0.844851
-0.256279 -0.469625 0.844851
-0.256279 -0.469625 0.844851
-0.224828 -0.632561 0.741161
-0.224828 -0.632561 0.741161
-0.224828 -0.632561 0.741161
-0.224828 -0.632561 0.741161
-0.288903 0.097552 0.952375
-0.288903 0.097552 0.952375
-0.288903 0.097552 0.952375
-0.288903 0.097552 0.952375
-0.184687 0.771506 0.608827
-0.184687 0.771506 0.608827
-0.184687 0.771506 0.608827
-0.184687 0.771506 0.608827
-0.184683 -0.771508 0.608825
-0.184683 -0.771508 0.608825
-0.184683 -0.771508 0.608825
-0.184683 -0.771508 0.608825
-0.288902 -0.097551 0.952376
-0.288902 -0.097551 0.952376
-0.288902 -0.097551 0.952376
-0.288902 -0.097551 0.952376
-0.224828 0.632559 0.741162
-0.224828 0.632559 0.741162
-0.224828 0.632559 0.741162
-0.224828 0.632559 0.741162
-0.469150 -0.097551 0.877714
-0.469150 -0.097551 0.877714
-0.469150 -0.097551 0.877714
-0.469150 -0.097551 0.877714
-0.365099 0.632556 0.683063
-0.365099 0.632556 0.683063
-0.365099 0.632556 0.683063
-0.365099 0.632556 0.683063
-0.299911 -0.771511 0.561092
-0.299911 -0.771511 0.561092
-0.299911 -0.771511 0.561092
-0.299911 -0.771511 0.561092
-0.223053 -0.880969 0.417302
-0.223053 -0.880969 0.417302
-0.223053 -0.880969 0.417302
-0.223053 -0.880969 0.417302
-0.451278 -0.289000 0.844291
-0.451278 -0.289000 0.844291
-0.451278 -0.289000 0.844291
-0.451278 -0.289000 0.844291
-0.416182 0.469633 0.778613
-0.416182 0.469633 0.778613
-0.416182 0.469633 0.778613
-0.416182 0.469633 0.778613
-0.137449 0.956553 0.257126
-0.137449 0.956553 0.257126
-0.137449 0.956553 0.257126
-0.137449 0.956553 0.257126
-0.137444 -0.956551 0.257137
-0.137444 -0.956551 0.257137
-0.137444 -0.956551 0.257137
-0.137444 -0.956551 0.257137
-0.416180 -0.469631 0.778615
-0.416180 -0.469631 0.778615
-0.416180 -0.469631 0.778615
-0.416180 -0.469631 0.778615
-0.451279 0.289001 0.844290
-0.451279 0.289001 0.844290
-0.451279 0.289001 0.844290
-0.451279 0.289001 0.844290
-0.223048 0.880970 0.417303
-0.223048 0.880970 0.417303
-0.223048 0.880970 0.417303
-0.223048 0.880970 0.417303
-0.299913 0.771504 0.561100
-0.299913 0.771504 0.561100
-0.299913 0.771504 0.561100
-0.299913 0.771504 0.561100
-0.365104 -0.632564 0.683054
-0.365104 -0.632564 0.683054
-0.365104 -0.632564 0.683054
-0.365104 -0.632564 0.683054
-0.469150 0.097551 0.877714
-0.469150 0.097551 0.877714
-0.469150 0.097551 0.877714
-0.469150 0.097551 0.877714
-0.491346 -0.632563 0.598702
-0.491346 -0.632563 0.598702
-0.491346 -0.632563 0.598702
-0.491346 -0.632563 0.598702
-0.631371 0.097550 0.769321
-0.631371 0.097550 0.769321
-0.631371 0.097550 0.769321
-0.631371 0.097550 0.769321
-0.403617 0.771508 0.491801
-0.403617 0.771508 0.491801
-0.403617 0.771508 0.491801
-0.403617 0.771508 0.491801
-0.403611 -0.771509 0.491805
-0.403611 -0.771509 0.491805
-0.403611 -0.771509 0.491805
-0.403611 -0.771509 0.491805
-0.631371 -0.097550 0.769321
-0.631371 -0.097550 0.769321
-0.631371 -0.097550 0.769321
-0.631371 -0.097550 0.769321
-0.491348 0.632565 0.598698
-0.491348 0.632565 0.598698
-0.491348 0.632565 0.598698
-0.491348 0.632565 0.598698
-0.560081 0.469628 0.682465
-0.560081 0.469628 0.682465
-0.560081 0.469628 0.682465
-0.560081 0.469628 0.682465
-0.184973 0.956542 0.225415
-0.184973 0.956542 0.225415
-0.184973 0.956542 0.225415
-0.184973 0.956542 0.225415
-0.300179 -0.880971 0.365765
-0.300179 -0.880971 0.365765
-0.300179 -0.880971 0.365765
-0.300179 -0.880971 0.365765
-0.607321 -0.289001 0.740027
-0.607321 -0.289001 0.740027
-0.607321 -0.289001 0.740027
-0.607321 -0.289001 0.740027
-0.560081 -0.469629 0.682464
-0.560081 -0.469629 0.682464
-0.560081 -0.469629 0.682464
-0.560081 -0.469629 0.682464
-0.607320 0.289001 0.740027
-0.607320 0.289001 0.740027
-0.607320 0.289001 0.740027
-0.607320 0.289001 0.740027
-0.300173 0.880970 0.365770
-0.300173 0.880970 0.365770
-0.300173 0.880970 0.365770
-0.300173 0.880970 0.365770
-0.184968 -0.956548 0.225395
-0.184968 -0.956548 0.225395
-0.184968 -0.956548 0.225395
-0.184968 -0.956548 0.225395
-0.365761 0.880969 0.300187
-0.365761 0.880969 0.300187
-0.365761 0.880969 0.300187
-0.365761 0.880969 0.300187
-0.225384 -0.956546 0.184989
-0.225384 -0.956546 0.184989
-0.225384 -0.956546 0.184989
-0.225384 -0.956546 0.184989
-0.682462 -0.469629 0.560084
-0.682462 -0.469629 0.560084
-0.682462 -0.469629 0.560084
-0.682462 -0.469629 0.560084
-0.740027 0.289002 0.607320
-0.740027 0.289002 0.607320
-0.740027 0.289002 0.607320
-0.740027 0.289002 0.607320
-0.769322 0.097550 0.631369
-0.769322 0.097550 0.631369
-0.769322 0.097550 0.631369
-0.769322 0.097550 0.631369
-0.491806 0.771503 0.403621
-0.491806 0.771503 0.403621
-0.491806 0.771503 0.403621
-0.491806 0.771503 0.403621
-0.598705 -0.632562 0.491344
-0.598705 -0.632562 0.491344
-0.598705 -0.632562 0.491344
-0.598705 -0.632562 0.491344
-0.491803 -0.771510 0.403612
-0.491803 -0.771510 0.403612
-0.491803 -0.771510 0.403612
-0.491803 -0.771510 0.403612
-0.769324 -0.097551 0.631367
-0.769324 -0.097551 0.631367
-0.769324 -0.097551 0.631367
-0.769324 -0.097551 0.631367
-0.598707 0.632564 0.491338
-0.598707 0.632564 0.491338
-0.598707 0.632564 0.491338
-0.598707 0.632564 0.491338
-0.365768 -0.880969 0.300180
-0.365768 -0.880969 0.300180
-0.365768 -0.880969 0.300180
-0.365768 -0.880969 0.300180
-0.740024 -0.289001 0.607324
-0.740024 -0.289001 0.607324
-0.740024 -0.289001 0.607324
-0.740024 -0.289001 0.607324
-0.682461 0.469628 0.560086
-0.682461 0.469628 0.560086
-0.682461 0.469628 0.560086
-0.682461 0.469628 0.560086
-0.225392 0.956549 0.184964
-0.225392 0.956549 0.184964
-0.225392 0.956549 0.184964
-0.225392 0.956549 0.184964
-0.844289 -0.289002 0.451281
-0.844289 -0.289002 0.451281
-0.844289 -0.289002 0.451281
-0.844289 -0.289002 0.451281
-0.778618 0.469630 0.416175
-0.778618 0.469630 0.416175
-0.778618 0.469630 0.416175
-0.778618 0.469630 0.416175
-0.257148 0.956549 0.137435
-0.257148 0.956549 0.137435
-0.257148 0.956549 0.137435
-0.257148 0.956549 0.137435
-0.417301 -0.880968 0.223059
-0.417301 -0.880968 0.223059
-0.417301 -0.880968 0.223059
-0.417301 -0.880968 0.223059
-0.257140 -0.956555 0.137413
-0.257140 -0.956555 0.137413
-0.257140 -0.956555 0.137413
-0.257140 -0.956555 0.137413
-0.778617 -0.469629 0.416178
-0.778617 -0.469629 0.416178
-0.778617 -0.469629 0.416178
-0.778617 -0.469629 0.416178
-0.844289 0.289002 0.451280
-0.844289 0.289002 0.451280
-0.844289 0.289002 0.451280
-0.844289 0.289002 0.451280
-0.417297 0.880977 0.223032
-0.417297 0.880977 0.223032
-0.417297 0.880977 0.223032
-0.417297 0.880977 0.223032
-0.683058 -0.632562 0.365099
-0.683058 -0.632562 0.365099
-0.683058 -0.632562 0.365099
-0.683058 -0.632562 0.365099
-0.877714 0.097552 0.469150
-0.877714 0.097552 0.469150
-0.877714 0.097552 0.469150
-0.877714 0.097552 0.469150
-0.561097 0.771504 0.299920
-0.561097 0.771504 0.299920
-0.561097 0.771504 0.299920
-0.561097 0.771504 0.299920
-0.683059 0.632562 0.365096
-0.683059 0.632562 0.365096
-0.683059 0.632562 0.365096
-0.683059 0.632562 0.365096
-0.561092 -0.771508 0.299920
-0.561092 -0.771508 0.299920
-0.561092 -0.771508 0.299920
-0.561092 -0.771508 0.299920
-0.877715 -0.097552 0.469148
-0.877715 -0.097552 0.469148
-0.877715 -0.097552 0.469148
-0.877715 -0.097552 0.469148
-0.608822 -0.771511 0.184680
-0.608822 -0.771511 0.184680
-0.608822 -0.771511 0.184680
-0.608822 -0.771511 0.184680
-0.952376 -0.097551 0.288901
-0.952376 -0.097551 0.288901
-0.952376 -0.097551 0.288901
-0.952376 -0.097551 0.288901
-0.741160 0.632560 0.224834
-0.741160 0.632560 0.224834
-0.741160 0.632560 0.224834
-0.741160 0.632560 0.224834
-0.279021 0.956548 0.084634
-0.279021 0.956548 0.084634
-0.279021 0.956548 0.084634
-0.279021 0.956548 0.084634
-0.452799 -0.880968 0.137362
-0.452799 -0.880968 0.137362
-0.452799 -0.880968 0.137362
-0.452799 -0.880968 0.137362
-0.916106 -0.289002 0.277899
-0.916106 -0.289002 0.277899
-0.916106 -0.289002 0.277899
-0.916106 -0.289002 0.277899
-0.844846 0.469629 0.256289
-0.844846 0.469629 0.256289
-0.844846 0.469629 0.256289
-0.844846 0.469629 0.256289
-0.916107 0.289002 0.277896
-0.916107 0.289002 0.277896
-0.916107 0.289002 0.277896
-0.916107 0.289002 0.277896
-0.452793 0.880975 0.137341
-0.452793 0.880975 0.137341
-0.452793 0.880975 0.137341
-0.452793 0.880975 0.137341
-0.279013 -0.956552 0.084622
-0.279013 -0.956552 0.084622
-0.279013 -0.956552 0.084622
-0.279013 -0.956552 0.084622
-0.844849 -0.469630 0.256278
-0.844849 -0.469630 0.256278
-0.844849 -0.469630 0.256278
-0.844849 -0.469630 0.256278
-0.741160 -0.632561 0.224831
-0.741160 -0.632561 0.224831
-0.741160 -0.632561 0.224831
-0.741160 -0.632561 0.224831
-0.952376 0.097551 0.288901
-0.952376 0.097551 0.288901
-0.952376 0.097551 0.288901
-0.952376 0.097551 0.288901
-0.608828 0.771506 0.184678
-0.608828 0.771506 0.184678
-0.608828 0.771506 0.184678
-0.608828 0.771506 0.184678
-0.098010 0.995139 -0.009639
-0.098010 0.995139 -0.009639
-0.098010 0.995139 -0.009639
-0.098020 -0.995138 -0.009595
-0.098020 -0.995138 -0.009595
-0.098020 -0.995138 -0.009595
-0.094244 0.995139 -0.028563
-0.094244 0.995139 -0.028563
-0.094244 0.995139 -0.028563
-0.094253 -0.995138 -0.028580
-0.094253 -0.995138 -0.028580
-0.094253 -0.995138 -0.028580
-0.086864 -0.995138 -0.046413
-0.086864 -0.995138 -0.046413
-0.086864 -0.995138 -0.046413
-0.086855 0.995136 -0.046485
-0.086855 0.995136 -0.046485
-0.086855 0.995136 -0.046485
-0.076136 -0.995135 -0.062523
-0.076136 -0.995135 -0.062523
-0.076136 -0.995135 -0.062523
-0.076130 0.995143 -0.062412
-0.076130 0.995143 -0.062412
-0.076130 0.995143 -0.062412
-0.062484 -0.995139 -0.076126
-0.062484 -0.995139 -0.076126
-0.062484 -0.995139 -0.076126
-0.062478 0.995139 -0.076126
-0.062478 0.995139 -0.076126
-0.062478 0.995139 -0.076126
-0.046425 0.995138 -0.086859
-0.046425 0.995138 -0.086859
-0.046425 0.995138 -0.086859
-0.046430 -0.995136 -0.086886
-0.046430 -0.995136 -0.086886
-0.046430 -0.995136 -0.086886
-0.028591 -0.995137 -0.094260
-0.028591 -0.995137 -0.094260
-0.028591 -0.995137 -0.094260
-0.028588 0.995139 -0.094236
-0.028588 0.995139 -0.094236
-0.028588 0.995139 -0.094236
-0.009654 -0.995138 -0.098018
-0.009654 -0.995138 -0.098018
-0.009654 -0.995138 -0.098018
-0.009653 0.995138 -0.098018
-0.009653 0.995138 -0.098018
-0.009653 0.995138 -0.098018
0.009654 -0.995137 -0.098025
0.009654 -0.995137 -0.098025
0.009654 -0.995137 -0.098025
0.009653 0.995137 -0.098030
0.009653 0.995137 -0.098030
0.009653 0.995137 -0.098030
0.028588 0.995135 -0.094280
0.028588 0.995135 -0.094280
0.028588 0.995135 -0.094280
0.028591 -0.995136 -0.094269
0.028591 -0.995136 -0.094269
0.028591 -0.995136 -0.094269
0.046430 -0.995137 -0.086871
0.046430 -0.995137 -0.086871
0.046430 -0.995137 -0.086871
0.046425 0.995140 -0.086835
0.046425 0.995140 -0.086835
0.046425 0.995140 -0.086835
0.062484 -0.995141 -0.076093
0.062484 -0.995141 -0.076093
0.062484 -0.995141 -0.076093
0.062477 0.995135 -0.076176
0.062477 0.995135 -0.076176
0.062477 0.995135 -0.076176
0.076137 -0.995138 -0.062479
0.076137 -0.995138 -0.062479
0.076137 -0.995138 -0.062479
0.076129 0.995135 -0.062527
0.076129 0.995135 -0.062527
0.076129 0.995135 -0.062527
0.086855 0.995141 -0.046382
0.086855 0.995141 -0.046382
0.086855 0.995141 -0.046382
0.086864 -0.995136 -0.046457
0.086864 -0.995136 -0.046457
0.086864 -0.995136 -0.046457
0.094253 -0.995138 -0.028568
0.094253 -0.995138 -0.028568
0.094253 -0.995138 -0.028568
0.094243 0.995140 -0.028554
0.094243 0.995140 -0.028554
0.094243 0.995140 -0.028554
0.098019 -0.995137 -0.009717
0.098019 -0.995137 -0.009717
0.098019 -0.995137 -0.009717
0.098010 0.995139 -0.009657
0.098010 0.995139 -0.009657
0.098010 0.995139 -0.009657
0.098020 -0.995137 0.009678
0.098020 -0.995137 0.009678
0.098020 -0.995137 0.009678
0.098010 0.995138 0.009684
0.098010 0.995138 0.009684
0.098010 0.995138 0.009684
0.094243 0.995138 0.028608
0.094243 0.995138 0.028608
0.094243 0.995138 0.028608
0.094253 -0.995138 0.028586
0.094253 -0.995138 0.028586
0.094253 -0.995138 0.028586
0.086864 -0.995137 0.046439
0.086864 -0.995137 0.046439
0.086864 -0.995137 0.046439
0.086856 0.995141 0.046369
0.086856 0.995141 0.046369
0.086856 0.995141 0.046369
0.076136 -0.995137 0.062499
0.076136 -0.995137 0.062499
0.076136 -0.995137 0.062499
0.076129 0.995136 0.062521
0.076129 0.995136 0.062521
0.076129 0.995136 0.062521
0.062484 -0.995138 0.076128
0.062484 -0.995138 0.076128
0.062484 -0.995138 0.076128
0.062478 0.995140 0.076106
0.062478 0.995140 0.076106
0.062478 0.995140 0.076106
0.046429 -0.995136 0.086882
0.046429 -0.995136 0.086882
0.046429 -0.995136 0.086882
0.046425 0.995137 0.086872
0.046425 0.995137 0.086872
0.046425 0.995137 0.086872
0.028588 0.995138 0.094249
0.028588 0.995138 0.094249
0.028588 0.995138 0.094249
0.028591 -0.995138 0.094251
0.028591 -0.995138 0.094251
0.028591 -0.995138 0.094251
0.009654 -0.995139 0.098007
0.009654 -0.995139 0.098007
0.009654 -0.995139 0.098007
0.009653 0.995139 0.098006
0.009653 0.995139 0.098006
0.009653 0.995139 0.098006
-0.009654 -0.995139 0.098007
-0.009654 -0.995139 0.098007
-0.009654 -0.995139 0.098007
-0.009653 0.995141 0.097981
-0.009653 0.995141 0.097981
-0.009653 0.995141 0.097981
-0.028591 -0.995137 0.094258
-0.028591 -0.995137 0.094258
-0.028591 -0.995137 0.094258
-0.028589 0.995142 0.094203
-0.028589 0.995142 0.094203
-0.028589 0.995142 0.094203
-0.046425 0.995141 0.086832
-0.046425 0.995141 0.086832
-0.046425 0.995141 0.086832
-0.046429 -0.995135 0.086895
-0.046429 -0.995135 0.086895
-0.046429 -0.995135 0.086895
-0.062484 -0.995134 0.076179
-0.062484 -0.995134 0.076179
-0.062484 -0.995134 0.076179
-0.062478 0.995140 0.076109
-0.062478 0.995140 0.076109
-0.062478 0.995140 0.076109
-0.076137 -0.995140 0.062446
-0.076137 -0.995140 0.062446
-0.076137 -0.995140 0.062446
-0.076130 0.995141 0.062444
-0.076130 0.995141 0.062444
-0.076130 0.995141 0.062444
-0.086864 -0.995137 0.046450
-0.086864 -0.995137 0.046450
-0.086864 -0.995137 0.046450
-0.086855 0.995135 0.046492
-0.086855 0.995135 0.046492
-0.086855 0.995135 0.046492
-0.094244 0.995140 0.028541
-0.094244 0.995140 0.028541
-0.094244 0.995140 0.028541
-0.094253 -0.995139 0.028560
-0.094253 -0.995139 0.028560
-0.094253 -0.995139 0.028560
-0.633160 0.771505 0.062349
-0.633160 0.771505 0.062349
-0.633160 0.771505 0.062349
-0.633160 0.771505 0.062349
-0.098020 -0.995137 0.009676
-0.098020 -0.995137 0.009676
-0.098020 -0.995137 0.009676
-0.770780 -0.632562 0.075917
-0.770780 -0.632562 0.075917
-0.770780 -0.632562 0.075917
-0.770780 -0.632562 0.075917
-0.990438 0.097550 0.097554
-0.990438 0.097550 0.097554
-0.990438 0.097550 0.097554
-0.990438 0.097550 0.097554
-0.990438 -0.097550 0.097555
-0.990438 -0.097550 0.097555
-0.990438 -0.097550 0.097555
-0.990438 -0.097550 0.097555
-0.770780 0.632563 0.075911
-0.770780 0.632563 0.075911
-0.770780 0.632563 0.075911
-0.770780 0.632563 0.075911
-0.098010 0.995138 0.009701
-0.098010 0.995138 0.009701
-0.098010 0.995138 0.009701
-0.633154 -0.771510 0.062349
-0.633154 -0.771510 0.062349
-0.633154 -0.771510 0.062349
-0.633154 -0.771510 0.062349
-0.470895 -0.880969 0.046389
-0.470895 -0.880969 0.046389
-0.470895 -0.880969 0.046389
-0.470895 -0.880969 0.046389
-0.952718 -0.289003 0.093836
-0.952718 -0.289003 0.093836
-0.952718 -0.289003 0.093836
-0.952718 -0.289003 0.093836
-0.878612 0.469629 0.086540
-0.878612 0.469629 0.086540
-0.878612 0.469629 0.086540
-0.878612 0.469629 0.086540
-0.290172 0.956547 0.028600
-0.290172 0.956547 0.028600
-0.290172 0.956547 0.028600
-0.290172 0.956547 0.028600
-0.290163 -0.956550 0.028589
-0.290163 -0.956550 0.028589
-0.290163 -0.956550 0.028589
-0.290163 -0.956550 0.028589
-0.878612 -0.469629 0.086541
-0.878612 -0.469629 0.086541
-0.878612 -0.469629 0.086541
-0.878612 -0.469629 0.086541
-0.952718 0.289003 0.093839
-0.952718 0.289003 0.093839
-0.952718 0.289003 0.093839
-0.952718 0.289003 0.093839
-0.470888 0.880974 0.046371
-0.470888 0.880974 0.046371
-0.470888 0.880974 0.046371
-0.470888 0.880974 0.046371
-0.633154 -0.771509 -0.062371
-0.633154 -0.771509 -0.062371
-0.633154 -0.771509 -0.062371
-0.633154 -0.771509 -0.062371
-0.990438 -0.097549 -0.097551
-0.990438 -0.097549 -0.097551
-0.990438 -0.097549 -0.097551
-0.990438 -0.097549 -0.097551
-0.770779 0.632563 -0.075919
-0.770779 0.632563 -0.075919
-0.770779 0.632563 -0.075919
-0.770779 0.632563 -0.075919
-0.470895 -0.880970 -0.046368
-0.470895 -0.880970 -0.046368
-0.470895 -0.880970 -0.046368
-0.470895 -0.880970 -0.046368
-0.952718 -0.289005 -0.093835
-0.952718 -0.289005 -0.093835
-0.952718 -0.289005 -0.093835
-0.952718 -0.289005 -0.093835
-0.878613 0.469628 -0.086534
-0.878613 0.469628 -0.086534
-0.878613 0.469628 -0.086534
-0.878613 0.469628 -0.086534
-0.290172 0.956548 -0.028582
-0.290172 0.956548 -0.028582
-0.290172 0.956548 -0.028582
-0.290172 0.956548 -0.028582
-0.470888 0.880973 -0.046375
-0.470888 0.880973 -0.046375
-0.470888 0.880973 -0.046375
-0.470888 0.880973 -0.046375
-0.290163 -0.956550 -0.028602
-0.290163 -0.956550 -0.028602
-0.290163 -0.956550 -0.028602
-0.290163 -0.956550 -0.028602
-0.878613 -0.469629 -0.086531
-0.878613 -0.469629 -0.086531
-0.878613 -0.469629 -0.086531
-0.878613 -0.469629 -0.086531
-0.952718 0.289004 -0.093835
-0.952718 0.289004 -0.093835
-0.952718 0.289004 -0.093835
-0.952718 0.289004 -0.093835
-0.990438 0.097550 -0.097550
-0.990438 0.097550 -0.097550
-0.990438 0.097550 -0.097550
-0.990438 0.097550 -0.097550
-0.633160 0.771504 -0.062364
-0.633160 0.771504 -0.062364
-0.633160 0.771504 -0.062364
-0.633160 0.771504 -0.062364
-0.770780 -0.632563 -0.075908
-0.770780 -0.632563 -0.075908
-0.770780 -0.632563 -0.075908
-0.770780 -0.632563 -0.075908
-0.608822 -0.771509 -0.184686
-0.608822 -0.771509 -0.184686
-0.608822 -0.771509 -0.184686
-0.608822 -0.771509 -0.184686
-0.952376 -0.097549 -0.288900
-0.952376 -0.097549 -0.288900
-0.952376 -0.097549 -0.288900
-0.952376 -0.097549 -0.288900
-0.741159 0.632562 -0.224830
-0.741159 0.632562 -0.224830
-0.741159 0.632562 -0.224830
-0.741159 0.632562 -0.224830
-0.279021 0.956548 -0.084631
-0.279021 0.956548 -0.084631
-0.279021 0.956548 -0.084631
-0.279021 0.956548 -0.084631
-0.452799 -0.880969 -0.137354
-0.452799 -0.880969 -0.137354
-0.452799 -0.880969 -0.137354
-0.452799 -0.880969 -0.137354
-0.916105 -0.289005 -0.277898
-0.916105 -0.289005 -0.277898
-0.916105 -0.289005 -0.277898
-0.916105 -0.289005 -0.277898
-0.844849 0.469630 -0.256277
-0.844849 0.469630 -0.256277
-0.844849 0.469630 -0.256277
-0.844849 0.469630 -0.256277
-0.916106 0.289004 -0.277896
-0.916106 0.289004 -0.277896
-0.916106 0.289004 -0.277896
-0.916106 0.289004 -0.277896
-0.452793 0.880975 -0.137339
-0.452793 0.880975 -0.137339
-0.452793 0.880975 -0.137339
-0.452793 0.880975 -0.137339
-0.279012 -0.956548 -0.084664
-0.279012 -0.956548 -0.084664
-0.279012 -0.956548 -0.084664
-0.279012 -0.956548 -0.084664
-0.844850 -0.469629 -0.256276
-0.844850 -0.469629 -0.256276
-0.844850 -0.469629 -0.256276
-0.844850 -0.469629 -0.256276
-0.741159 -0.632562 -0.224831
-0.741159 -0.632562 -0.224831
-0.741159 -0.632562 -0.224831
-0.741159 -0.632562 -0.224831
-0.952376 0.097550 -0.288901
-0.952376 0.097550 -0.288901
-0.952376 0.097550 -0.288901
-0.952376 0.097550 -0.288901
-0.608827 0.771504 -0.184690
-0.608827 0.771504 -0.184690
-0.608827 0.771504 -0.184690
-0.608827 0.771504 -0.184690
-0.561099 0.771505 -0.299914
-0.561099 0.771505 -0.299914
-0.561099 0.771505 -0.299914
-0.561099 0.771505 -0.299914
-0.683057 -0.632563 -0.365099
-0.683057 -0.632563 -0.365099
-0.683057 -0.632563 -0.365099
-0.683057 -0.632563 -0.365099
-0.877714 0.097549 -0.469151
-0.877714 0.097549 -0.469151
-0.877714 0.097549 -0.469151
-0.877714 0.097549 -0.469151
-0.877714 -0.097549 -0.469151
-0.877714 -0.097549 -0.469151
-0.877714 -0.097549 -0.469151
-0.877714 -0.097549 -0.469151
-0.683055 0.632561 -0.365105
-0.683055 0.632561 -0.365105
-0.683055 0.632561 -0.365105
-0.683055 0.632561 -0.365105
-0.561093 -0.771509 -0.299914
-0.561093 -0.771509 -0.299914
-0.561093 -0.771509 -0.299914
-0.561093 -0.771509 -0.299914
-0.417302 -0.880969 -0.223053
-0.417302 -0.880969 -0.223053
-0.417302 -0.880969 -0.223053
-0.417302 -0.880969 -0.223053
-0.844288 -0.289004 -0.451280
-0.844288 -0.289004 -0.451280
-0.844288 -0.289004 -0.451280
-0.844288 -0.289004 -0.451280
-0.778615 0.469628 -0.416183
-0.778615 0.469628 -0.416183
-0.778615 0.469628 -0.416183
-0.778615 0.469628 -0.416183
-0.257146 0.956546 -0.137464
-0.257146 0.956546 -0.137464
-0.257146 0.956546 -0.137464
-0.257146 0.956546 -0.137464
-0.257138 -0.956547 -0.137469
-0.257138 -0.956547 -0.137469
-0.257138 -0.956547 -0.137469
-0.257138 -0.956547 -0.137469
-0.778619 -0.469629 -0.416175
-0.778619 -0.469629 -0.416175
-0.778619 -0.469629 -0.416175
-0.778619 -0.469629 -0.416175
-0.844287 0.289003 -0.451284
-0.844287 0.289003 -0.451284
-0.844287 0.289003 -0.451284
-0.844287 0.289003 -0.451284
-0.417295 0.880972 -0.223052
-0.417295 0.880972 -0.223052
-0.417295 0.880972 -0.223052
-0.417295 0.880972 -0.223052
-0.682462 -0.469627 -0.560085
-0.682462 -0.469627 -0.560085
-0.682462 -0.469627 -0.560085
-0.682462 -0.469627 -0.560085
-0.740026 0.289004 -0.607320
-0.740026 0.289004 -0.607320
-0.740026 0.289004 -0.607320
-0.740026 0.289004 -0.607320
-0.365761 0.880969 -0.300188
-0.365761 0.880969 -0.300188
-0.365761 0.880969 -0.300188
-0.365761 0.880969 -0.300188
-0.225384 -0.956552 -0.184960
-0.225384 -0.956552 -0.184960
-0.225384 -0.956552 -0.184960
-0.225384 -0.956552 -0.184960
-0.598705 -0.632563 -0.491341
-0.598705 -0.632563 -0.491341
-0.598705 -0.632563 -0.491341
-0.598705 -0.632563 -0.491341
-0.769324 0.097550 -0.631367
-0.769324 0.097550 -0.631367
-0.769324 0.097550 -0.631367
-0.769324 0.097550 -0.631367
-0.491806 0.771503 -0.403620
-0.491806 0.771503 -0.403620
-0.491806 0.771503 -0.403620
-0.491806 0.771503 -0.403620
-0.491804 -0.771512 -0.403606
-0.491804 -0.771512 -0.403606
-0.491804 -0.771512 -0.403606
-0.491804 -0.771512 -0.403606
-0.769326 -0.097550 -0.631365
-0.769326 -0.097550 -0.631365
-0.769326 -0.097550 -0.631365
-0.769326 -0.097550 -0.631365
-0.598705 0.632564 -0.491340
-0.598705 0.632564 -0.491340
-0.598705 0.632564 -0.491340
-0.598705 0.632564 -0.491340
-0.682464 0.469629 -0.560083
-0.682464 0.469629 -0.560083
-0.682464 0.469629 -0.560083
-0.682464 0.469629 -0.560083
-0.225391 0.956548 -0.184975
-0.225391 0.956548 -0.184975
-0.225391 0.956548 -0.184975
-0.225391 0.956548 -0.184975
-0.365768 -0.880968 -0.300181
-0.365768 -0.880968 -0.300181
-0.365768 -0.880968 -0.300181
-0.365768 -0.880968 -0.300181
-0.740025 -0.289005 -0.607322
-0.740025 -0.289005 -0.607322
-0.740025 -0.289005 -0.607322
-0.740025 -0.289005 -0.607322
-0.300177 -0.880966 -0.365777
-0.300177 -0.880966 -0.365777
-0.300177 -0.880966 -0.365777
-0.300177 -0.880966 -0.365777
-0.607321 -0.289004 -0.740026
-0.607321 -0.289004 -0.740026
-0.607321 -0.289004 -0.740026
-0.607321 -0.289004 -0.740026
-0.560082 0.469629 -0.682464
-0.560082 0.469629 -0.682464
-0.560082 0.469629 -0.682464
-0.560082 0.469629 -0.682464
-0.184974 0.956551 -0.225374
-0.184974 0.956551 -0.225374
-0.184974 0.956551 -0.225374
-0.184974 0.956551 -0.225374
-0.300173 0.880972 -0.365766
-0.300173 0.880972 -0.365766
-0.300173 0.880972 -0.365766
-0.300173 0.880972 -0.365766
-0.184968 -0.956549 -0.225390
-0.184968 -0.956549 -0.225390
-0.184968 -0.956549 -0.225390
-0.184968 -0.956549 -0.225390
-0.560084 -0.469628 -0.682463
-0.560084 -0.469628 -0.682463
-0.560084 -0.469628 -0.682463
-0.560084 -0.469628 -0.682463
-0.607319 0.289003 -0.740028
-0.607319 0.289003 -0.740028
-0.607319 0.289003 -0.740028
-0.607319 0.289003 -0.740028
-0.631364 0.097550 -0.769326
-0.631364 0.097550 -0.769326
-0.631364 0.097550 -0.769326
-0.631364 0.097550 -0.769326
-0.403614 0.771502 -0.491813
-0.403614 0.771502 -0.491813
-0.403614 0.771502 -0.491813
-0.403614 0.771502 -0.491813
-0.491341 -0.632560 -0.598709
-0.491341 -0.632560 -0.598709
-0.491341 -0.632560 -0.598709
-0.491341 -0.632560 -0.598709
-0.403611 -0.771508 -0.491806
-0.403611 -0.771508 -0.491806
-0.403611 -0.771508 -0.491806
-0.403611 -0.771508 -0.491806
-0.631367 -0.097550 -0.769324
-0.631367 -0.097550 -0.769324
-0.631367 -0.097550 -0.769324
-0.631367 -0.097550 -0.769324
-0.491342 0.632561 -0.598706
-0.491342 0.632561 -0.598706
-0.491342 0.632561 -0.598706
-0.491342 0.632561 -0.598706
-0.365099 0.632559 -0.683061
-0.365099 0.632559 -0.683061
-0.365099 0.632559 -0.683061
-0.365099 0.632559 -0.683061
-0.299908 -0.771506 -0.561101
-0.299908 -0.771506 -0.561101
-0.299908 -0.771506 -0.561101
-0.299908 -0.771506 -0.561101
-0.469147 -0.097551 -0.877716
-0.469147 -0.097551 -0.877716
-0.469147 -0.097551 -0.877716
-0.469147 -0.097551 -0.877716
-0.451282 -0.289003 -0.844288
-0.451282 -0.289003 -0.844288
-0.451282 -0.289003 -0.844288
-0.451282 -0.289003 -0.844288
-0.416181 0.469631 -0.778614
-0.416181 0.469631 -0.778614
-0.416181 0.469631 -0.778614
-0.416181 0.469631 -0.778614
-0.137448 0.956547 -0.257148
-0.137448 0.956547 -0.257148
-0.137448 0.956547 -0.257148
-0.137448 0.956547 -0.257148
-0.223052 -0.880969 -0.417303
-0.223052 -0.880969 -0.417303
-0.223052 -0.880969 -0.417303
-0.223052 -0.880969 -0.417303
-0.137443 -0.956546 -0.257156
-0.137443 -0.956546 -0.257156
-0.137443 -0.956546 -0.257156
-0.137443 -0.956546 -0.257156
-0.416181 -0.469629 -0.778615
-0.416181 -0.469629 -0.778615
-0.416181 -0.469629 -0.778615
-0.416181 -0.469629 -0.778615
-0.451282 0.289004 -0.844288
-0.451282 0.289004 -0.844288
-0.451282 0.289004 -0.844288
-0.451282 0.289004 -0.844288
-0.223049 0.880973 -0.417295
-0.223049 0.880973 -0.417295
-0.223049 0.880973 -0.417295
-0.223049 0.880973 -0.417295
-0.365102 -0.632565 -0.683054
-0.365102 -0.632565 -0.683054
-0.365102 -0.632565 -0.683054
-0.365102 -0.632565 -0.683054
-0.469150 0.097551 -0.877714
-0.469150 0.097551 -0.877714
-0.469150 0.097551 -0.877714
-0.469150 0.097551 -0.877714
-0.299913 0.771504 -0.561101
-0.299913 0.771504 -0.561101
-0.299913 0.771504 -0.561101
-0.299913 0.771504 -0.561101
-0.224827 -0.632560 -0.741162
-0.224827 -0.632560 -0.741162
-0.224827 -0.632560 -0.741162
-0.224827 -0.632560 -0.741162
-0.288902 0.097553 -0.952375
-0.288902 0.097553 -0.952375
-0.288902 0.097553 -0.952375
-0.288902 0.097553 -0.952375
-0.184685 0.771501 -0.608832
-0.184685 0.771501 -0.608832
-0.184685 0.771501 -0.608832
-0.184685 0.771501 -0.608832
-0.184686 -0.771514 -0.608816
-0.184686 -0.771514 -0.608816
-0.184686 -0.771514 -0.608816
-0.184686 -0.771514 -0.608816
-0.288899 -0.097552 -0.952376
-0.288899 -0.097552 -0.952376
-0.288899 -0.097552 -0.952376
-0.288899 -0.097552 -0.952376
-0.224828 0.632559 -0.741162
-0.224828 0.632559 -0.741162
-0.224828 0.632559 -0.741162
-0.224828 0.632559 -0.741162
-0.084640 0.956550 -0.279012
-0.084640 0.956550 -0.279012
-0.084640 0.956550 -0.279012
-0.084640 0.956550 -0.279012
-0.137355 -0.880965 -0.452807
-0.137355 -0.880965 -0.452807
-0.137355 -0.880965 -0.452807
-0.137355 -0.880965 -0.452807
-0.277899 -0.289005 -0.916105
-0.277899 -0.289005 -0.916105
-0.277899 -0.289005 -0.916105
-0.277899 -0.289005 -0.916105
-0.256282 0.469630 -0.844848
-0.256282 0.469630 -0.844848
-0.256282 0.469630 -0.844848
-0.256282 0.469630 -0.844848
-0.277899 0.289005 -0.916105
-0.277899 0.289005 -0.916105
-0.277899 0.289005 -0.916105
-0.277899 0.289005 -0.916105
-0.137353 0.880974 -0.452789
-0.137353 0.880974 -0.452789
-0.137353 0.880974 -0.452789
-0.137353 0.880974 -0.452789
-0.084637 -0.956552 -0.279006
-0.084637 -0.956552 -0.279006
-0.084637 -0.956552 -0.279006
-0.084637 -0.956552 -0.279006
-0.256280 -0.469628 -0.844849
-0.256280 -0.469628 -0.844849
-0.256280 -0.469628 -0.844849
-0.256280 -0.469628 -0.844849
-0.028578 -0.956549 -0.290167
-0.028578 -0.956549 -0.290167
-0.028578 -0.956549 -0.290167
-0.028578 -0.956549 -0.290167
-0.086537 -0.469632 -0.878611
-0.086537 -0.469632 -0.878611
-0.086537 -0.469632 -0.878611
-0.086537 -0.469632 -0.878611
-0.093835 0.289003 -0.952718
-0.093835 0.289003 -0.952718
-0.093835 0.289003 -0.952718
-0.093835 0.289003 -0.952718
-0.046379 0.880974 -0.470885
-0.046379 0.880974 -0.470885
-0.046379 0.880974 -0.470885
-0.046379 0.880974 -0.470885
-0.062360 0.771503 -0.633162
-0.062360 0.771503 -0.633162
-0.062360 0.771503 -0.633162
-0.062360 0.771503 -0.633162
-0.075916 -0.632562 -0.770780
-0.075916 -0.632562 -0.770780
-0.075916 -0.632562 -0.770780
-0.075916 -0.632562 -0.770780
-0.097548 0.097551 -0.990438
-0.097548 0.097551 -0.990438
-0.097548 0.097551 -0.990438
-0.097548 0.097551 -0.990438
-0.097548 -0.097551 -0.990438
-0.097548 -0.097551 -0.990438
-0.097548 -0.097551 -0.990438
-0.097548 -0.097551 -0.990438
-0.075915 0.632566 -0.770777
-0.075915 0.632566 -0.770777
-0.075915 0.632566 -0.770777
-0.075915 0.632566 -0.770777
-0.062360 -0.771513 -0.633150
-0.062360 -0.771513 -0.633150
-0.062360 -0.771513 -0.633150
-0.062360 -0.771513 -0.633150
-0.046379 -0.880968 -0.470897
-0.046379 -0.880968 -0.470897
-0.046379 -0.880968 -0.470897
-0.046379 -0.880968 -0.470897
-0.093836 -0.289006 -0.952717
-0.093836 -0.289006 -0.952717
-0.093836 -0.289006 -0.952717
-0.093836 -0.289006 -0.952717
-0.086536 0.469626 -0.878614
-0.086536 0.469626 -0.878614
-0.086536 0.469626 -0.878614
-0.086536 0.469626 -0.878614
-0.028579 0.956548 -0.290170
-0.028579 0.956548 -0.290170
-0.028579 0.956548 -0.290170
-0.028579 0.956548 -0.290170
0.086536 0.469627 -0.878614
0.086536 0.469627 -0.878614
0.086536 0.469627 -0.878614
0.086536 0.469627 -0.878614
0.028579 0.956548 -0.290171
0.028579 0.956548 -0.290171
0.028579 0.956548 -0.290171
0.028579 0.956548 -0.290171
0.046379 -0.880969 -0.470895
0.046379 -0.880969 -0.470895
0.046379 -0.880969 -0.470895
0.046379 -0.880969 -0.470895
0.093835 -0.289004 -0.952718
0.093835 -0.289004 -0.952718
0.093835 -0.289004 -0.952718
0.093835 -0.289004 -0.952718
0.086536 -0.469626 -0.878614
0.086536 -0.469626 -0.878614
0.086536 -0.469626 -0.878614
0.086536 -0.469626 -0.878614
0.093834 0.289001 -0.952719
0.093834 0.289001 -0.952719
0.093834 0.289001 -0.952719
0.093834 0.289001 -0.952719
0.046379 0.880975 -0.470884
0.046379 0.880975 -0.470884
0.046379 0.880975 -0.470884
0.046379 0.880975 -0.470884
0.028578 -0.956550 -0.290165
0.028578 -0.956550 -0.290165
0.028578 -0.956550 -0.290165
0.028578 -0.956550 -0.290165
0.075916 -0.632558 -0.770784
0.075916 -0.632558 -0.770784
0.075916 -0.632558 -0.770784
0.075916 -0.632558 -0.770784
0.097549 0.097551 -0.990438
0.097549 0.097551 -0.990438
0.097549 0.097551 -0.990438
0.097549 0.097551 -0.990438
0.062361 0.771504 -0.633160
0.062361 0.771504 -0.633160
0.062361 0.771504 -0.633160
0.062361 0.771504 -0.633160
0.062361 -0.771512 -0.633151
0.062361 -0.771512 -0.633151
0.062361 -0.771512 -0.633151
0.062361 -0.771512 -0.633151
0.097549 -0.097551 -0.990438
0.097549 -0.097551 -0.990438
0.097549 -0.097551 -0.990438
0.097549 -0.097551 -0.990438
0.075915 0.632560 -0.770782
0.075915 0.632560 -0.770782
0.075915 0.632560 -0.770782
0.075915 0.632560 -0.770782
0.184685 -0.771511 -0.608820
0.184685 -0.771511 -0.608820
0.184685 -0.771511 -0.608820
0.184685 -0.771511 -0.608820
0.288903 -0.097552 -0.952375
0.288903 -0.097552 -0.952375
0.288903 -0.097552 -0.952375
0.288903 -0.097552 -0.952375
0.224829 0.632565 -0.741157
0.224829 0.632565 -0.741157
0.224829 0.632565 -0.741157
0.224829 0.632565 -0.741157
0.137356 -0.880968 -0.452801
0.137356 -0.880968 -0.452801
0.137356 -0.880968 -0.452801
0.137356 -0.880968 -0.452801
0.277897 -0.289003 -0.916106
0.277897 -0.289003 -0.916106
0.277897 -0.289003 -0.916106
0.277897 -0.289003 -0.916106
0.256283 0.469633 -0.844845
0.256283 0.469633 -0.844845
0.256283 0.469633 -0.844845
0.256283 0.469633 -0.844845
0.084640 0.956548 -0.279021
0.084640 0.956548 -0.279021
0.084640 0.956548 -0.279021
0.084640 0.956548 -0.279021
0.137353 0.880972 -0.452794
0.137353 0.880972 -0.452794
0.137353 0.880972 -0.452794
0.137353 0.880972 -0.452794
0.084638 -0.956551 -0.279009
0.084638 -0.956551 -0.279009
0.084638 -0.956551 -0.279009
0.084638 -0.956551 -0.279009
0.256280 -0.469627 -0.844850
0.256280 -0.469627 -0.844850
0.256280 -0.469627 -0.844850
0.256280 -0.469627 -0.844850
0.277894 0.289001 -0.916108
0.277894 0.289001 -0.916108
0.277894 0.289001 -0.916108
0.277894 0.289001 -0.916108
0.288903 0.097552 -0.952375
0.288903 0.097552 -0.952375
0.288903 0.097552 -0.952375
0.288903 0.097552 -0.952375
0.184686 0.771506 -0.608827
0.184686 0.771506 -0.608827
0.184686 0.771506 -0.608827
0.184686 0.771506 -0.608827
0.224829 -0.632562 -0.741159
0.224829 -0.632562 -0.741159
0.224829 -0.632562 -0.741159
0.224829 -0.632562 -0.741159
0.365101 -0.632561 -0.683057
0.365101 -0.632561 -0.683057
0.365101 -0.632561 -0.683057
0.365101 -0.632561 -0.683057
0.469150 0.097551 -0.877714
0.469150 0.097551 -0.877714
0.469150 0.097551 -0.877714
0.469150 0.097551 -0.877714
0.299914 0.771505 -0.561098
0.299914 0.771505 -0.561098
0.299914 0.771505 -0.561098
0.299914 0.771505 -0.561098
0.365103 0.632564 -0.683054
0.365103 0.632564 -0.683054
0.365103 0.632564 -0.683054
0.365103 0.632564 -0.683054
0.299911 -0.771511 -0.561091
0.299911 -0.771511 -0.561091
0.299911 -0.771511 -0.561091
0.299911 -0.771511 -0.561091
0.469144 -0.097549 -0.877717
0.469144 -0.097549 -0.877717
0.469144 -0.097549 -0.877717
0.469144 -0.097549 -0.877717
0.451282 -0.289004 -0.844288
0.451282 -0.289004 -0.844288
0.451282 -0.289004 -0.844288
0.451282 -0.289004 -0.844288
0.416180 0.469629 -0.778616
0.416180 0.469629 -0.778616
0.416180 0.469629 -0.778616
0.416180 0.469629 -0.778616
0.137448 0.956549 -0.257142
0.137448 0.956549 -0.257142
0.137448 0.956549 -0.257142
0.137448 0.956549 -0.257142
0.223053 -0.880971 -0.417298
0.223053 -0.880971 -0.417298
0.223053 -0.880971 -0.417298
0.223053 -0.880971 -0.417298
0.137444 -0.956552 -0.257132
0.137444 -0.956552 -0.257132
0.137444 -0.956552 -0.257132
0.137444 -0.956552 -0.257132
0.416179 -0.469628 -0.778617
0.416179 -0.469628 -0.778617
0.416179 -0.469628 -0.778617
0.416179 -0.469628 -0.778617
0.451279 0.289002 -0.844290
0.451279 0.289002 -0.844290
0.451279 0.289002 -0.844290
0.451279 0.289002 -0.844290
0.223049 0.880970 -0.417302
0.223049 0.880970 -0.417302
0.223049 0.880970 -0.417302
0.223049 0.880970 -0.417302
0.607326 0.289006 -0.740021
0.607326 0.289006 -0.740021
0.607326 0.289006 -0.740021
0.607326 0.289006 -0.740021
0.300176 0.880979 -0.365746
0.300176 0.880979 -0.365746
0.300176 0.880979 -0.365746
0.300176 0.880979 -0.365746
0.184969 -0.956553 -0.225372
0.184969 -0.956553 -0.225372
0.184969 -0.956553 -0.225372
0.184969 -0.956553 -0.225372
0.560084 -0.469629 -0.682463
0.560084 -0.469629 -0.682463
0.560084 -0.469629 -0.682463
0.560084 -0.469629 -0.682463
0.491345 -0.632563 -0.598702
0.491345 -0.632563 -0.598702
0.491345 -0.632563 -0.598702
0.491345 -0.632563 -0.598702
0.631367 0.097550 -0.769324
0.631367 0.097550 -0.769324
0.631367 0.097550 -0.769324
0.631367 0.097550 -0.769324
0.403617 0.771506 -0.491805
0.403617 0.771506 -0.491805
0.403617 0.771506 -0.491805
0.403617 0.771506 -0.491805
0.403613 -0.771511 -0.491800
0.403613 -0.771511 -0.491800
0.403613 -0.771511 -0.491800
0.403613 -0.771511 -0.491800
0.631366 -0.097550 -0.769325
0.631366 -0.097550 -0.769325
0.631366 -0.097550 -0.769325
0.631366 -0.097550 -0.769325
0.491344 0.632562 -0.598704
0.491344 0.632562 -0.598704
0.491344 0.632562 -0.598704
0.491344 0.632562 -0.598704
0.184974 0.956549 -0.225387
0.184974 0.956549 -0.225387
0.184974 0.956549 -0.225387
0.184974 0.956549 -0.225387
0.300178 -0.880968 -0.365771
0.300178 -0.880968 -0.365771
0.300178 -0.880968 -0.365771
0.300178 -0.880968 -0.365771
0.607322 -0.289004 -0.740025
0.607322 -0.289004 -0.740025
0.607322 -0.289004 -0.740025
0.607322 -0.289004 -0.740025
0.560084 0.469629 -0.682462
0.560084 0.469629 -0.682462
0.560084 0.469629 -0.682462
0.560084 0.469629 -0.682462
0.365768 -0.880967 -0.300185
0.365768 -0.880967 -0.300185
0.365768 -0.880967 -0.300185
0.365768 -0.880967 -0.300185
0.740023 -0.289003 -0.607325
0.740023 -0.289003 -0.607325
0.740023 -0.289003 -0.607325
0.740023 -0.289003 -0.607325
0.682461 0.469628 -0.560086
0.682461 0.469628 -0.560086
0.682461 0.469628 -0.560086
0.682461 0.469628 -0.560086
0.225391 0.956545 -0.184989
0.225391 0.956545 -0.184989
0.225391 0.956545 -0.184989
0.225391 0.956545 -0.184989
0.225385 -0.956553 -0.184957
0.225385 -0.956553 -0.184957
0.225385 -0.956553 -0.184957
0.225385 -0.956553 -0.184957
0.682463 -0.469628 -0.560084
0.682463 -0.469628 -0.560084
0.682463 -0.469628 -0.560084
0.682463 -0.469628 -0.560084
0.740023 0.289003 -0.607324
0.740023 0.289003 -0.607324
0.740023 0.289003 -0.607324
0.740023 0.289003 -0.607324
0.365763 0.880973 -0.300175
0.365763 0.880973 -0.300175
0.365763 0.880973 -0.300175
0.365763 0.880973 -0.300175
0.491808 0.771506 -0.403613
0.491808 0.771506 -0.403613
0.491808 0.771506 -0.403613
0.491808 0.771506 -0.403613
0.598704 -0.632562 -0.491343
0.598704 -0.632562 -0.491343
0.598704 -0.632562 -0.491343
0.598704 -0.632562 -0.491343
0.769323 0.097550 -0.631368
0.769323 0.097550 -0.631368
0.769323 0.097550 -0.631368
0.769323 0.097550 -0.631368
0.769325 -0.097551 -0.631365
0.769325 -0.097551 -0.631365
0.769325 -0.097551 -0.631365
0.769325 -0.097551 -0.631365
0.598704 0.632562 -0.491344
0.598704 0.632562 -0.491344
0.598704 0.632562 -0.491344
0.598704 0.632562 -0.491344
0.491803 -0.771510 -0.403612
0.491803 -0.771510 -0.403612
0.491803 -0.771510 -0.403612
0.491803 -0.771510 -0.403612
0.561096 -0.771512 -0.299899
0.561096 -0.771512 -0.299899
0.561096 -0.771512 -0.299899
0.561096 -0.771512 -0.299899
0.877713 -0.097550 -0.469152
0.877713 -0.097550 -0.469152
0.877713 -0.097550 -0.469152
0.877713 -0.097550 -0.469152
0.683055 0.632561 -0.365107
0.683055 0.632561 -0.365107
0.683055 0.632561 -0.365107
0.683055 0.632561 -0.365107
0.778618 0.469630 -0.416175
0.778618 0.469630 -0.416175
0.778618 0.469630 -0.416175
0.778618 0.469630 -0.416175
0.257148 0.956551 -0.137420
0.257148 0.956551 -0.137420
0.257148 0.956551 -0.137420
0.257148 0.956551 -0.137420
0.417302 -0.880969 -0.223053
0.417302 -0.880969 -0.223053
0.417302 -0.880969 -0.223053
0.417302 -0.880969 -0.223053
0.844287 -0.289003 -0.451283
0.844287 -0.289003 -0.451283
0.844287 -0.289003 -0.451283
0.844287 -0.289003 -0.451283
0.778616 -0.469628 -0.416182
0.778616 -0.469628 -0.416182
0.778616 -0.469628 -0.416182
0.778616 -0.469628 -0.416182
0.844287 0.289003 -0.451284
0.844287 0.289003 -0.451284
0.844287 0.289003 -0.451284
0.844287 0.289003 -0.451284
0.417295 0.880971 -0.223059
0.417295 0.880971 -0.223059
0.417295 0.880971 -0.223059
0.417295 0.880971 -0.223059
0.257138 -0.956548 -0.137462
0.257138 -0.956548 -0.137462
0.257138 -0.956548 -0.137462
0.257138 -0.956548 -0.137462
0.683057 -0.632563 -0.365099
0.683057 -0.632563 -0.365099
0.683057 -0.632563 -0.365099
0.683057 -0.632563 -0.365099
0.877716 0.097551 -0.469146
0.877716 0.097551 -0.469146
0.877716 0.097551 -0.469146
0.877716 0.097551 -0.469146
0.561101 0.771507 -0.299904
0.561101 0.771507 -0.299904
0.561101 0.771507 -0.299904
0.561101 0.771507 -0.299904
0.952376 0.097550 -0.288901
0.952376 0.097550 -0.288901
0.952376 0.097550 -0.288901
0.952376 0.097550 -0.288901
0.608826 0.771503 -0.184700
0.608826 0.771503 -0.184700
0.608826 0.771503 -0.184700
0.608826 0.771503 -0.184700
0.741159 -0.632561 -0.224834
0.741159 -0.632561 -0.224834
0.741159 -0.632561 -0.224834
0.741159 -0.632561 -0.224834
0.608822 -0.771510 -0.184684
0.608822 -0.771510 -0.184684
0.608822 -0.771510 -0.184684
0.608822 -0.771510 -0.184684
0.952376 -0.097550 -0.288901
0.952376 -0.097550 -0.288901
0.952376 -0.097550 -0.288901
0.952376 -0.097550 -0.288901
0.741160 0.632562 -0.224825
0.741160 0.632562 -0.224825
0.741160 0.632562 -0.224825
0.741160 0.632562 -0.224825
0.452798 -0.880967 -0.137371
0.452798 -0.880967 -0.137371
0.452798 -0.880967 -0.137371
0.452798 -0.880967 -0.137371
0.916106 -0.289004 -0.277896
0.916106 -0.289004 -0.277896
0.916106 -0.289004 -0.277896
0.916106 -0.289004 -0.277896
0.844849 0.469630 -0.256276
0.844849 0.469630 -0.256276
0.844849 0.469630 -0.256276
0.844849 0.469630 -0.256276
0.279020 0.956546 -0.084657
0.279020 0.956546 -0.084657
0.279020 0.956546 -0.084657
0.279020 0.956546 -0.084657
0.452793 0.880975 -0.137338
0.452793 0.880975 -0.137338
0.452793 0.880975 -0.137338
0.452793 0.880975 -0.137338
0.279013 -0.956553 -0.084609
0.279013 -0.956553 -0.084609
0.279013 -0.956553 -0.084609
0.279013 -0.956553 -0.084609
0.844848 -0.469629 -0.256281
0.844848 -0.469629 -0.256281
0.844848 -0.469629 -0.256281
0.844848 -0.469629 -0.256281
0.916107 0.289004 -0.277894
0.916107 0.289004 -0.277894
0.916107 0.289004 -0.277894
0.916107 0.289004 -0.277894
0.290163 -0.956550 -0.028595
0.290163 -0.956550 -0.028595
0.290163 -0.956550 -0.028595
0.290163 -0.956550 -0.028595
0.878612 -0.469630 -0.086536
0.878612 -0.469630 -0.086536
0.878612 -0.469630 -0.086536
0.878612 -0.469630 -0.086536
0.952718 0.289003 -0.093833
0.952718 0.289003 -0.093833
0.952718 0.289003 -0.093833
0.952718 0.289003 -0.093833
0.470888 0.880973 -0.046383
0.470888 0.880973 -0.046383
0.470888 0.880973 -0.046383
0.470888 0.880973 -0.046383
0.770781 -0.632561 -0.075912
0.770781 -0.632561 -0.075912
0.770781 -0.632561 -0.075912
0.770781 -0.632561 -0.075912
0.990438 0.097551 -0.097550
0.990438 0.097551 -0.097550
0.990438 0.097551 -0.097550
0.990438 0.097551 -0.097550
0.633160 0.771505 -0.062356
0.633160 0.771505 -0.062356
0.633160 0.771505 -0.062356
0.633160 0.771505 -0.062356
0.770781 0.632561 -0.075922
0.770781 0.632561 -0.075922
0.770781 0.632561 -0.075922
0.770781 0.632561 -0.075922
0.633154 -0.771510 -0.062360
0.633154 -0.771510 -0.062360
0.633154 -0.771510 -0.062360
0.633154 -0.771510 -0.062360
0.990438 -0.097551 -0.097549
0.990438 -0.097551 -0.097549
0.990438 -0.097551 -0.097549
0.990438 -0.097551 -0.097549
0.952718 -0.289003 -0.093835
0.952718 -0.289003 -0.093835
0.952718 -0.289003 -0.093835
0.952718 -0.289003 -0.093835
0.878612 0.469630 -0.086534
0.878612 0.469630 -0.086534
0.878612 0.469630 -0.086534
0.878612 0.469630 -0.086534
0.290172 0.956548 -0.028570
0.290172 0.956548 -0.028570
0.290172 0.956548 -0.028570
0.290172 0.956548 -0.028570
0.470895 -0.880968 -0.046392
0.470895 -0.880968 -0.046392
0.470895 -0.880968 -0.046392
0.470895 -0.880968 -0.046392
0.290172 0.956548 0.028578
0.290172 0.956548 0.028578
0.290172 0.956548 0.028578
0.290172 0.956548 0.028578
0.470896 -0.880969 0.046381
0.470896 -0.880969 0.046381
0.470896 -0.880969 0.046381
0.470896 -0.880969 0.046381
0.952718 -0.289002 0.093836
0.952718 -0.289002 0.093836
0.952718 -0.289002 0.093836
0.952718 -0.289002 0.093836
0.878612 0.469630 0.086533
0.878612 0.469630 0.086533
0.878612 0.469630 0.086533
0.878612 0.469630 0.086533
0.952719 0.289002 0.093834
0.952719 0.289002 0.093834
0.952719 0.289002 0.093834
0.952719 0.289002 0.093834
0.470888 0.880973 0.046368
0.470888 0.880973 0.046368
0.470888 0.880973 0.046368
0.470888 0.880973 0.046368
0.290163 -0.956550 0.028585
0.290163 -0.956550 0.028585
0.290163 -0.956550 0.028585
0.290163 -0.956550 0.028585
0.878612 -0.469630 0.086535
0.878612 -0.469630 0.086535
0.878612 -0.469630 0.086535
0.878612 -0.469630 0.086535
0.770781 -0.632561 0.075920
0.770781 -0.632561 0.075920
0.770781 -0.632561 0.075920
0.770781 -0.632561 0.075920
0.990438 0.097552 0.097550
0.990438 0.097552 0.097550
0.990438 0.097552 0.097550
0.990438 0.097552 0.097550
0.633160 0.771505 0.062349
0.633160 0.771505 0.062349
0.633160 0.771505 0.062349
0.633160 0.771505 0.062349
0.633153 -0.771510 0.062371
0.633153 -0.771510 0.062371
0.633153 -0.771510 0.062371
0.633153 -0.771510 0.062371
0.990438 -0.097552 0.097551
0.990438 -0.097552 0.097551
0.990438 -0.097552 0.097551
0.990438 -0.097552 0.097551
0.770781 0.632561 0.075921
0.770781 0.632561 0.075921
0.770781 0.632561 0.075921
0.770781 0.632561 0.075921
0.952376 -0.097552 0.288901
0.952376 -0.097552 0.288901
0.952376 -0.097552 0.288901
0.952376 -0.097552 0.288901
0.741159 0.632561 0.224833
0.741159 0.632561 0.224833
0.741159 0.632561 0.224833
0.741159 0.632561 0.224833
0.608823 -0.771510 0.184682
0.608823 -0.771510 0.184682
0.608823 -0.771510 0.184682
0.608823 -0.771510 0.184682
0.452799 -0.880970 0.137349
0.452799 -0.880970 0.137349
0.452799 -0.880970 0.137349
0.452799 -0.880970 0.137349
0.916107 -0.289003 0.277896
0.916107 -0.289003 0.277896
0.916107 -0.289003 0.277896
0.916107 -0.289003 0.277896
0.844847 0.469629 0.256284
0.844847 0.469629 0.256284
0.844847 0.469629 0.256284
0.844847 0.469629 0.256284
0.279020 0.956546 0.084665
0.279020 0.956546 0.084665
0.279020 0.956546 0.084665
0.279020 0.956546 0.084665
0.279011 -0.956549 0.084658
0.279011 -0.956549 0.084658
0.279011 -0.956549 0.084658
0.279011 -0.956549 0.084658
0.844850 -0.469631 0.256274
0.844850 -0.469631 0.256274
0.844850 -0.469631 0.256274
0.844850 -0.469631 0.256274
0.916106 0.289003 0.277896
0.916106 0.289003 0.277896
0.916106 0.289003 0.277896
0.916106 0.289003 0.277896
0.452793 0.880975 0.137336
0.452793 0.880975 0.137336
0.452793 0.880975 0.137336
0.452793 0.880975 0.137336
0.608827 0.771504 0.184692
0.608827 0.771504 0.184692
0.608827 0.771504 0.184692
0.608827 0.771504 0.184692
0.741159 -0.632560 0.224835
0.741159 -0.632560 0.224835
0.741159 -0.632560 0.224835
0.741159 -0.632560 0.224835
0.952376 0.097552 0.288901
0.952376 0.097552 0.288901
0.952376 0.097552 0.288901
0.952376 0.097552 0.288901
0.683058 -0.632563 0.365096
0.683058 -0.632563 0.365096
0.683058 -0.632563 0.365096
0.683058 -0.632563 0.365096
0.877715 0.097551 0.469149
0.877715 0.097551 0.469149
0.877715 0.097551 0.469149
0.877715 0.097551 0.469149
0.561100 0.771506 0.299908
0.561100 0.771506 0.299908
0.561100 0.771506 0.299908
0.561100 0.771506 0.299908
0.561093 -0.771509 0.299916
0.561093 -0.771509 0.299916
0.561093 -0.771509 0.299916
0.561093 -0.771509 0.299916
0.877713 -0.097551 0.469152
0.877713 -0.097551 0.469152
0.877713 -0.097551 0.469152
0.877713 -0.097551 0.469152
0.683057 0.632562 0.365100
0.683057 0.632562 0.365100
0.683057 0.632562 0.365100
0.683057 0.632562 0.365100
0.778615 0.469628 0.416183
0.778615 0.469628 0.416183
0.778615 0.469628 0.416183
0.778615 0.469628 0.416183
0.257147 0.956548 0.137443
0.257147 0.956548 0.137443
0.257147 0.956548 0.137443
0.257147 0.956548 0.137443
0.417303 -0.880971 0.223042
0.417303 -0.880971 0.223042
0.417303 -0.880971 0.223042
0.417303 -0.880971 0.223042
0.844288 -0.289003 0.451281
0.844288 -0.289003 0.451281
0.844288 -0.289003 0.451281
0.844288 -0.289003 0.451281
0.778619 -0.469631 0.416173
0.778619 -0.469631 0.416173
0.778619 -0.469631 0.416173
0.778619 -0.469631 0.416173
0.844287 0.289003 0.451283
0.844287 0.289003 0.451283
0.844287 0.289003 0.451283
0.844287 0.289003 0.451283
0.417296 0.880974 0.223044
0.417296 0.880974 0.223044
0.417296 0.880974 0.223044
0.417296 0.880974 0.223044
0.257140 -0.956553 0.137427
0.257140 -0.956553 0.137427
0.257140 -0.956553 0.137427
0.257140 -0.956553 0.137427
0.365762 0.880972 0.300178
0.365762 0.880972 0.300178
0.365762 0.880972 0.300178
0.365762 0.880972 0.300178
0.225384 -0.956550 0.184968
0.225384 -0.956550 0.184968
0.225384 -0.956550 0.184968
0.225384 -0.956550 0.184968
0.682462 -0.469629 0.560083
0.682462 -0.469629 0.560083
0.682462 -0.469629 0.560083
0.682462 -0.469629 0.560083
0.740024 0.289003 0.607324
0.740024 0.289003 0.607324
0.740024 0.289003 0.607324
0.740024 0.289003 0.607324
0.769322 0.097551 0.631369
0.769322 0.097551 0.631369
0.769322 0.097551 0.631369
0.769322 0.097551 0.631369
0.491808 0.771506 0.403612
0.491808 0.771506 0.403612
0.491808 0.771506 0.403612
0.491808 0.771506 0.403612
0.598707 -0.632565 0.491336
0.598707 -0.632565 0.491336
0.598707 -0.632565 0.491336
0.598707 -0.632565 0.491336
0.491803 -0.771511 0.403610
0.491803 -0.771511 0.403610
0.491803 -0.771511 0.403610
0.491803 -0.771511 0.403610
0.769325 -0.097552 0.631366
0.769325 -0.097552 0.631366
0.769325 -0.097552 0.631366
0.769325 -0.097552 0.631366
0.598706 0.632563 0.491341
0.598706 0.632563 0.491341
0.598706 0.632563 0.491341
0.598706 0.632563 0.491341
0.365768 -0.880968 0.300183
0.365768 -0.880968 0.300183
0.365768 -0.880968 0.300183
0.365768 -0.880968 0.300183
0.740025 -0.289003 0.607322
0.740025 -0.289003 0.607322
0.740025 -0.289003 0.607322
0.740025 -0.289003 0.607322
0.682463 0.469630 0.560082
0.682463 0.469630 0.560082
0.682463 0.469630 0.560082
0.682463 0.469630 0.560082
0.225391 0.956545 0.184987
0.225391 0.956545 0.184987
0.225391 0.956545 0.184987
0.225391 0.956545 0.184987
0.607322 -0.289003 0.740025
0.607322 -0.289003 0.740025
0.607322 -0.289003 0.740025
0.607322 -0.289003 0.740025
0.560082 0.469629 0.682464
0.560082 0.469629 0.682464
0.560082 0.469629 0.682464
0.560082 0.469629 0.682464
0.184974 0.956549 0.225385
0.184974 0.956549 0.225385
0.184974 0.956549 0.225385
0.184974 0.956549 0.225385
0.300178 -0.880971 0.365765
0.300178 -0.880971 0.365765
0.300178 -0.880971 0.365765
0.300178 -0.880971 0.365765
0.184968 -0.956552 0.225377
0.184968 -0.956552 0.225377
0.184968 -0.956552 0.225377
0.184968 -0.956552 0.225377
0.560084 -0.469631 0.682461
0.560084 -0.469631 0.682461
0.560084 -0.469631 0.682461
0.560084 -0.469631 0.682461
0.607323 0.289003 0.740025
0.607323 0.289003 0.740025
0.607323 0.289003 0.740025
0.607323 0.289003 0.740025
0.300173 0.880973 0.365764
0.300173 0.880973 0.365764
0.300173 0.880973 0.365764
0.300173 0.880973 0.365764
0.491342 -0.632558 0.598709
0.491342 -0.632558 0.598709
0.491342 -0.632558 0.598709
0.491342 -0.632558 0.598709
0.631366 0.097551 0.769325
0.631366 0.097551 0.769325
0.631366 0.097551 0.769325
0.631366 0.097551 0.769325
0.403616 0.771505 0.491807
0.403616 0.771505 0.491807
0.403616 0.771505 0.491807
0.403616 0.771505 0.491807
0.491343 0.632561 0.598706
0.491343 0.632561 0.598706
0.491343 0.632561 0.598706
0.491343 0.632561 0.598706
0.403613 -0.771512 0.491799
0.403613 -0.771512 0.491799
0.403613 -0.771512 0.491799
0.403613 -0.771512 0.491799
0.631363 -0.097551 0.769328
0.631363 -0.097551 0.769328
0.631363 -0.097551 0.769328
0.631363 -0.097551 0.769328
0.223051 -0.880966 0.417310
0.223051 -0.880966 0.417310
0.223051 -0.880966 0.417310
0.223051 -0.880966 0.417310
0.451280 -0.289002 0.844289
0.451280 -0.289002 0.844289
0.451280 -0.289002 0.844289
0.451280 -0.289002 0.844289
0.416182 0.469632 0.778613
0.416182 0.469632 0.778613
0.416182 0.469632 0.778613
0.416182 0.469632 0.778613
0.137449 0.956551 0.257133
0.137449 0.956551 0.257133
0.137449 0.956551 0.257133
0.137449 0.956551 0.257133
0.137444 -0.956551 0.257139
0.137444 -0.956551 0.257139
0.137444 -0.956551 0.257139
0.137444 -0.956551 0.257139
0.416176 -0.469627 0.778619
0.416176 -0.469627 0.778619
0.416176 -0.469627 0.778619
0.416176 -0.469627 0.778619
0.451281 0.289002 0.844288
0.451281 0.289002 0.844288
0.451281 0.289002 0.844288
0.451281 0.289002 0.844288
0.223049 0.880971 0.417299
0.223049 0.880971 0.417299
0.223049 0.880971 0.417299
0.223049 0.880971 0.417299
0.299914 0.771507 0.561096
0.299914 0.771507 0.561096
0.299914 0.771507 0.561096
0.299914 0.771507 0.561096
0.365100 -0.632558 0.683061
0.365100 -0.632558 0.683061
0.365100 -0.632558 0.683061
0.365100 -0.632558 0.683061
0.469148 0.097550 0.877715
0.469148 0.097550 0.877715
0.469148 0.097550 0.877715
0.469148 0.097550 0.877715
0.469146 -0.097550 0.877716
0.469146 -0.097550 0.877716
0.469146 -0.097550 0.877716
0.469146 -0.097550 0.877716
0.365101 0.632561 0.683057
0.365101 0.632561 0.683057
0.365101 0.632561 0.683057
0.365101 0.632561 0.683057
0.299910 -0.771509 0.561094
0.299910 -0.771509 0.561094
0.299910 -0.771509 0.561094
0.299910 -0.771509 0.561094
0.184683 -0.771509 0.608824
0.184683 -0.771509 0.608824
0.184683 -0.771509 0.608824
0.184683 -0.771509 0.608824
0.288898 -0.097549 0.952377
0.288898 -0.097549 0.952377
0.288898 -0.097549 0.952377
0.288898 -0.097549 0.952377
0.224828 0.632561 0.741160
0.224828 0.632561 0.741160
0.224828 0.632561 0.741160
0.224828 0.632561 0.741160
0.256280 0.469629 0.844849
0.256280 0.469629 0.844849
0.256280 0.469629 0.844849
0.256280 0.469629 0.844849
0.084640 0.956546 0.279028
0.084640 0.956546 0.279028
0.084640 0.956546 0.279028
0.084640 0.956546 0.279028
0.137355 -0.880969 0.452800
0.137355 -0.880969 0.452800
0.137355 -0.880969 0.452800
0.137355 -0.880969 0.452800
0.277896 -0.289002 0.916107
0.277896 -0.289002 0.916107
0.277896 -0.289002 0.916107
0.277896 -0.289002 0.916107
0.256280 -0.469629 0.844849
0.256280 -0.469629 0.844849
0.256280 -0.469629 0.844849
0.256280 -0.469629 0.844849
0.277896 0.289003 0.916106
0.277896 0.289003 0.916106
0.277896 0.289003 0.916106
0.277896 0.289003 0.916106
0.137352 0.880968 0.452801
0.137352 0.880968 0.452801
0.137352 0.880968 0.452801
0.137352 0.880968 0.452801
0.084638 -0.956551 0.279012
0.084638 -0.956551 0.279012
0.084638 -0.956551 0.279012
0.084638 -0.956551 0.279012
0.224828 -0.632560 0.741161
0.224828 -0.632560 0.741161
0.224828 -0.632560 0.741161
0.224828 -0.632560 0.741161
0.288898 0.097549 0.952377
0.288898 0.097549 0.952377
0.288898 0.097549 0.952377
0.288898 0.097549 0.952377
0.184685 0.771498 0.608836
0.184685 0.771498 0.608836
0.184685 0.771498 0.608836
0.184685 0.771498 0.608836
0.097549 0.097550 0.990438
0.097549 0.097550 0.990438
0.097549 0.097550 0.990438
0.097549 0.097550 0.990438
0.062361 0.771506 0.633159
0.062361 0.771506 0.633159
0.062361 0.771506 0.633159
0.062361 0.771506 0.633159
0.075915 -0.632560 0.770782
0.075915 -0.632560 0.770782
0.075915 -0.632560 0.770782
0.075915 -0.632560 0.770782
0.062360 -0.771509 0.633154
0.062360 -0.771509 0.633154
0.062360 -0.771509 0.633154
0.062360 -0.771509 0.633154
0.097549 -0.097550 0.990438
0.097549 -0.097550 0.990438
0.097549 -0.097550 0.990438
0.097549 -0.097550 0.990438
0.075915 0.632559 0.770783
0.075915 0.632559 0.770783
0.075915 0.632559 0.770783
0.075915 0.632559 0.770783
0.046379 -0.880965 0.470904
0.046379 -0.880965 0.470904
0.046379 -0.880965 0.470904
0.046379 -0.880965 0.470904
0.093834 -0.289001 0.952719
0.093834 -0.289001 0.952719
0.093834 -0.289001 0.952719
0.093834 -0.289001 0.952719
0.086536 0.469632 0.878611
0.086536 0.469632 0.878611
0.086536 0.469632 0.878611
0.086536 0.469632 0.878611
0.028579 0.956545 0.290181
0.028579 0.956545 0.290181
0.028579 0.956545 0.290181
0.028579 0.956545 0.290181
0.046378 0.880973 0.470888
0.046378 0.880973 0.470888
0.046378 0.880973 0.470888
0.046378 0.880973 0.470888
0.028579 -0.956552 0.290159
0.028579 -0.956552 0.290159
0.028579 -0.956552 0.290159
0.028579 -0.956552 0.290159
0.086535 -0.469627 0.878614
0.086535 -0.469627 0.878614
0.086535 -0.469627 0.878614
0.086535 -0.469627 0.878614
0.093834 0.289002 0.952719
0.093834 0.289002 0.952719
0.093834 0.289002 0.952719
0.093834 0.289002 0.952719
-0.028579 -0.956549 0.290168
-0.028579 -0.956549 0.290168
-0.028579 -0.956549 0.290168
-0.028579 -0.956549 0.290168
-0.086536 -0.469632 0.878611
-0.086536 -0.469632 0.878611
-0.086536 -0.469632 0.878611
-0.086536 -0.469632 0.878611
-0.093835 0.289003 0.952718
-0.093835 0.289003 0.952718
-0.093835 0.289003 0.952718
-0.093835 0.289003 0.952718
-0.046378 0.880973 0.470888
-0.046378 0.880973 0.470888
-0.046378 0.880973 0.470888
-0.046378 0.880973 0.470888
-0.075915 -0.632561 0.770781
-0.075915 -0.632561 0.770781
-0.075915 -0.632561 0.770781
-0.075915 -0.632561 0.770781
-0.097550 0.097550 0.990438
-0.097550 0.097550 0.990438
-0.097550 0.097550 0.990438
-0.097550 0.097550 0.990438
-0.062361 0.771505 0.633160
-0.062361 0.771505 0.633160
-0.062361 0.771505 0.633160
-0.062361 0.771505 0.633160
-0.075916 0.632561 0.770781
-0.075916 0.632561 0.770781
-0.075916 0.632561 0.770781
-0.075916 0.632561 0.770781
-0.062360 -0.771511 0.633152
-0.062360 -0.771511 0.633152
-0.062360 -0.771511 0.633152
-0.062360 -0.771511 0.633152
-0.097552 -0.097552 0.990438
-0.097552 -0.097552 0.990438
-0.097552 -0.097552 0.990438
-0.097552 -0.097552 0.990438
-0.093835 -0.289002 0.952719
-0.093835 -0.289002 0.952719
-0.093835 -0.289002 0.952719
-0.093835 -0.289002 0.952719
-0.086535 0.469629 0.878613
-0.086535 0.469629 0.878613
-0.086535 0.469629 0.878613
-0.086535 0.469629 0.878613
-0.028579 0.956551 0.290162
-0.028579 0.956551 0.290162
-0.028579 0.956551 0.290162
-0.028579 0.956551 0.290162
-0.046379 -0.880967 0.470900
-0.046379 -0.880967 0.470900
-0.046379 -0.880967 0.470900
-0.046379 -0.880967 0.470900
-0.084640 0.956546 0.279025
-0.084640 0.956546 0.279025
-0.084640 0.956546 0.279025
-0.084640 0.956546 0.279025
-0.137355 -0.880969 0.452800
-0.137355 -0.880969 0.452800
-0.137355 -0.880969 0.452800
-0.137355 -0.880969 0.452800
-0.277898 -0.289001 0.916107
-0.277898 -0.289001 0.916107
-0.277898 -0.289001 0.916107
-0.277898 -0.289001 0.916107
-0.256282 0.469629 0.844848
-0.256282 0.469629 0.844848
-0.256282 0.469629 0.844848
-0.256282 0.469629 0.844848
-0.277897 0.289000 0.916107
-0.277897 0.289000 0.916107
-0.277897 0.289000 0.916107
-0.277897 0.289000 0.916107
-0.137354 0.880973 0.452793
-0.137354 0.880973 0.452793
-0.137354 0.880973 0.452793
-0.137354 0.880973 0.452793
-0.084638 -0.956551 0.279009
-0.084638 -0.956551 0.279009
-0.084638 -0.956551 0.279009
-0.084638 -0.956551 0.279009
-0.256280 -0.469625 0.844851
-0.256280 -0.469625 0.844851
-0.256280 -0.469625 0.844851
-0.256280 -0.469625 0.844851
-0.224828 -0.632561 0.741161
-0.224828 -0.632561 0.741161
-0.224828 -0.632561 0.741161
-0.224828 -0.632561 0.741161
-0.288904 0.097552 0.952375
-0.288904 0.097552 0.952375
-0.288904 0.097552 0.952375
-0.288904 0.097552 0.952375
-0.184687 0.771506 0.608827
-0.184687 0.771506 0.608827
-0.184687 0.771506 0.608827
-0.184687 0.771506 0.608827
-0.184683 -0.771508 0.608825
-0.184683 -0.771508 0.608825
-0.184683 -0.771508 0.608825
-0.184683 -0.771508 0.608825
-0.288902 -0.097551 0.952376
-0.288902 -0.097551 0.952376
-0.288902 -0.097551 0.952376
-0.288902 -0.097551 0.952376
-0.224828 0.632559 0.741162
-0.224828 0.632559 0.741162
-0.224828 0.632559 0.741162
-0.224828 0.632559 0.741162
-0.469150 -0.097551 0.877714
-0.469150 -0.097551 0.877714
-0.469150 -0.097551 0.877714
-0.469150 -0.097551 0.877714
-0.365099 0.632556 0.683063
-0.365099 0.632556 0.683063
-0.365099 0.632556 0.683063
-0.365099 0.632556 0.683063
-0.299911 -0.771510 0.561092
-0.299911 -0.771510 0.561092
-0.299911 -0.771510 0.561092
-0.299911 -0.771510 0.561092
-0.223053 -0.880969 0.417302
-0.223053 -0.880969 0.417302
-0.223053 -0.880969 0.417302
-0.223053 -0.880969 0.417302
-0.451278 -0.289000 0.844291
-0.451278 -0.289000 0.844291
-0.451278 -0.289000 0.844291
-0.451278 -0.289000 0.844291
-0.416182 0.469633 0.778613
-0.416182 0.469633 0.778613
-0.416182 0.469633 0.778613
-0.416182 0.469633 0.778613
-0.137449 0.956553 0.257126
-0.137449 0.956553 0.257126
-0.137449 0.956553 0.257126
-0.137449 0.956553 0.257126
-0.137444 -0.956551 0.257137
-0.137444 -0.956551 0.257137
-0.137444 -0.956551 0.257137
-0.137444 -0.956551 0.257137
-0.416180 -0.469631 0.778615
-0.416180 -0.469631 0.778615
-0.416180 -0.469631 0.778615
-0.416180 -0.469631 0.778615
-0.451279 0.289001 0.844290
-0.451279 0.289001 0.844290
-0.451279 0.289001 0.844290
-0.451279 0.289001 0.844290
-0.223048 0.880970 0.417303
-0.223048 0.880970 0.417303
-0.223048 0.880970 0.417303
-0.223048 0.880970 0.417303
-0.299913 0.771504 0.561101
-0.299913 0.771504 0.561101
-0.299913 0.771504 0.561101
-0.299913 0.771504 0.561101
-0.365104 -0.632564 0.683054
-0.365104 -0.632564 0.683054
-0.365104 -0.632564 0.683054
-0.365104 -0.632564 0.683054
-0.469150 0.097551 0.877714
-0.469150 0.097551 0.877714
-0.469150 0.097551 0.877714
-0.469150 0.097551 0.877714
-0.491346 -0.632563 0.598702
-0.491346 -0.632563 0.598702
-0.491346 -0.632563 0.598702
-0.491346 -0.632563 0.598702
-0.631371 0.097550 0.769321
-0.631371 0.097550 0.769321
-0.631371 0.097550 0.769321
-0.631371 0.097550 0.769321
-0.403617 0.771508 0.491801
-0.403617 0.771508 0.491801
-0.403617 0.771508 0.491801
-0.403617 0.771508 0.491801
-0.403611 -0.771509 0.491805
-0.403611 -0.771509 0.491805
-0.403611 -0.771509 0.491805
-0.403611 -0.771509 0.491805
-0.631371 -0.097550 0.769321
-0.631371 -0.097550 0.769321
-0.631371 -0.097550 0.769321
-0.631371 -0.097550 0.769321
-0.491348 0.632565 0.598698
-0.491348 0.632565 0.598698
-0.491348 0.632565 0.598698
-0.491348 0.632565 0.598698
-0.560080 0.469628 0.682465
-0.560080 0.469628 0.682465
-0.560080 0.469628 0.682465
-0.560080 0.469628 0.682465
-0.184973 0.956542 0.225415
-0.184973 0.956542 0.225415
-0.184973 0.956542 0.225415
-0.184973 0.956542 0.225415
-0.300179 -0.880971 0.365765
-0.300179 -0.880971 0.365765
-0.300179 -0.880971 0.365765
-0.300179 -0.880971 0.365765
-0.607321 -0.289001 0.740027
-0.607321 -0.289001 0.740027
-0.607321 -0.289001 0.740027
-0.607321 -0.289001 0.740027
-0.560081 -0.469629 0.682464
-0.560081 -0.469629 0.682464
-0.560081 -0.469629 0.682464
-0.560081 -0.469629 0.682464
-0.607320 0.289001 0.740027
-0.607320 0.289001 0.740027
-0.607320 0.289001 0.740027
-0.607320 0.289001 0.740027
-0.300173 0.880970 0.365770
-0.300173 0.880970 0.365770
-0.300173 0.880970 0.365770
-0.300173 0.880970 0.365770
-0.184968 -0.956548 0.225395
-0.184968 -0.956548 0.225395
-0.184968 -0.956548 0.225395
-0.184968 -0.956548 0.225395
-0.365761 0.880969 0.300187
-0.365761 0.880969 0.300187
-0.365761 0.880969 0.300187
-0.365761 0.880969 0.300187
-0.225384 -0.956546 0.184989
-0.225384 -0.956546 0.184989
-0.225384 -0.956546 0.184989
-0.225384 -0.956546 0.184989
-0.682462 -0.469629 0.560084
-0.682462 -0.469629 0.560084
-0.682462 -0.469629 0.560084
-0.682462 -0.469629 0.560084
-0.740027 0.289002 0.607320
-0.740027 0.289002 0.607320
-0.740027 0.289002 0.607320
-0.740027 0.289002 0.607320
-0.769322 0.097550 0.631369
-0.769322 0.097550 0.631369
-0.769322 0.097550 0.631369
-0.769322 0.097550 0.631369
-0.491806 0.771503 0.403621
-0.491806 0.771503 0.403621
-0.491806 0.771503 0.403621
-0.491806 0.771503 0.403621
-0.598705 -0.632562 0.491344
-0.598705 -0.632562 0.491344
-0.598705 -0.632562 0.491344
-0.598705 -0.632562 0.491344
-0.491803 -0.771510 0.403612
-0.491803 -0.771510 0.403612
-0.491803 -0.771510 0.403612
-0.491803 -0.771510 0.403612
-0.769324 -0.097551 0.631367
-0.769324 -0.097551 0.631367
-0.769324 -0.097551 0.631367
-0.769324 -0.097551 0.631367
-0.598707 0.632564 0.491338
-0.598707 0.632564 0.491338
-0.598707 0.632564 0.491338
-0.598707 0.632564 0.491338
-0.365768 -0.880969 0.300180
-0.365768 -0.880969 0.300180
-0.365768 -0.880969 0.300180
-0.365768 -0.880969 0.300180
-0.740024 -0.289001 0.607324
-0.740024 -0.289001 0.607324
-0.740024 -0.289001 0.607324
-0.740024 -0.289001 0.607324
-0.682461 0.469628 0.560086
-0.682461 0.469628 0.560086
-0.682461 0.469628 0.560086
-0.682461 0.469628 0.560086
-0.225392 0.956549 0.184964
-0.225392 0.956549 0.184964
-0.225392 0.956549 0.184964
-0.225392 0.956549 0.184964
-0.844289 -0.289002 0.451281
-0.844289 -0.289002 0.451281
-0.844289 -0.289002 0.451281
-0.844289 -0.289002 0.451281
-0.778618 0.469630 0.416175
-0.778618 0.469630 0.416175
-0.778618 0.469630 0.416175
-0.778618 0.469630 0.416175
-0.257148 0.956549 0.137435
-0.257148 0.956549 0.137435
-0.257148 0.956549 0.137435
-0.257148 0.956549 0.137435
-0.417301 -0.880968 0.223059
-0.417301 -0.880968 0.223059
-0.417301 -0.880968 0.223059
-0.417301 -0.880968 0.223059
-0.257140 -0.956555 0.137413
-0.257140 -0.956555 0.137413
-0.257140 -0.956555 0.137413
-0.257140 -0.956555 0.137413
-0.778617 -0.469629 0.416178
-0.778617 -0.469629 0.416178
-0.778617 -0.469629 0.416178
-0.778617 -0.469629 0.416178
-0.844289 0.289002 0.451280
-0.844289 0.289002 0.451280
-0.844289 0.289002 0.451280
-0.844289 0.289002 0.451280
-0.417297 0.880977 0.223032
-0.417297 0.880977 0.223032
-0.417297 0.880977 0.223032
-0.417297 0.880977 0.223032
-0.683058 -0.632562 0.365099
-0.683058 -0.632562 0.365099
-0.683058 -0.632562 0.365099
-0.683058 -0.632562 0.365099
-0.877714 0.097552 0.469150
-0.877714 0.097552 0.469150
-0.877714 0.097552 0.469150
-0.877714 0.097552 0.469150
-0.561097 0.771504 0.299920
-0.561097 0.771504 0.299920
-0.561097 0.771504 0.299920
-0.561097 0.771504 0.299920
-0.683059 0.632562 0.365096
-0.683059 0.632562 0.365096
-0.683059 0.632562 0.365096
-0.683059 0.632562 0.365096
-0.561092 -0.771508 0.299920
-0.561092 -0.771508 0.299920
-0.561092 -0.771508 0.299920
-0.561092 -0.771508 0.299920
-0.877715 -0.097552 0.469148
-0.877715 -0.097552 0.469148
-0.877715 -0.097552 0.469148
-0.877715 -0.097552 0.469148
-0.608822 -0.771510 0.184680
-0.608822 -0.771510 0.184680
-0.608822 -0.771510 0.184680
-0.608822 -0.771510 0.184680
-0.952376 -0.097551 0.288901
-0.952376 -0.097551 0.288901
-0.952376 -0.097551 0.288901
-0.952376 -0.097551 0.288901
-0.741160 0.632560 0.224834
-0.741160 0.632560 0.224834
-0.741160 0.632560 0.224834
-0.741160 0.632560 0.224834
-0.279021 0.956548 0.084634
-0.279021 0.956548 0.084634
-0.279021 0.956548 0.084634
-0.279021 0.956548 0.084634
-0.452799 -0.880968 0.137362
-0.452799 -0.880968 0.137362
-0.452799 -0.880968 0.137362
-0.452799 -0.880968 0.137362
-0.916106 -0.289002 0.277899
-0.916106 -0.289002 0.277899
-0.916106 -0.289002 0.277899
-0.916106 -0.289002 0.277899
-0.844846 0.469629 0.256289
-0.844846 0.469629 0.256289
-0.844846 0.469629 0.256289
-0.844846 0.469629 0.256289
-0.916107 0.289002 0.277896
-0.916107 0.289002 0.277896
-0.916107 0.289002 0.277896
-0.916107 0.289002 0.277896
-0.452793 0.880974 0.137341
-0.452793 0.880974 0.137341
-0.452793 0.880974 0.137341
-0.452793 0.880974 0.137341
-0.279013 -0.956552 0.084622
-0.279013 -0.956552 0.084622
-0.279013 -0.956552 0.084622
-0.279013 -0.956552 0.084622
-0.844848 -0.469630 0.256278
-0.844848 -0.469630 0.256278
-0.844848 -0.469630 0.256278
-0.844848 -0.469630 0.256278
-0.741160 -0.632561 0.224831
-0.741160 -0.632561 0.224831
-0.741160 -0.632561 0.224831
-0.741160 -0.632561 0.224831
-0.952376 0.097551 0.288901
-0.952376 0.097551 0.288901
-0.952376 0.097551 0.288901
-0.952376 0.097551 0.288901
-0.608828 0.771506 0.184678
-0.608828 0.771506 0.184678
-0.608828 0.771506 0.184678
-0.608828 0.771506 0.184678
-0.098010 0.995139 -0.009639
-0.098010 0.995139 -0.009639
-0.098010 0.995139 -0.009639
-0.098020 -0.995138 -0.009595
-0.098020 -0.995138 -0.009595
-0.098020 -0.995138 -0.009595
-0.094244 0.995139 -0.028563
-0.094244 0.995139 -0.028563
-0.094244 0.995139 -0.028563
-0.094253 -0.995138 -0.028580
-0.094253 -0.995138 -0.028580
-0.094253 -0.995138 -0.028580
-0.086864 -0.995138 -0.046413
-0.086864 -0.995138 -0.046413
-0.086864 -0.995138 -0.046413
-0.086855 0.995136 -0.046485
-0.086855 0.995136 -0.046485
-0.086855 0.995136 -0.046485
-0.076136 -0.995135 -0.062523
-0.076136 -0.995135 -0.062523
-0.076136 -0.995135 -0.062523
-0.076130 0.995143 -0.062412
-0.076130 0.995143 -0.062412
-0.076130 0.995143 -0.062412
-0.062484 -0.995139 -0.076126
-0.062484 -0.995139 -0.076126
-0.062484 -0.995139 -0.076126
-0.062478 0.995139 -0.076126
-0.062478 0.995139 -0.076126
-0.062478 0.995139 -0.076126
-0.046425 0.995138 -0.086859
-0.046425 0.995138 -0.086859
-0.046425 0.995138 -0.086859
-0.046430 -0.995136 -0.086886
-0.046430 -0.995136 -0.086886
-0.046430 -0.995136 -0.086886
-0.028591 -0.995137 -0.094260
-0.028591 -0.995137 -0.094260
-0.028591 -0.995137 -0.094260
-0.028588 0.995139 -0.094236
-0.028588 0.995139 -0.094236
-0.028588 0.995139 -0.094236
-0.009654 -0.995138 -0.098018
-0.009654 -0.995138 -0.098018
-0.009654 -0.995138 -0.098018
-0.009653 0.995138 -0.098018
-0.009653 0.995138 -0.098018
-0.009653 0.995138 -0.098018
0.009654 -0.995137 -0.098025
0.009654 -0.995137 -0.098025
0.009654 -0.995137 -0.098025
0.009653 0.995137 -0.098030
0.009653 0.995137 -0.098030
0.009653 0.995137 -0.098030
0.028588 0.995135 -0.094280
0.028588 0.995135 -0.094280
0.028588 0.995135 -0.094280
0.028591 -0.995136 -0.094269
0.028591 -0.995136 -0.094269
0.028591 -0.995136 -0.094269
0.046430 -0.995137 -0.086871
0.046430 -0.995137 -0.086871
0.046430 -0.995137 -0.086871
0.046425 0.995140 -0.086835
0.046425 0.995140 -0.086835
0.046425 0.995140 -0.086835
0.062484 -0.995141 -0.076093
0.062484 -0.995141 -0.076093
0.062484 -0.995141 -0.076093
0.062477 0.995135 -0.076176
0.062477 0.995135 -0.076176
0.062477 0.995135 -0.076176
0.076137 -0.995138 -0.062479
0.076137 -0.995138 -0.062479
0.076137 -0.995138 -0.062479
0.076129 0.995135 -0.062527
0.076129 0.995135 -0.062527
0.076129 0.995135 -0.062527
0.086855 0.995141 -0.046382
0.086855 0.995141 -0.046382
0.086855 0.995141 -0.046382
0.086864 -0.995136 -0.046457
0.086864 -0.995136 -0.046457
0.086864 -0.995136 -0.046457
0.094253 -0.995138 -0.028568
0.094253 -0.995138 -0.028568
0.094253 -0.995138 -0.028568
0.094243 0.995140 -0.028554
0.094243 0.995140 -0.028554
0.094243 0.995140 -0.028554
0.098019 -0.995137 -0.009717
0.098019 -0.995137 -0.009717
0.098019 -0.995137 -0.009717
0.098010 0.995139 -0.009657
0.098010 0.995139 -0.009657
0.098010 0.995139 -0.009657
0.098020 -0.995137 0.009678
0.098020 -0.995137 0.009678
0.098020 -0.995137 0.009678
0.098010 0.995138 0.009684
0.098010 0.995138 0.009684
0.098010 0.995138 0.009684
0.094243 0.995138 0.028608
0.094243 0.995138 0.028608
0.094243 0.995138 0.028608
0.094253 -0.995138 0.028586
0.094253 -0.995138 0.028586
0.094253 -0.995138 0.028586
0.086864 -0.995137 0.046439
0.086864 -0.995137 0.046439
0.086864 -0.995137 0.046439
0.086855 0.995141 0.046369
0.086855 0.995141 0.046369
0.086855 0.995141 0.046369
0.076137 -0.995137 0.062499
0.076137 -0.995137 0.062499
0.076137 -0.995137 0.062499
0.076129 0.995136 0.062521
0.076129 0.995136 0.062521
0.076129 0.995136 0.062521
0.062484 -0.995138 0.076128
0.062484 -0.995138 0.076128
0.062484 -0.995138 0.076128
0.062478 0.995140 0.076106
0.062478 0.995140 0.076106
0.062478 0.995140 0.076106
0.046430 -0.995136 0.086882
0.046430 -0.995136 0.086882
0.046430 -0.995136 0.086882
0.046425 0.995137 0.086872
0.046425 0.995137 0.086872
0.046425 0.995137 0.086872
0.028588 0.995138 0.094249
0.028588 0.995138 0.094249
0.028588 0.995138 0.094249
0.028591 -0.995138 0.094251
0.028591 -0.995138 0.094251
0.028591 -0.995138 0.094251
0.009654 -0.995139 0.098007
0.009654 -0.995139 0.098007
0.009654 -0.995139 0.098007
0.009653 0.995139 0.098006
0.009653 0.995139 0.098006
0.009653 0.995139 0.098006
-0.009654 -0.995139 0.098007
-0.009654 -0.995139 0.098007
-0.009654 -0.995139 0.098007
-0.009653 0.995141 0.097981
-0.009653 0.995141 0.097981
-0.009653 0.995141 0.097981
-0.028591 -0.995137 0.094258
-0.028591 -0.995137 0.094258
-0.028591 -0.995137 0.094258
-0.028589 0.995142 0.094203
-0.028589 0.995142 0.094203
-0.028589 0.995142 0.094203
-0.046425 0.995141 0.086832
-0.046425 0.995141 0.086832
-0.046425 0.995141 0.086832
-0.046429 -0.995135 0.086895
-0.046429 -0.995135 0.086895
-0.046429 -0.995135 0.086895
-0.062484 -0.995134 0.076179
-0.062484 -0.995134 0.076179
-0.062484 -0.995134 0.076179
-0.062478 0.995140 0.076109
-0.062478 0.995140 0.076109
-0.062478 0.995140 0.076109
-0.076137 -0.995140 0.062446
-0.076137 -0.995140 0.062446
-0.076137 -0.995140 0.062446
-0.076130 0.995141 0.062444
-0.076130 0.995141 0.062444
-0.076130 0.995141 0.062444
-0.086864 -0.995137 0.046450
-0.086864 -0.995137 0.046450
-0.086864 -0.995137 0.046450
-0.086855 0.995135 0.046492
-0.086855 0.995135 0.046492
-0.086855 0.995135 0.046492
-0.094244 0.995140 0.028541
-0.094244 0.995140 0.028541
-0.094244 0.995140 0.028541
-0.094253 -0.995139 0.028560
-0.094253 -0.995139 0.028560
-0.094253 -0.995139 0.028560
-0.633160 0.771505 0.062349
-0.633160 0.771505 0.062349
-0.633160 0.771505 0.062349
-0.633160 0.771505 0.062349
-0.098019 -0.995137 0.009676
-0.098019 -0.995137 0.009676
-0.098019 -0.995137 0.009676
-0.770780 -0.632562 0.075917
-0.770780 -0.632562 0.075917
-0.770780 -0.632562 0.075917
-0.770780 -0.632562 0.075917
-0.990438 0.097550 0.097554
-0.990438 0.097550 0.097554
-0.990438 0.097550 0.097554
-0.990438 0.097550 0.097554
-0.990438 -0.097550 0.097555
-0.990438 -0.097550 0.097555
-0.990438 -0.097550 0.097555
-0.990438 -0.097550 0.097555
-0.770780 0.632563 0.075911
-0.770780 0.632563 0.075911
-0.770780 0.632563 0.075911
-0.770780 0.632563 0.075911
-0.098010 0.995138 0.009701
-0.098010 0.995138 0.009701
-0.098010 0.995138 0.009701
-0.633154 -0.771510 0.062349
-0.633154 -0.771510 0.062349
-0.633154 -0.771510 0.062349
-0.633154 -0.771510 0.062349
-0.470895 -0.880969 0.046389
-0.470895 -0.880969 0.046389
-0.470895 -0.880969 0.046389
-0.470895 -0.880969 0.046389
-0.952718 -0.289003 0.093836
-0.952718 -0.289003 0.093836
-0.952718 -0.289003 0.093836
-0.952718 -0.289003 0.093836
-0.878612 0.469629 0.086540
-0.878612 0.469629 0.086540
-0.878612 0.469629 0.086540
-0.878612 0.469629 0.086540
-0.290172 0.956547 0.028600
-0.290172 0.956547 0.028600
-0.290172 0.956547 0.028600
-0.290172 0.956547 0.028600
-0.290163 -0.956550 0.028589
-0.290163 -0.956550 0.028589
-0.290163 -0.956550 0.028589
-0.290163 -0.956550 0.028589
-0.878612 -0.469629 0.086541
-0.878612 -0.469629 0.086541
-0.878612 -0.469629 0.086541
-0.878612 -0.469629 0.086541
-0.952718 0.289003 0.093839
-0.952718 0.289003 0.093839
-0.952718 0.289003 0.093839
-0.952718 0.289003 0.093839
-0.470888 0.880974 0.046371
-0.470888 0.880974 0.046371
-0.470888 0.880974 0.046371
-0.470888 0.880974 0.046371
-0.633153 -0.771510 -0.062359
-0.633153 -0.771510 -0.062359
-0.633153 -0.771510 -0.062359
-0.633153 -0.771510 -0.062359
-0.990438 -0.097549 -0.097549
-0.990438 -0.097549 -0.097549
-0.990438 -0.097549 -0.097549
-0.990438 -0.097549 -0.097549
-0.770779 0.632563 -0.075916
-0.770779 0.632563 -0.075916
-0.770779 0.632563 -0.075916
-0.770779 0.632563 -0.075916
-0.470896 -0.880969 -0.046376
-0.470896 -0.880969 -0.046376
-0.470896 -0.880969 -0.046376
-0.470896 -0.880969 -0.046376
-0.952718 -0.289006 -0.093835
-0.952718 -0.289006 -0.093835
-0.952718 -0.289006 -0.093835
-0.952718 -0.289006 -0.093835
-0.878614 0.469626 -0.086538
-0.878614 0.469626 -0.086538
-0.878614 0.469626 -0.086538
-0.878614 0.469626 -0.086538
-0.290167 0.956549 -0.028585
-0.290167 0.956549 -0.028585
-0.290167 0.956549 -0.028585
-0.290167 0.956549 -0.028585
-0.470890 0.880972 -0.046390
-0.470890 0.880972 -0.046390
-0.470890 0.880972 -0.046390
-0.470890 0.880972 -0.046390
-0.290159 -0.956551 -0.028587
-0.290159 -0.956551 -0.028587
-0.290159 -0.956551 -0.028587
-0.290159 -0.956551 -0.028587
-0.878614 -0.469626 -0.086535
-0.878614 -0.469626 -0.086535
-0.878614 -0.469626 -0.086535
-0.878614 -0.469626 -0.086535
-0.952718 0.289005 -0.093835
-0.952718 0.289005 -0.093835
-0.952718 0.289005 -0.093835
-0.952718 0.289005 -0.093835
-0.990438 0.097550 -0.097551
-0.990438 0.097550 -0.097551
-0.990438 0.097550 -0.097551
-0.990438 0.097550 -0.097551
-0.633159 0.771506 -0.062363
-0.633159 0.771506 -0.062363
-0.633159 0.771506 -0.062363
-0.633159 0.771506 -0.062363
-0.770779 -0.632563 -0.075915
-0.770779 -0.632563 -0.075915
-0.770779 -0.632563 -0.075915
-0.770779 -0.632563 -0.075915
-0.608821 -0.771510 -0.184687
-0.608821 -0.771510 -0.184687
-0.608821 -0.771510 -0.184687
-0.608821 -0.771510 -0.184687
-0.952377 -0.097550 -0.288899
-0.952377 -0.097550 -0.288899
-0.952377 -0.097550 -0.288899
-0.952377 -0.097550 -0.288899
-0.741159 0.632563 -0.224828
-0.741159 0.632563 -0.224828
-0.741159 0.632563 -0.224828
-0.741159 0.632563 -0.224828
-0.279017 0.956552 -0.084605
-0.279017 0.956552 -0.084605
-0.279017 0.956552 -0.084605
-0.279017 0.956552 -0.084605
-0.452801 -0.880970 -0.137344
-0.452801 -0.880970 -0.137344
-0.452801 -0.880970 -0.137344
-0.452801 -0.880970 -0.137344
-0.916104 -0.289006 -0.277900
-0.916104 -0.289006 -0.277900
-0.916104 -0.289006 -0.277900
-0.916104 -0.289006 -0.277900
-0.844850 0.469627 -0.256279
-0.844850 0.469627 -0.256279
-0.844850 0.469627 -0.256279
-0.844850 0.469627 -0.256279
-0.916106 0.289005 -0.277896
-0.916106 0.289005 -0.277896
-0.916106 0.289005 -0.277896
-0.916106 0.289005 -0.277896
-0.452794 0.880972 -0.137357
-0.452794 0.880972 -0.137357
-0.452794 0.880972 -0.137357
-0.452794 0.880972 -0.137357
-0.279008 -0.956552 -0.084636
-0.279008 -0.956552 -0.084636
-0.279008 -0.956552 -0.084636
-0.279008 -0.956552 -0.084636
-0.844849 -0.469626 -0.256285
-0.844849 -0.469626 -0.256285
-0.844849 -0.469626 -0.256285
-0.844849 -0.469626 -0.256285
-0.741160 -0.632564 -0.224823
-0.741160 -0.632564 -0.224823
-0.741160 -0.632564 -0.224823
-0.741160 -0.632564 -0.224823
-0.952376 0.097550 -0.288900
-0.952376 0.097550 -0.288900
-0.952376 0.097550 -0.288900
-0.952376 0.097550 -0.288900
-0.608827 0.771506 -0.184684
-0.608827 0.771506 -0.184684
-0.608827 0.771506 -0.184684
-0.608827 0.771506 -0.184684
-0.561099 0.771507 -0.299910
-0.561099 0.771507 -0.299910
-0.561099 0.771507 -0.299910
-0.561099 0.771507 -0.299910
-0.683054 -0.632561 -0.365108
-0.683054 -0.632561 -0.365108
-0.683054 -0.632561 -0.365108
-0.683054 -0.632561 -0.365108
-0.877715 0.097550 -0.469148
-0.877715 0.097550 -0.469148
-0.877715 0.097550 -0.469148
-0.877715 0.097550 -0.469148
-0.877715 -0.097550 -0.469148
-0.877715 -0.097550 -0.469148
-0.877715 -0.097550 -0.469148
-0.877715 -0.097550 -0.469148
-0.683056 0.632563 -0.365102
-0.683056 0.632563 -0.365102
-0.683056 0.632563 -0.365102
-0.683056 0.632563 -0.365102
-0.561093 -0.771510 -0.299912
-0.561093 -0.771510 -0.299912
-0.561093 -0.771510 -0.299912
-0.561093 -0.771510 -0.299912
-0.417304 -0.880970 -0.223044
-0.417304 -0.880970 -0.223044
-0.417304 -0.880970 -0.223044
-0.417304 -0.880970 -0.223044
-0.844288 -0.289005 -0.451281
-0.844288 -0.289005 -0.451281
-0.844288 -0.289005 -0.451281
-0.844288 -0.289005 -0.451281
-0.778616 0.469626 -0.416184
-0.778616 0.469626 -0.416184
-0.778616 0.469626 -0.416184
-0.778616 0.469626 -0.416184
-0.257143 0.956548 -0.137454
-0.257143 0.956548 -0.137454
-0.257143 0.956548 -0.137454
-0.257143 0.956548 -0.137454
-0.257136 -0.956551 -0.137444
-0.257136 -0.956551 -0.137444
-0.257136 -0.956551 -0.137444
-0.257136 -0.956551 -0.137444
-0.778617 -0.469626 -0.416182
-0.778617 -0.469626 -0.416182
-0.778617 -0.469626 -0.416182
-0.778617 -0.469626 -0.416182
-0.844288 0.289005 -0.451280
-0.844288 0.289005 -0.451280
-0.844288 0.289005 -0.451280
-0.844288 0.289005 -0.451280
-0.417298 0.880974 -0.223042
-0.417298 0.880974 -0.223042
-0.417298 0.880974 -0.223042
-0.417298 0.880974 -0.223042
-0.682465 -0.469626 -0.560084
-0.682465 -0.469626 -0.560084
-0.682465 -0.469626 -0.560084
-0.682465 -0.469626 -0.560084
-0.740025 0.289005 -0.607322
-0.740025 0.289005 -0.607322
-0.740025 0.289005 -0.607322
-0.740025 0.289005 -0.607322
-0.365764 0.880972 -0.300174
-0.365764 0.880972 -0.300174
-0.365764 0.880972 -0.300174
-0.365764 0.880972 -0.300174
-0.225381 -0.956554 -0.184956
-0.225381 -0.956554 -0.184956
-0.225381 -0.956554 -0.184956
-0.225381 -0.956554 -0.184956
-0.598706 -0.632565 -0.491338
-0.598706 -0.632565 -0.491338
-0.598706 -0.632565 -0.491338
-0.598706 -0.632565 -0.491338
-0.769324 0.097550 -0.631367
-0.769324 0.097550 -0.631367
-0.769324 0.097550 -0.631367
-0.769324 0.097550 -0.631367
-0.491807 0.771507 -0.403613
-0.491807 0.771507 -0.403613
-0.491807 0.771507 -0.403613
-0.491807 0.771507 -0.403613
-0.491801 -0.771509 -0.403615
-0.491801 -0.771509 -0.403615
-0.491801 -0.771509 -0.403615
-0.491801 -0.771509 -0.403615
-0.769325 -0.097550 -0.631366
-0.769325 -0.097550 -0.631366
-0.769325 -0.097550 -0.631366
-0.769325 -0.097550 -0.631366
-0.598704 0.632564 -0.491341
-0.598704 0.632564 -0.491341
-0.598704 0.632564 -0.491341
-0.598704 0.632564 -0.491341
-0.682464 0.469627 -0.560083
-0.682464 0.469627 -0.560083
-0.682464 0.469627 -0.560083
-0.682464 0.469627 -0.560083
-0.225387 0.956549 -0.184973
-0.225387 0.956549 -0.184973
-0.225387 0.956549 -0.184973
-0.225387 0.956549 -0.184973
-0.365769 -0.880968 -0.300182
-0.365769 -0.880968 -0.300182
-0.365769 -0.880968 -0.300182
-0.365769 -0.880968 -0.300182
-0.740026 -0.289006 -0.607319
-0.740026 -0.289006 -0.607319
-0.740026 -0.289006 -0.607319
-0.740026 -0.289006 -0.607319
-0.300179 -0.880968 -0.365770
-0.300179 -0.880968 -0.365770
-0.300179 -0.880968 -0.365770
-0.300179 -0.880968 -0.365770
-0.607321 -0.289005 -0.740026
-0.607321 -0.289005 -0.740026
-0.607321 -0.289005 -0.740026
-0.607321 -0.289005 -0.740026
-0.560083 0.469627 -0.682465
-0.560083 0.469627 -0.682465
-0.560083 0.469627 -0.682465
-0.560083 0.469627 -0.682465
-0.184971 0.956552 -0.225377
-0.184971 0.956552 -0.225377
-0.184971 0.956552 -0.225377
-0.184971 0.956552 -0.225377
-0.300174 0.880970 -0.365770
-0.300174 0.880970 -0.365770
-0.300174 0.880970 -0.365770
-0.300174 0.880970 -0.365770
-0.184966 -0.956554 -0.225370
-0.184966 -0.956554 -0.225370
-0.184966 -0.956554 -0.225370
-0.184966 -0.956554 -0.225370
-0.560083 -0.469625 -0.682465
-0.560083 -0.469625 -0.682465
-0.560083 -0.469625 -0.682465
-0.560083 -0.469625 -0.682465
-0.607322 0.289005 -0.740025
-0.607322 0.289005 -0.740025
-0.607322 0.289005 -0.740025
-0.607322 0.289005 -0.740025
-0.631367 0.097550 -0.769324
-0.631367 0.097550 -0.769324
-0.631367 0.097550 -0.769324
-0.631367 0.097550 -0.769324
-0.403614 0.771505 -0.491809
-0.403614 0.771505 -0.491809
-0.403614 0.771505 -0.491809
-0.403614 0.771505 -0.491809
-0.491343 -0.632562 -0.598705
-0.491343 -0.632562 -0.598705
-0.491343 -0.632562 -0.598705
-0.491343 -0.632562 -0.598705
-0.403611 -0.771509 -0.491804
-0.403611 -0.771509 -0.491804
-0.403611 -0.771509 -0.491804
-0.403611 -0.771509 -0.491804
-0.631368 -0.097551 -0.769323
-0.631368 -0.097551 -0.769323
-0.631368 -0.097551 -0.769323
-0.631368 -0.097551 -0.769323
-0.491342 0.632561 -0.598706
-0.491342 0.632561 -0.598706
-0.491342 0.632561 -0.598706
-0.491342 0.632561 -0.598706
-0.365100 0.632561 -0.683058
-0.365100 0.632561 -0.683058
-0.365100 0.632561 -0.683058
-0.365100 0.632561 -0.683058
-0.299910 -0.771512 -0.561091
-0.299910 -0.771512 -0.561091
-0.299910 -0.771512 -0.561091
-0.299910 -0.771512 -0.561091
-0.469149 -0.097551 -0.877714
-0.469149 -0.097551 -0.877714
-0.469149 -0.097551 -0.877714
-0.469149 -0.097551 -0.877714
-0.451281 -0.289004 -0.844288
-0.451281 -0.289004 -0.844288
-0.451281 -0.289004 -0.844288
-0.451281 -0.289004 -0.844288
-0.416180 0.469627 -0.778617
-0.416180 0.469627 -0.778617
-0.416180 0.469627 -0.778617
-0.416180 0.469627 -0.778617
-0.137446 0.956550 -0.257140
-0.137446 0.956550 -0.257140
-0.137446 0.956550 -0.257140
-0.137446 0.956550 -0.257140
-0.223053 -0.880968 -0.417304
-0.223053 -0.880968 -0.417304
-0.223053 -0.880968 -0.417304
-0.223053 -0.880968 -0.417304
-0.137442 -0.956550 -0.257142
-0.137442 -0.956550 -0.257142
-0.137442 -0.956550 -0.257142
-0.137442 -0.956550 -0.257142
-0.416180 -0.469625 -0.778619
-0.416180 -0.469625 -0.778619
-0.416180 -0.469625 -0.778619
-0.416180 -0.469625 -0.778619
-0.451282 0.289005 -0.844287
-0.451282 0.289005 -0.844287
-0.451282 0.289005 -0.844287
-0.451282 0.289005 -0.844287
-0.223051 0.880973 -0.417295
-0.223051 0.880973 -0.417295
-0.223051 0.880973 -0.417295
-0.223051 0.880973 -0.417295
-0.365101 -0.632563 -0.683056
-0.365101 -0.632563 -0.683056
-0.365101 -0.632563 -0.683056
-0.365101 -0.632563 -0.683056
-0.469152 0.097552 -0.877713
-0.469152 0.097552 -0.877713
-0.469152 0.097552 -0.877713
-0.469152 0.097552 -0.877713
-0.299912 0.771505 -0.561100
-0.299912 0.771505 -0.561100
-0.299912 0.771505 -0.561100
-0.299912 0.771505 -0.561100
-0.224827 -0.632563 -0.741159
-0.224827 -0.632563 -0.741159
-0.224827 -0.632563 -0.741159
-0.224827 -0.632563 -0.741159
-0.288901 0.097552 -0.952376
-0.288901 0.097552 -0.952376
-0.288901 0.097552 -0.952376
-0.288901 0.097552 -0.952376
-0.184686 0.771506 -0.608826
-0.184686 0.771506 -0.608826
-0.184686 0.771506 -0.608826
-0.184686 0.771506 -0.608826
-0.184685 -0.771510 -0.608821
-0.184685 -0.771510 -0.608821
-0.184685 -0.771510 -0.608821
-0.184685 -0.771510 -0.608821
-0.288900 -0.097551 -0.952376
-0.288900 -0.097551 -0.952376
-0.288900 -0.097551 -0.952376
-0.288900 -0.097551 -0.952376
-0.224829 0.632562 -0.741159
-0.224829 0.632562 -0.741159
-0.224829 0.632562 -0.741159
-0.224829 0.632562 -0.741159
-0.084639 0.956548 -0.279021
-0.084639 0.956548 -0.279021
-0.084639 0.956548 -0.279021
-0.084639 0.956548 -0.279021
-0.137356 -0.880970 -0.452797
-0.137356 -0.880970 -0.452797
-0.137356 -0.880970 -0.452797
-0.137356 -0.880970 -0.452797
-0.277894 -0.289002 -0.916107
-0.277894 -0.289002 -0.916107
-0.277894 -0.289002 -0.916107
-0.277894 -0.289002 -0.916107
-0.256281 0.469627 -0.844849
-0.256281 0.469627 -0.844849
-0.256281 0.469627 -0.844849
-0.256281 0.469627 -0.844849
-0.277898 0.289006 -0.916105
-0.277898 0.289006 -0.916105
-0.277898 0.289006 -0.916105
-0.277898 0.289006 -0.916105
-0.137354 0.880970 -0.452797
-0.137354 0.880970 -0.452797
-0.137354 0.880970 -0.452797
-0.137354 0.880970 -0.452797
-0.084636 -0.956549 -0.279017
-0.084636 -0.956549 -0.279017
-0.084636 -0.956549 -0.279017
-0.084636 -0.956549 -0.279017
-0.256279 -0.469625 -0.844851
-0.256279 -0.469625 -0.844851
-0.256279 -0.469625 -0.844851
-0.256279 -0.469625 -0.844851
-0.028578 -0.956553 -0.290155
-0.028578 -0.956553 -0.290155
-0.028578 -0.956553 -0.290155
-0.028578 -0.956553 -0.290155
-0.086537 -0.469630 -0.878612
-0.086537 -0.469630 -0.878612
-0.086537 -0.469630 -0.878612
-0.086537 -0.469630 -0.878612
-0.093834 0.289006 -0.952718
-0.093834 0.289006 -0.952718
-0.093834 0.289006 -0.952718
-0.093834 0.289006 -0.952718
-0.046378 0.880973 -0.470888
-0.046378 0.880973 -0.470888
-0.046378 0.880973 -0.470888
-0.046378 0.880973 -0.470888
-0.062360 0.771508 -0.633156
-0.062360 0.771508 -0.633156
-0.062360 0.771508 -0.633156
-0.062360 0.771508 -0.633156
-0.075916 -0.632562 -0.770780
-0.075916 -0.632562 -0.770780
-0.075916 -0.632562 -0.770780
-0.075916 -0.632562 -0.770780
-0.097549 0.097551 -0.990438
-0.097549 0.097551 -0.990438
-0.097549 0.097551 -0.990438
-0.097549 0.097551 -0.990438
-0.097550 -0.097552 -0.990438
-0.097550 -0.097552 -0.990438
-0.097550 -0.097552 -0.990438
-0.097550 -0.097552 -0.990438
-0.075915 0.632565 -0.770778
-0.075915 0.632565 -0.770778
-0.075915 0.632565 -0.770778
-0.075915 0.632565 -0.770778
-0.062360 -0.771510 -0.633154
-0.062360 -0.771510 -0.633154
-0.062360 -0.771510 -0.633154
-0.062360 -0.771510 -0.633154
-0.046378 -0.880967 -0.470899
-0.046378 -0.880967 -0.470899
-0.046378 -0.880967 -0.470899
-0.046378 -0.880967 -0.470899
-0.093833 -0.289002 -0.952719
-0.093833 -0.289002 -0.952719
-0.093833 -0.289002 -0.952719
-0.093833 -0.289002 -0.952719
-0.086537 0.469625 -0.878615
-0.086537 0.469625 -0.878615
-0.086537 0.469625 -0.878615
-0.086537 0.469625 -0.878615
-0.028579 0.956549 -0.290167
-0.028579 0.956549 -0.290167
-0.028579 0.956549 -0.290167
-0.028579 0.956549 -0.290167
0.086536 0.469624 -0.878615
0.086536 0.469624 -0.878615
0.086536 0.469624 -0.878615
0.086536 0.469624 -0.878615
0.028579 0.956548 -0.290170
0.028579 0.956548 -0.290170
0.028579 0.956548 -0.290170
0.028579 0.956548 -0.290170
0.046379 -0.880969 -0.470896
0.046379 -0.880969 -0.470896
0.046379 -0.880969 -0.470896
0.046379 -0.880969 -0.470896
0.093835 -0.289006 -0.952718
0.093835 -0.289006 -0.952718
0.093835 -0.289006 -0.952718
0.093835 -0.289006 -0.952718
0.086537 -0.469627 -0.878613
0.086537 -0.469627 -0.878613
0.086537 -0.469627 -0.878613
0.086537 -0.469627 -0.878613
0.093834 0.289003 -0.952718
0.093834 0.289003 -0.952718
0.093834 0.289003 -0.952718
0.093834 0.289003 -0.952718
0.046378 0.880973 -0.470888
0.046378 0.880973 -0.470888
0.046378 0.880973 -0.470888
0.046378 0.880973 -0.470888
0.028578 -0.956551 -0.290160
0.028578 -0.956551 -0.290160
0.028578 -0.956551 -0.290160
0.028578 -0.956551 -0.290160
0.075916 -0.632564 -0.770778
0.075916 -0.632564 -0.770778
0.075916 -0.632564 -0.770778
0.075916 -0.632564 -0.770778
0.097549 0.097551 -0.990438
0.097549 0.097551 -0.990438
0.097549 0.097551 -0.990438
0.097549 0.097551 -0.990438
0.062361 0.771507 -0.633157
0.062361 0.771507 -0.633157
0.062361 0.771507 -0.633157
0.062361 0.771507 -0.633157
0.062360 -0.771512 -0.633152
0.062360 -0.771512 -0.633152
0.062360 -0.771512 -0.633152
0.062360 -0.771512 -0.633152
0.097550 -0.097551 -0.990438
0.097550 -0.097551 -0.990438
0.097550 -0.097551 -0.990438
0.097550 -0.097551 -0.990438
0.075916 0.632568 -0.770775
0.075916 0.632568 -0.770775
0.075916 0.632568 -0.770775
0.075916 0.632568 -0.770775
0.184684 -0.771509 -0.608823
0.184684 -0.771509 -0.608823
0.184684 -0.771509 -0.608823
0.184684 -0.771509 -0.608823
0.288901 -0.097550 -0.952376
0.288901 -0.097550 -0.952376
0.288901 -0.097550 -0.952376
0.288901 -0.097550 -0.952376
0.224829 0.632567 -0.741155
0.224829 0.632567 -0.741155
0.224829 0.632567 -0.741155
0.224829 0.632567 -0.741155
0.137356 -0.880967 -0.452803
0.137356 -0.880967 -0.452803
0.137356 -0.880967 -0.452803
0.137356 -0.880967 -0.452803
0.277898 -0.289006 -0.916105
0.277898 -0.289006 -0.916105
0.277898 -0.289006 -0.916105
0.277898 -0.289006 -0.916105
0.256281 0.469626 -0.844850
0.256281 0.469626 -0.844850
0.256281 0.469626 -0.844850
0.256281 0.469626 -0.844850
0.084639 0.956547 -0.279022
0.084639 0.956547 -0.279022
0.084639 0.956547 -0.279022
0.084639 0.956547 -0.279022
0.137354 0.880975 -0.452788
0.137354 0.880975 -0.452788
0.137354 0.880975 -0.452788
0.137354 0.880975 -0.452788
0.084637 -0.956553 -0.279005
0.084637 -0.956553 -0.279005
0.084637 -0.956553 -0.279005
0.084637 -0.956553 -0.279005
0.256281 -0.469626 -0.844850
0.256281 -0.469626 -0.844850
0.256281 -0.469626 -0.844850
0.256281 -0.469626 -0.844850
0.277896 0.289003 -0.916107
0.277896 0.289003 -0.916107
0.277896 0.289003 -0.916107
0.277896 0.289003 -0.916107
0.288902 0.097551 -0.952376
0.288902 0.097551 -0.952376
0.288902 0.097551 -0.952376
0.288902 0.097551 -0.952376
0.184686 0.771511 -0.608820
0.184686 0.771511 -0.608820
0.184686 0.771511 -0.608820
0.184686 0.771511 -0.608820
0.224829 -0.632564 -0.741158
0.224829 -0.632564 -0.741158
0.224829 -0.632564 -0.741158
0.224829 -0.632564 -0.741158
0.365100 -0.632561 -0.683058
0.365100 -0.632561 -0.683058
0.365100 -0.632561 -0.683058
0.365100 -0.632561 -0.683058
0.469151 0.097550 -0.877714
0.469151 0.097550 -0.877714
0.469151 0.097550 -0.877714
0.469151 0.097550 -0.877714
0.299911 0.771502 -0.561104
0.299911 0.771502 -0.561104
0.299911 0.771502 -0.561104
0.299911 0.771502 -0.561104
0.365101 0.632562 -0.683057
0.365101 0.632562 -0.683057
0.365101 0.632562 -0.683057
0.365101 0.632562 -0.683057
0.299911 -0.771513 -0.561090
0.299911 -0.771513 -0.561090
0.299911 -0.771513 -0.561090
0.299911 -0.771513 -0.561090
0.469149 -0.097550 -0.877715
0.469149 -0.097550 -0.877715
0.469149 -0.097550 -0.877715
0.469149 -0.097550 -0.877715
0.451282 -0.289005 -0.844287
0.451282 -0.289005 -0.844287
0.451282 -0.289005 -0.844287
0.451282 -0.289005 -0.844287
0.416178 0.469624 -0.778620
0.416178 0.469624 -0.778620
0.416178 0.469624 -0.778620
0.416178 0.469624 -0.778620
0.137446 0.956551 -0.257136
0.137446 0.956551 -0.257136
0.137446 0.956551 -0.257136
0.137446 0.956551 -0.257136
0.223054 -0.880970 -0.417299
0.223054 -0.880970 -0.417299
0.223054 -0.880970 -0.417299
0.223054 -0.880970 -0.417299
0.137442 -0.956550 -0.257143
0.137442 -0.956550 -0.257143
0.137442 -0.956550 -0.257143
0.137442 -0.956550 -0.257143
0.416179 -0.469626 -0.778619
0.416179 -0.469626 -0.778619
0.416179 -0.469626 -0.778619
0.416179 -0.469626 -0.778619
0.451281 0.289004 -0.844288
0.451281 0.289004 -0.844288
0.451281 0.289004 -0.844288
0.451281 0.289004 -0.844288
0.223051 0.880975 -0.417290
0.223051 0.880975 -0.417290
0.223051 0.880975 -0.417290
0.223051 0.880975 -0.417290
0.607320 0.289004 -0.740026
0.607320 0.289004 -0.740026
0.607320 0.289004 -0.740026
0.607320 0.289004 -0.740026
0.300174 0.880970 -0.365769
0.300174 0.880970 -0.365769
0.300174 0.880970 -0.365769
0.300174 0.880970 -0.365769
0.184966 -0.956550 -0.225388
0.184966 -0.956550 -0.225388
0.184966 -0.956550 -0.225388
0.184966 -0.956550 -0.225388
0.560082 -0.469625 -0.682467
0.560082 -0.469625 -0.682467
0.560082 -0.469625 -0.682467
0.560082 -0.469625 -0.682467
0.491344 -0.632563 -0.598703
0.491344 -0.632563 -0.598703
0.491344 -0.632563 -0.598703
0.491344 -0.632563 -0.598703
0.631369 0.097550 -0.769322
0.631369 0.097550 -0.769322
0.631369 0.097550 -0.769322
0.631369 0.097550 -0.769322
0.403615 0.771506 -0.491807
0.403615 0.771506 -0.491807
0.403615 0.771506 -0.491807
0.403615 0.771506 -0.491807
0.403612 -0.771511 -0.491800
0.403612 -0.771511 -0.491800
0.403612 -0.771511 -0.491800
0.403612 -0.771511 -0.491800
0.631368 -0.097550 -0.769323
0.631368 -0.097550 -0.769323
0.631368 -0.097550 -0.769323
0.631368 -0.097550 -0.769323
0.491343 0.632562 -0.598705
0.491343 0.632562 -0.598705
0.491343 0.632562 -0.598705
0.491343 0.632562 -0.598705
0.184971 0.956550 -0.225386
0.184971 0.956550 -0.225386
0.184971 0.956550 -0.225386
0.184971 0.956550 -0.225386
0.300180 -0.880969 -0.365767
0.300180 -0.880969 -0.365767
0.300180 -0.880969 -0.365767
0.300180 -0.880969 -0.365767
0.607323 -0.289005 -0.740024
0.607323 -0.289005 -0.740024
0.607323 -0.289005 -0.740024
0.607323 -0.289005 -0.740024
0.560086 0.469629 -0.682460
0.560086 0.469629 -0.682460
0.560086 0.469629 -0.682460
0.560086 0.469629 -0.682460
0.365770 -0.880969 -0.300177
0.365770 -0.880969 -0.300177
0.365770 -0.880969 -0.300177
0.365770 -0.880969 -0.300177
0.740023 -0.289004 -0.607324
0.740023 -0.289004 -0.607324
0.740023 -0.289004 -0.607324
0.740023 -0.289004 -0.607324
0.682463 0.469627 -0.560085
0.682463 0.469627 -0.560085
0.682463 0.469627 -0.560085
0.682463 0.469627 -0.560085
0.225388 0.956552 -0.184956
0.225388 0.956552 -0.184956
0.225388 0.956552 -0.184956
0.225388 0.956552 -0.184956
0.225382 -0.956553 -0.184959
0.225382 -0.956553 -0.184959
0.225382 -0.956553 -0.184959
0.225382 -0.956553 -0.184959
0.682464 -0.469627 -0.560083
0.682464 -0.469627 -0.560083
0.682464 -0.469627 -0.560083
0.682464 -0.469627 -0.560083
0.740021 0.289003 -0.607327
0.740021 0.289003 -0.607327
0.740021 0.289003 -0.607327
0.740021 0.289003 -0.607327
0.365765 0.880972 -0.300174
0.365765 0.880972 -0.300174
0.365765 0.880972 -0.300174
0.365765 0.880972 -0.300174
0.491805 0.771504 -0.403619
0.491805 0.771504 -0.403619
0.491805 0.771504 -0.403619
0.491805 0.771504 -0.403619
0.598703 -0.632562 -0.491345
0.598703 -0.632562 -0.491345
0.598703 -0.632562 -0.491345
0.598703 -0.632562 -0.491345
0.769323 0.097550 -0.631368
0.769323 0.097550 -0.631368
0.769323 0.097550 -0.631368
0.769323 0.097550 -0.631368
0.769323 -0.097550 -0.631369
0.769323 -0.097550 -0.631369
0.769323 -0.097550 -0.631369
0.769323 -0.097550 -0.631369
0.598704 0.632562 -0.491344
0.598704 0.632562 -0.491344
0.598704 0.632562 -0.491344
0.598704 0.632562 -0.491344
0.491803 -0.771511 -0.403609
0.491803 -0.771511 -0.403609
0.491803 -0.771511 -0.403609
0.491803 -0.771511 -0.403609
0.561093 -0.771510 -0.299912
0.561093 -0.771510 -0.299912
0.561093 -0.771510 -0.299912
0.561093 -0.771510 -0.299912
0.877714 -0.097550 -0.469150
0.877714 -0.097550 -0.469150
0.877714 -0.097550 -0.469150
0.877714 -0.097550 -0.469150
0.683057 0.632564 -0.365097
0.683057 0.632564 -0.365097
0.683057 0.632564 -0.365097
0.683057 0.632564 -0.365097
0.778620 0.469628 -0.416174
0.778620 0.469628 -0.416174
0.778620 0.469628 -0.416174
0.778620 0.469628 -0.416174
0.257143 0.956548 -0.137454
0.257143 0.956548 -0.137454
0.257143 0.956548 -0.137454
0.257143 0.956548 -0.137454
0.417303 -0.880968 -0.223057
0.417303 -0.880968 -0.223057
0.417303 -0.880968 -0.223057
0.417303 -0.880968 -0.223057
0.844287 -0.289004 -0.451283
0.844287 -0.289004 -0.451283
0.844287 -0.289004 -0.451283
0.844287 -0.289004 -0.451283
0.778617 -0.469626 -0.416182
0.778617 -0.469626 -0.416182
0.778617 -0.469626 -0.416182
0.778617 -0.469626 -0.416182
0.844289 0.289005 -0.451278
0.844289 0.289005 -0.451278
0.844289 0.289005 -0.451278
0.844289 0.289005 -0.451278
0.417297 0.880971 -0.223056
0.417297 0.880971 -0.223056
0.417297 0.880971 -0.223056
0.417297 0.880971 -0.223056
0.257136 -0.956550 -0.137451
0.257136 -0.956550 -0.137451
0.257136 -0.956550 -0.137451
0.257136 -0.956550 -0.137451
0.683057 -0.632563 -0.365099
0.683057 -0.632563 -0.365099
0.683057 -0.632563 -0.365099
0.683057 -0.632563 -0.365099
0.877715 0.097550 -0.469148
0.877715 0.097550 -0.469148
0.877715 0.097550 -0.469148
0.877715 0.097550 -0.469148
0.561099 0.771508 -0.299906
0.561099 0.771508 -0.299906
0.561099 0.771508 -0.299906
0.561099 0.771508 -0.299906
0.952376 0.097550 -0.288900
0.952376 0.097550 -0.288900
0.952376 0.097550 -0.288900
0.952376 0.097550 -0.288900
0.608826 0.771505 -0.184690
0.608826 0.771505 -0.184690
0.608826 0.771505 -0.184690
0.608826 0.771505 -0.184690
0.741159 -0.632563 -0.224828
0.741159 -0.632563 -0.224828
0.741159 -0.632563 -0.224828
0.741159 -0.632563 -0.224828
0.608821 -0.771510 -0.184685
0.608821 -0.771510 -0.184685
0.608821 -0.771510 -0.184685
0.608821 -0.771510 -0.184685
0.952377 -0.097550 -0.288900
0.952377 -0.097550 -0.288900
0.952377 -0.097550 -0.288900
0.952377 -0.097550 -0.288900
0.741159 0.632562 -0.224830
0.741159 0.632562 -0.224830
0.741159 0.632562 -0.224830
0.741159 0.632562 -0.224830
0.452800 -0.880967 -0.137364
0.452800 -0.880967 -0.137364
0.452800 -0.880967 -0.137364
0.452800 -0.880967 -0.137364
0.916105 -0.289005 -0.277898
0.916105 -0.289005 -0.277898
0.916105 -0.289005 -0.277898
0.916105 -0.289005 -0.277898
0.844849 0.469627 -0.256280
0.844849 0.469627 -0.256280
0.844849 0.469627 -0.256280
0.844849 0.469627 -0.256280
0.279016 0.956549 -0.084641
0.279016 0.956549 -0.084641
0.279016 0.956549 -0.084641
0.279016 0.956549 -0.084641
0.452794 0.880973 -0.137350
0.452794 0.880973 -0.137350
0.452794 0.880973 -0.137350
0.452794 0.880973 -0.137350
0.279008 -0.956551 -0.084648
0.279008 -0.956551 -0.084648
0.279008 -0.956551 -0.084648
0.279008 -0.956551 -0.084648
0.844849 -0.469627 -0.256281
0.844849 -0.469627 -0.256281
0.844849 -0.469627 -0.256281
0.844849 -0.469627 -0.256281
0.916105 0.289005 -0.277898
0.916105 0.289005 -0.277898
0.916105 0.289005 -0.277898
0.916105 0.289005 -0.277898
0.290160 -0.956552 -0.028553
0.290160 -0.956552 -0.028553
0.290160 -0.956552 -0.028553
0.290160 -0.956552 -0.028553
0.878613 -0.469629 -0.086533
0.878613 -0.469629 -0.086533
0.878613 -0.469629 -0.086533
0.878613 -0.469629 -0.086533
0.952718 0.289004 -0.093836
0.952718 0.289004 -0.093836
0.952718 0.289004 -0.093836
0.952718 0.289004 -0.093836
0.470890 0.880972 -0.046379
0.470890 0.880972 -0.046379
0.470890 0.880972 -0.046379
0.470890 0.880972 -0.046379
0.770780 -0.632562 -0.075917
0.770780 -0.632562 -0.075917
0.770780 -0.632562 -0.075917
0.770780 -0.632562 -0.075917
0.990438 0.097551 -0.097549
0.990438 0.097551 -0.097549
0.990438 0.097551 -0.097549
0.990438 0.097551 -0.097549
0.633158 0.771505 -0.062372
0.633158 0.771505 -0.062372
0.633158 0.771505 -0.062372
0.633158 0.771505 -0.062372
0.770781 0.632562 -0.075915
0.770781 0.632562 -0.075915
0.770781 0.632562 -0.075915
0.770781 0.632562 -0.075915
0.633153 -0.771511 -0.062355
0.633153 -0.771511 -0.062355
0.633153 -0.771511 -0.062355
0.633153 -0.771511 -0.062355
0.990438 -0.097551 -0.097550
0.990438 -0.097551 -0.097550
0.990438 -0.097551 -0.097550
0.990438 -0.097551 -0.097550
0.952718 -0.289004 -0.093833
0.952718 -0.289004 -0.093833
0.952718 -0.289004 -0.093833
0.952718 -0.289004 -0.093833
0.878613 0.469628 -0.086537
0.878613 0.469628 -0.086537
0.878613 0.469628 -0.086537
0.878613 0.469628 -0.086537
0.290167 0.956549 -0.028576
0.290167 0.956549 -0.028576
0.290167 0.956549 -0.028576
0.290167 0.956549 -0.028576
0.470897 -0.880968 -0.046377
0.470897 -0.880968 -0.046377
0.470897 -0.880968 -0.046377
0.470897 -0.880968 -0.046377
0.290167 0.956549 0.028584
0.290167 0.956549 0.028584
0.290167 0.956549 0.028584
0.290167 0.956549 0.028584
0.470897 -0.880968 0.046382
0.470897 -0.880968 0.046382
0.470897 -0.880968 0.046382
0.470897 -0.880968 0.046382
0.952718 -0.289003 0.093835
0.952718 -0.289003 0.093835
0.952718 -0.289003 0.093835
0.952718 -0.289003 0.093835
0.878613 0.469628 0.086534
0.878613 0.469628 0.086534
0.878613 0.469628 0.086534
0.878613 0.469628 0.086534
0.952718 0.289003 0.093835
0.952718 0.289003 0.093835
0.952718 0.289003 0.093835
0.952718 0.289003 0.093835
0.470890 0.880972 0.046380
0.470890 0.880972 0.046380
0.470890 0.880972 0.046380
0.470890 0.880972 0.046380
0.290159 -0.956552 0.028577
0.290159 -0.956552 0.028577
0.290159 -0.956552 0.028577
0.290159 -0.956552 0.028577
0.878613 -0.469628 0.086533
0.878613 -0.469628 0.086533
0.878613 -0.469628 0.086533
0.878613 -0.469628 0.086533
0.770780 -0.632562 0.075919
0.770780 -0.632562 0.075919
0.770780 -0.632562 0.075919
0.770780 -0.632562 0.075919
0.990438 0.097552 0.097550
0.990438 0.097552 0.097550
0.990438 0.097552 0.097550
0.990438 0.097552 0.097550
0.633159 0.771506 0.062356
0.633159 0.771506 0.062356
0.633159 0.771506 0.062356
0.633159 0.771506 0.062356
0.633153 -0.771511 0.062357
0.633153 -0.771511 0.062357
0.633153 -0.771511 0.062357
0.633153 -0.771511 0.062357
0.990438 -0.097552 0.097550
0.990438 -0.097552 0.097550
0.990438 -0.097552 0.097550
0.990438 -0.097552 0.097550
0.770780 0.632562 0.075916
0.770780 0.632562 0.075916
0.770780 0.632562 0.075916
0.770780 0.632562 0.075916
0.952377 -0.097552 0.288899
0.952377 -0.097552 0.288899
0.952377 -0.097552 0.288899
0.952377 -0.097552 0.288899
0.741159 0.632562 0.224829
0.741159 0.632562 0.224829
0.741159 0.632562 0.224829
0.741159 0.632562 0.224829
0.608821 -0.771510 0.184688
0.608821 -0.771510 0.184688
0.608821 -0.771510 0.184688
0.608821 -0.771510 0.184688
0.452801 -0.880969 0.137349
0.452801 -0.880969 0.137349
0.452801 -0.880969 0.137349
0.452801 -0.880969 0.137349
0.916105 -0.289004 0.277899
0.916105 -0.289004 0.277899
0.916105 -0.289004 0.277899
0.916105 -0.289004 0.277899
0.844849 0.469628 0.256279
0.844849 0.469628 0.256279
0.844849 0.469628 0.256279
0.844849 0.469628 0.256279
0.279016 0.956548 0.084654
0.279016 0.956548 0.084654
0.279016 0.956548 0.084654
0.279016 0.956548 0.084654
0.279009 -0.956552 0.084633
0.279009 -0.956552 0.084633
0.279009 -0.956552 0.084633
0.279009 -0.956552 0.084633
0.844848 -0.469628 0.256283
0.844848 -0.469628 0.256283
0.844848 -0.469628 0.256283
0.844848 -0.469628 0.256283
0.916106 0.289004 0.277897
0.916106 0.289004 0.277897
0.916106 0.289004 0.277897
0.916106 0.289004 0.277897
0.452794 0.880971 0.137357
0.452794 0.880971 0.137357
0.452794 0.880971 0.137357
0.452794 0.880971 0.137357
0.608826 0.771506 0.184685
0.608826 0.771506 0.184685
0.608826 0.771506 0.184685
0.608826 0.771506 0.184685
0.741159 -0.632562 0.224830
0.741159 -0.632562 0.224830
0.741159 -0.632562 0.224830
0.741159 -0.632562 0.224830
0.952376 0.097552 0.288900
0.952376 0.097552 0.288900
0.952376 0.097552 0.288900
0.952376 0.097552 0.288900
0.683056 -0.632562 0.365102
0.683056 -0.632562 0.365102
0.683056 -0.632562 0.365102
0.683056 -0.632562 0.365102
0.877716 0.097551 0.469147
0.877716 0.097551 0.469147
0.877716 0.097551 0.469147
0.877716 0.097551 0.469147
0.561099 0.771507 0.299907
0.561099 0.771507 0.299907
0.561099 0.771507 0.299907
0.561099 0.771507 0.299907
0.561092 -0.771510 0.299914
0.561092 -0.771510 0.299914
0.561092 -0.771510 0.299914
0.561092 -0.771510 0.299914
0.877714 -0.097551 0.469150
0.877714 -0.097551 0.469150
0.877714 -0.097551 0.469150
0.877714 -0.097551 0.469150
0.683057 0.632562 0.365101
0.683057 0.632562 0.365101
0.683057 0.632562 0.365101
0.683057 0.632562 0.365101
0.778616 0.469627 0.416181
0.778616 0.469627 0.416181
0.778616 0.469627 0.416181
0.778616 0.469627 0.416181
0.257143 0.956548 0.137456
0.257143 0.956548 0.137456
0.257143 0.956548 0.137456
0.257143 0.956548 0.137456
0.417302 -0.880967 0.223061
0.417302 -0.880967 0.223061
0.417302 -0.880967 0.223061
0.417302 -0.880967 0.223061
0.844287 -0.289004 0.451283
0.844287 -0.289004 0.451283
0.844287 -0.289004 0.451283
0.844287 -0.289004 0.451283
0.778618 -0.469628 0.416177
0.778618 -0.469628 0.416177
0.778618 -0.469628 0.416177
0.778618 -0.469628 0.416177
0.844288 0.289004 0.451281
0.844288 0.289004 0.451281
0.844288 0.289004 0.451281
0.844288 0.289004 0.451281
0.417298 0.880973 0.223046
0.417298 0.880973 0.223046
0.417298 0.880973 0.223046
0.417298 0.880973 0.223046
0.257137 -0.956554 0.137424
0.257137 -0.956554 0.137424
0.257137 -0.956554 0.137424
0.257137 -0.956554 0.137424
0.365764 0.880972 0.300175
0.365764 0.880972 0.300175
0.365764 0.880972 0.300175
0.365764 0.880972 0.300175
0.225382 -0.956554 0.184953
0.225382 -0.956554 0.184953
0.225382 -0.956554 0.184953
0.225382 -0.956554 0.184953
0.682462 -0.469627 0.560086
0.682462 -0.469627 0.560086
0.682462 -0.469627 0.560086
0.682462 -0.469627 0.560086
0.740025 0.289004 0.607322
0.740025 0.289004 0.607322
0.740025 0.289004 0.607322
0.740025 0.289004 0.607322
0.769325 0.097552 0.631366
0.769325 0.097552 0.631366
0.769325 0.097552 0.631366
0.769325 0.097552 0.631366
0.491807 0.771506 0.403614
0.491807 0.771506 0.403614
0.491807 0.771506 0.403614
0.491807 0.771506 0.403614
0.598705 -0.632563 0.491341
0.598705 -0.632563 0.491341
0.598705 -0.632563 0.491341
0.598705 -0.632563 0.491341
0.491802 -0.771511 0.403610
0.491802 -0.771511 0.403610
0.491802 -0.771511 0.403610
0.491802 -0.771511 0.403610
0.769323 -0.097551 0.631368
0.769323 -0.097551 0.631368
0.769323 -0.097551 0.631368
0.769323 -0.097551 0.631368
0.598705 0.632563 0.491341
0.598705 0.632563 0.491341
0.598705 0.632563 0.491341
0.598705 0.632563 0.491341
0.365768 -0.880965 0.300189
0.365768 -0.880965 0.300189
0.365768 -0.880965 0.300189
0.365768 -0.880965 0.300189
0.740026 -0.289005 0.607321
0.740026 -0.289005 0.607321
0.740026 -0.289005 0.607321
0.740026 -0.289005 0.607321
0.682463 0.469627 0.560084
0.682463 0.469627 0.560084
0.682463 0.469627 0.560084
0.682463 0.469627 0.560084
0.225388 0.956551 0.184963
0.225388 0.956551 0.184963
0.225388 0.956551 0.184963
0.225388 0.956551 0.184963
0.607324 -0.289005 0.740022
0.607324 -0.289005 0.740022
0.607324 -0.289005 0.740022
0.607324 -0.289005 0.740022
0.560084 0.469628 0.682463
0.560084 0.469628 0.682463
0.560084 0.469628 0.682463
0.560084 0.469628 0.682463
0.184971 0.956550 0.225384
0.184971 0.956550 0.225384
0.184971 0.956550 0.225384
0.184971 0.956550 0.225384
0.300179 -0.880969 0.365768
0.300179 -0.880969 0.365768
0.300179 -0.880969 0.365768
0.300179 -0.880969 0.365768
0.184966 -0.956553 0.225377
0.184966 -0.956553 0.225377
0.184966 -0.956553 0.225377
0.184966 -0.956553 0.225377
0.560080 -0.469626 0.682467
0.560080 -0.469626 0.682467
0.560080 -0.469626 0.682467
0.560080 -0.469626 0.682467
0.607321 0.289003 0.740026
0.607321 0.289003 0.740026
0.607321 0.289003 0.740026
0.607321 0.289003 0.740026
0.300174 0.880970 0.365769
0.300174 0.880970 0.365769
0.300174 0.880970 0.365769
0.300174 0.880970 0.365769
0.491345 -0.632563 0.598702
0.491345 -0.632563 0.598702
0.491345 -0.632563 0.598702
0.491345 -0.632563 0.598702
0.631368 0.097552 0.769323
0.631368 0.097552 0.769323
0.631368 0.097552 0.769323
0.631368 0.097552 0.769323
0.403614 0.771505 0.491809
0.403614 0.771505 0.491809
0.403614 0.771505 0.491809
0.403614 0.771505 0.491809
0.491344 0.632563 0.598703
0.491344 0.632563 0.598703
0.491344 0.632563 0.598703
0.491344 0.632563 0.598703
0.403611 -0.771509 0.491805
0.403611 -0.771509 0.491805
0.403611 -0.771509 0.491805
0.403611 -0.771509 0.491805
0.631367 -0.097551 0.769324
0.631367 -0.097551 0.769324
0.631367 -0.097551 0.769324
0.631367 -0.097551 0.769324
0.223053 -0.880970 0.417300
0.223053 -0.880970 0.417300
0.223053 -0.880970 0.417300
0.223053 -0.880970 0.417300
0.451280 -0.289003 0.844289
0.451280 -0.289003 0.844289
0.451280 -0.289003 0.844289
0.451280 -0.289003 0.844289
0.416179 0.469627 0.778618
0.416179 0.469627 0.778618
0.416179 0.469627 0.778618
0.416179 0.469627 0.778618
0.137446 0.956549 0.257143
0.137446 0.956549 0.257143
0.137446 0.956549 0.257143
0.137446 0.956549 0.257143
0.137442 -0.956550 0.257142
0.137442 -0.956550 0.257142
0.137442 -0.956550 0.257142
0.137442 -0.956550 0.257142
0.416181 -0.469631 0.778614
0.416181 -0.469631 0.778614
0.416181 -0.469631 0.778614
0.416181 -0.469631 0.778614
0.451282 0.289004 0.844287
0.451282 0.289004 0.844287
0.451282 0.289004 0.844287
0.451282 0.289004 0.844287
0.223050 0.880973 0.417296
0.223050 0.880973 0.417296
0.223050 0.880973 0.417296
0.223050 0.880973 0.417296
0.299914 0.771508 0.561095
0.299914 0.771508 0.561095
0.299914 0.771508 0.561095
0.299914 0.771508 0.561095
0.365101 -0.632561 0.683058
0.365101 -0.632561 0.683058
0.365101 -0.632561 0.683058
0.365101 -0.632561 0.683058
0.469150 0.097550 0.877714
0.469150 0.097550 0.877714
0.469150 0.097550 0.877714
0.469150 0.097550 0.877714
0.469150 -0.097550 0.877714
0.469150 -0.097550 0.877714
0.469150 -0.097550 0.877714
0.469150 -0.097550 0.877714
0.365100 0.632560 0.683059
0.365100 0.632560 0.683059
0.365100 0.632560 0.683059
0.365100 0.632560 0.683059
0.299909 -0.771508 0.561096
0.299909 -0.771508 0.561096
0.299909 -0.771508 0.561096
0.299909 -0.771508 0.561096
0.184683 -0.771510 0.608822
0.184683 -0.771510 0.608822
0.184683 -0.771510 0.608822
0.184683 -0.771510 0.608822
0.288900 -0.097550 0.952376
0.288900 -0.097550 0.952376
0.288900 -0.097550 0.952376
0.288900 -0.097550 0.952376
0.224828 0.632561 0.741161
0.224828 0.632561 0.741161
0.224828 0.632561 0.741161
0.224828 0.632561 0.741161
0.256281 0.469629 0.844848
0.256281 0.469629 0.844848
0.256281 0.469629 0.844848
0.256281 0.469629 0.844848
0.084639 0.956550 0.279014
0.084639 0.956550 0.279014
0.084639 0.956550 0.279014
0.084639 0.956550 0.279014
0.137355 -0.880967 0.452803
0.137355 -0.880967 0.452803
0.137355 -0.880967 0.452803
0.137355 -0.880967 0.452803
0.277898 -0.289006 0.916105
0.277898 -0.289006 0.916105
0.277898 -0.289006 0.916105
0.277898 -0.289006 0.916105
0.256282 -0.469630 0.844848
0.256282 -0.469630 0.844848
0.256282 -0.469630 0.844848
0.256282 -0.469630 0.844848
0.277897 0.289004 0.916106
0.277897 0.289004 0.916106
0.277897 0.289004 0.916106
0.277897 0.289004 0.916106
0.137354 0.880975 0.452789
0.137354 0.880975 0.452789
0.137354 0.880975 0.452789
0.137354 0.880975 0.452789
0.084637 -0.956551 0.279009
0.084637 -0.956551 0.279009
0.084637 -0.956551 0.279009
0.084637 -0.956551 0.279009
0.224827 -0.632559 0.741163
0.224827 -0.632559 0.741163
0.224827 -0.632559 0.741163
0.224827 -0.632559 0.741163
0.288899 0.097549 0.952377
0.288899 0.097549 0.952377
0.288899 0.097549 0.952377
0.288899 0.097549 0.952377
0.184686 0.771508 0.608824
0.184686 0.771508 0.608824
0.184686 0.771508 0.608824
0.184686 0.771508 0.608824
0.097550 0.097551 0.990438
0.097550 0.097551 0.990438
0.097550 0.097551 0.990438
0.097550 0.097551 0.990438
0.062361 0.771509 0.633155
0.062361 0.771509 0.633155
0.062361 0.771509 0.633155
0.062361 0.771509 0.633155
0.075915 -0.632562 0.770781
0.075915 -0.632562 0.770781
0.075915 -0.632562 0.770781
0.075915 -0.632562 0.770781
0.062360 -0.771514 0.633149
0.062360 -0.771514 0.633149
0.062360 -0.771514 0.633149
0.062360 -0.771514 0.633149
0.097550 -0.097550 0.990438
0.097550 -0.097550 0.990438
0.097550 -0.097550 0.990438
0.097550 -0.097550 0.990438
0.075915 0.632560 0.770782
0.075915 0.632560 0.770782
0.075915 0.632560 0.770782
0.075915 0.632560 0.770782
0.046379 -0.880969 0.470896
0.046379 -0.880969 0.470896
0.046379 -0.880969 0.470896
0.046379 -0.880969 0.470896
0.093834 -0.289006 0.952718
0.093834 -0.289006 0.952718
0.093834 -0.289006 0.952718
0.093834 -0.289006 0.952718
0.086535 0.469627 0.878614
0.086535 0.469627 0.878614
0.086535 0.469627 0.878614
0.086535 0.469627 0.878614
0.028579 0.956547 0.290174
0.028579 0.956547 0.290174
0.028579 0.956547 0.290174
0.028579 0.956547 0.290174
0.046378 0.880971 0.470893
0.046378 0.880971 0.470893
0.046378 0.880971 0.470893
0.046378 0.880971 0.470893
0.028578 -0.956552 0.290159
0.028578 -0.956552 0.290159
0.028578 -0.956552 0.290159
0.028578 -0.956552 0.290159
0.086535 -0.469628 0.878613
0.086535 -0.469628 0.878613
0.086535 -0.469628 0.878613
0.086535 -0.469628 0.878613
0.093834 0.289004 0.952718
0.093834 0.289004 0.952718
0.093834 0.289004 0.952718
0.093834 0.289004 0.952718
-0.028578 -0.956551 0.290161
-0.028578 -0.956551 0.290161
-0.028578 -0.956551 0.290161
-0.028578 -0.956551 0.290161
-0.086535 -0.469627 0.878614
-0.086535 -0.469627 0.878614
-0.086535 -0.469627 0.878614
-0.086535 -0.469627 0.878614
-0.093835 0.289004 0.952718
-0.093835 0.289004 0.952718
-0.093835 0.289004 0.952718
-0.093835 0.289004 0.952718
-0.046378 0.880971 0.470891
-0.046378 0.880971 0.470891
-0.046378 0.880971 0.470891
-0.046378 0.880971 0.470891
-0.075915 -0.632561 0.770781
-0.075915 -0.632561 0.770781
-0.075915 -0.632561 0.770781
-0.075915 -0.632561 0.770781
-0.097552 0.097551 0.990438
-0.097552 0.097551 0.990438
-0.097552 0.097551 0.990438
-0.097552 0.097551 0.990438
-0.062361 0.771506 0.633158
-0.062361 0.771506 0.633158
-0.062361 0.771506 0.633158
-0.062361 0.771506 0.633158
-0.075915 0.632559 0.770783
-0.075915 0.632559 0.770783
-0.075915 0.632559 0.770783
-0.075915 0.632559 0.770783
-0.062360 -0.771510 0.633153
-0.062360 -0.771510 0.633153
-0.062360 -0.771510 0.633153
-0.062360 -0.771510 0.633153
-0.097551 -0.097551 0.990438
-0.097551 -0.097551 0.990438
-0.097551 -0.097551 0.990438
-0.097551 -0.097551 0.990438
-0.093835 -0.289003 0.952718
-0.093835 -0.289003 0.952718
-0.093835 -0.289003 0.952718
-0.093835 -0.289003 0.952718
-0.086536 0.469632 0.878611
-0.086536 0.469632 0.878611
-0.086536 0.469632 0.878611
-0.086536 0.469632 0.878611
-0.028579 0.956549 0.290168
-0.028579 0.956549 0.290168
-0.028579 0.956549 0.290168
-0.028579 0.956549 0.290168
-0.046379 -0.880969 0.470895
-0.046379 -0.880969 0.470895
-0.046379 -0.880969 0.470895
-0.046379 -0.880969 0.470895
-0.084639 0.956547 0.279023
-0.084639 0.956547 0.279023
-0.084639 0.956547 0.279023
-0.084639 0.956547 0.279023
-0.137356 -0.880967 0.452802
-0.137356 -0.880967 0.452802
-0.137356 -0.880967 0.452802
-0.137356 -0.880967 0.452802
-0.277898 -0.289002 0.916106
-0.277898 -0.289002 0.916106
-0.277898 -0.289002 0.916106
-0.277898 -0.289002 0.916106
-0.256281 0.469626 0.844850
-0.256281 0.469626 0.844850
-0.256281 0.469626 0.844850
-0.256281 0.469626 0.844850
-0.277898 0.289001 0.916106
-0.277898 0.289001 0.916106
-0.277898 0.289001 0.916106
-0.277898 0.289001 0.916106
-0.137354 0.880973 0.452792
-0.137354 0.880973 0.452792
-0.137354 0.880973 0.452792
-0.137354 0.880973 0.452792
-0.084637 -0.956551 0.279011
-0.084637 -0.956551 0.279011
-0.084637 -0.956551 0.279011
-0.084637 -0.956551 0.279011
-0.256283 -0.469629 0.844848
-0.256283 -0.469629 0.844848
-0.256283 -0.469629 0.844848
-0.256283 -0.469629 0.844848
-0.224829 -0.632563 0.741158
-0.224829 -0.632563 0.741158
-0.224829 -0.632563 0.741158
-0.224829 -0.632563 0.741158
-0.288903 0.097551 0.952376
-0.288903 0.097551 0.952376
-0.288903 0.097551 0.952376
-0.288903 0.097551 0.952376
-0.184686 0.771507 0.608825
-0.184686 0.771507 0.608825
-0.184686 0.771507 0.608825
-0.184686 0.771507 0.608825
-0.184684 -0.771513 0.608818
-0.184684 -0.771513 0.608818
-0.184684 -0.771513 0.608818
-0.184684 -0.771513 0.608818
-0.288899 -0.097550 0.952377
-0.288899 -0.097550 0.952377
-0.288899 -0.097550 0.952377
-0.288899 -0.097550 0.952377
-0.224827 0.632558 0.741164
-0.224827 0.632558 0.741164
-0.224827 0.632558 0.741164
-0.224827 0.632558 0.741164
-0.469145 -0.097550 0.877717
-0.469145 -0.097550 0.877717
-0.469145 -0.097550 0.877717
-0.469145 -0.097550 0.877717
-0.365104 0.632565 0.683052
-0.365104 0.632565 0.683052
-0.365104 0.632565 0.683052
-0.365104 0.632565 0.683052
-0.299912 -0.771513 0.561088
-0.299912 -0.771513 0.561088
-0.299912 -0.771513 0.561088
-0.299912 -0.771513 0.561088
-0.223053 -0.880967 0.417306
-0.223053 -0.880967 0.417306
-0.223053 -0.880967 0.417306
-0.223053 -0.880967 0.417306
-0.451280 -0.289003 0.844289
-0.451280 -0.289003 0.844289
-0.451280 -0.289003 0.844289
-0.451280 -0.289003 0.844289
-0.416178 0.469626 0.778619
-0.416178 0.469626 0.778619
-0.416178 0.469626 0.778619
-0.416178 0.469626 0.778619
-0.137446 0.956550 0.257141
-0.137446 0.956550 0.257141
-0.137446 0.956550 0.257141
-0.137446 0.956550 0.257141
-0.137442 -0.956552 0.257135
-0.137442 -0.956552 0.257135
-0.137442 -0.956552 0.257135
-0.137442 -0.956552 0.257135
-0.416180 -0.469628 0.778616
-0.416180 -0.469628 0.778616
-0.416180 -0.469628 0.778616
-0.416180 -0.469628 0.778616
-0.451279 0.289002 0.844290
-0.451279 0.289002 0.844290
-0.451279 0.289002 0.844290
-0.451279 0.289002 0.844290
-0.223050 0.880972 0.417298
-0.223050 0.880972 0.417298
-0.223050 0.880972 0.417298
-0.223050 0.880972 0.417298
-0.299912 0.771506 0.561098
-0.299912 0.771506 0.561098
-0.299912 0.771506 0.561098
-0.299912 0.771506 0.561098
-0.365102 -0.632562 0.683056
-0.365102 -0.632562 0.683056
-0.365102 -0.632562 0.683056
-0.365102 -0.632562 0.683056
-0.469146 0.097550 0.877716
-0.469146 0.097550 0.877716
-0.469146 0.097550 0.877716
-0.469146 0.097550 0.877716
-0.491345 -0.632563 0.598702
-0.491345 -0.632563 0.598702
-0.491345 -0.632563 0.598702
-0.491345 -0.632563 0.598702
-0.631368 0.097550 0.769323
-0.631368 0.097550 0.769323
-0.631368 0.097550 0.769323
-0.631368 0.097550 0.769323
-0.403615 0.771507 0.491804
-0.403615 0.771507 0.491804
-0.403615 0.771507 0.491804
-0.403615 0.771507 0.491804
-0.403611 -0.771510 0.491804
-0.403611 -0.771510 0.491804
-0.403611 -0.771510 0.491804
-0.403611 -0.771510 0.491804
-0.631368 -0.097550 0.769323
-0.631368 -0.097550 0.769323
-0.631368 -0.097550 0.769323
-0.631368 -0.097550 0.769323
-0.491343 0.632560 0.598707
-0.491343 0.632560 0.598707
-0.491343 0.632560 0.598707
-0.491343 0.632560 0.598707
-0.560081 0.469627 0.682466
-0.560081 0.469627 0.682466
-0.560081 0.469627 0.682466
-0.560081 0.469627 0.682466
-0.184972 0.956551 0.225378
-0.184972 0.956551 0.225378
-0.184972 0.956551 0.225378
-0.184972 0.956551 0.225378
-0.300179 -0.880968 0.365770
-0.300179 -0.880968 0.365770
-0.300179 -0.880968 0.365770
-0.300179 -0.880968 0.365770
-0.607324 -0.289004 0.740023
-0.607324 -0.289004 0.740023
-0.607324 -0.289004 0.740023
-0.607324 -0.289004 0.740023
-0.560082 -0.469628 0.682464
-0.560082 -0.469628 0.682464
-0.560082 -0.469628 0.682464
-0.560082 -0.469628 0.682464
-0.607326 0.289005 0.740021
-0.607326 0.289005 0.740021
-0.607326 0.289005 0.740021
-0.607326 0.289005 0.740021
-0.300176 0.880972 0.365763
-0.300176 0.880972 0.365763
-0.300176 0.880972 0.365763
-0.300176 0.880972 0.365763
-0.184965 -0.956551 0.225386
-0.184965 -0.956551 0.225386
-0.184965 -0.956551 0.225386
-0.184965 -0.956551 0.225386
-0.365765 0.880973 0.300172
-0.365765 0.880973 0.300172
-0.365765 0.880973 0.300172
-0.365765 0.880973 0.300172
-0.225382 -0.956554 0.184950
-0.225382 -0.956554 0.184950
-0.225382 -0.956554 0.184950
-0.225382 -0.956554 0.184950
-0.682464 -0.469628 0.560083
-0.682464 -0.469628 0.560083
-0.682464 -0.469628 0.560083
-0.682464 -0.469628 0.560083
-0.740025 0.289003 0.607322
-0.740025 0.289003 0.607322
-0.740025 0.289003 0.607322
-0.740025 0.289003 0.607322
-0.769323 0.097551 0.631368
-0.769323 0.097551 0.631368
-0.769323 0.097551 0.631368
-0.769323 0.097551 0.631368
-0.491806 0.771507 0.403613
-0.491806 0.771507 0.403613
-0.491806 0.771507 0.403613
-0.491806 0.771507 0.403613
-0.598703 -0.632561 0.491346
-0.598703 -0.632561 0.491346
-0.598703 -0.632561 0.491346
-0.598703 -0.632561 0.491346
-0.491802 -0.771511 0.403610
-0.491802 -0.771511 0.403610
-0.491802 -0.771511 0.403610
-0.491802 -0.771511 0.403610
-0.769324 -0.097550 0.631367
-0.769324 -0.097550 0.631367
-0.769324 -0.097550 0.631367
-0.769324 -0.097550 0.631367
-0.598704 0.632562 0.491344
-0.598704 0.632562 0.491344
-0.598704 0.632562 0.491344
-0.598704 0.632562 0.491344
-0.365770 -0.880970 0.300174
-0.365770 -0.880970 0.300174
-0.365770 -0.880970 0.300174
-0.365770 -0.880970 0.300174
-0.740025 -0.289002 0.607323
-0.740025 -0.289002 0.607323
-0.740025 -0.289002 0.607323
-0.740025 -0.289002 0.607323
-0.682463 0.469627 0.560084
-0.682463 0.469627 0.560084
-0.682463 0.469627 0.560084
-0.682463 0.469627 0.560084
-0.225389 0.956552 0.184952
-0.225389 0.956552 0.184952
-0.225389 0.956552 0.184952
-0.225389 0.956552 0.184952
-0.844288 -0.289003 0.451281
-0.844288 -0.289003 0.451281
-0.844288 -0.289003 0.451281
-0.844288 -0.289003 0.451281
-0.778620 0.469629 0.416173
-0.778620 0.469629 0.416173
-0.778620 0.469629 0.416173
-0.778620 0.469629 0.416173
-0.257143 0.956550 0.137439
-0.257143 0.956550 0.137439
-0.257143 0.956550 0.137439
-0.257143 0.956550 0.137439
-0.417303 -0.880968 0.223054
-0.417303 -0.880968 0.223054
-0.417303 -0.880968 0.223054
-0.417303 -0.880968 0.223054
-0.257136 -0.956552 0.137439
-0.257136 -0.956552 0.137439
-0.257136 -0.956552 0.137439
-0.257136 -0.956552 0.137439
-0.778617 -0.469627 0.416180
-0.778617 -0.469627 0.416180
-0.778617 -0.469627 0.416180
-0.778617 -0.469627 0.416180
-0.844288 0.289003 0.451281
-0.844288 0.289003 0.451281
-0.844288 0.289003 0.451281
-0.844288 0.289003 0.451281
-0.417298 0.880973 0.223046
-0.417298 0.880973 0.223046
-0.417298 0.880973 0.223046
-0.417298 0.880973 0.223046
-0.683058 -0.632562 0.365099
-0.683058 -0.632562 0.365099
-0.683058 -0.632562 0.365099
-0.683058 -0.632562 0.365099
-0.877715 0.097552 0.469147
-0.877715 0.097552 0.469147
-0.877715 0.097552 0.469147
-0.877715 0.097552 0.469147
-0.561098 0.771508 0.299908
-0.561098 0.771508 0.299908
-0.561098 0.771508 0.299908
-0.561098 0.771508 0.299908
-0.683057 0.632561 0.365103
-0.683057 0.632561 0.365103
-0.683057 0.632561 0.365103
-0.683057 0.632561 0.365103
-0.561092 -0.771510 0.299912
-0.561092 -0.771510 0.299912
-0.561092 -0.771510 0.299912
-0.561092 -0.771510 0.299912
-0.877715 -0.097552 0.469148
-0.877715 -0.097552 0.469148
-0.877715 -0.097552 0.469148
-0.877715 -0.097552 0.469148
-0.608820 -0.771510 0.184690
-0.608820 -0.771510 0.184690
-0.608820 -0.771510 0.184690
-0.608820 -0.771510 0.184690
-0.952376 -0.097551 0.288899
-0.952376 -0.097551 0.288899
-0.952376 -0.097551 0.288899
-0.952376 -0.097551 0.288899
-0.741159 0.632560 0.224835
-0.741159 0.632560 0.224835
-0.741159 0.632560 0.224835
-0.741159 0.632560 0.224835
-0.279017 0.956550 0.084626
-0.279017 0.956550 0.084626
-0.279017 0.956550 0.084626
-0.279017 0.956550 0.084626
-0.452801 -0.880969 0.137351
-0.452801 -0.880969 0.137351
-0.452801 -0.880969 0.137351
-0.452801 -0.880969 0.137351
-0.916106 -0.289003 0.277899
-0.916106 -0.289003 0.277899
-0.916106 -0.289003 0.277899
-0.916106 -0.289003 0.277899
-0.844848 0.469628 0.256283
-0.844848 0.469628 0.256283
-0.844848 0.469628 0.256283
-0.844848 0.469628 0.256283
-0.916106 0.289003 0.277899
-0.916106 0.289003 0.277899
-0.916106 0.289003 0.277899
-0.916106 0.289003 0.277899
-0.452794 0.880971 0.137361
-0.452794 0.880971 0.137361
-0.452794 0.880971 0.137361
-0.452794 0.880971 0.137361
-0.279009 -0.956551 0.084642
-0.279009 -0.956551 0.084642
-0.279009 -0.956551 0.084642
-0.279009 -0.956551 0.084642
-0.844849 -0.469628 0.256282
-0.844849 -0.469628 0.256282
-0.844849 -0.469628 0.256282
-0.844849 -0.469628 0.256282
-0.741160 -0.632561 0.224828
-0.741160 -0.632561 0.224828
-0.741160 -0.632561 0.224828
-0.741160 -0.632561 0.224828
-0.952377 0.097551 0.288899
-0.952377 0.097551 0.288899
-0.952377 0.097551 0.288899
-0.952377 0.097551 0.288899
-0.608827 0.771507 0.184681
-0.608827 0.771507 0.184681
-0.608827 0.771507 0.184681
-0.608827 0.771507 0.184681
-0.098016 0.995138 -0.009693
-0.098016 0.995138 -0.009693
-0.098016 0.995138 -0.009693
-0.098024 -0.995137 -0.009667
-0.098024 -0.995137 -0.009667
-0.098024 -0.995137 -0.009667
-0.094249 0.995137 -0.028612
-0.094249 0.995137 -0.028612
-0.094249 0.995137 -0.028612
-0.094257 -0.995138 -0.028570
-0.094257 -0.995138 -0.028570
-0.094257 -0.995138 -0.028570
-0.086868 -0.995138 -0.046410
-0.086868 -0.995138 -0.046410
-0.086868 -0.995138 -0.046410
-0.086861 0.995140 -0.046384
-0.086861 0.995140 -0.046384
-0.086861 0.995140 -0.046384
-0.076140 -0.995137 -0.062497
-0.076140 -0.995137 -0.062497
-0.076140 -0.995137 -0.062497
-0.076134 0.995136 -0.062507
-0.076134 0.995136 -0.062507
-0.076134 0.995136 -0.062507
-0.062487 -0.995136 -0.076150
-0.062487 -0.995136 -0.076150
-0.062487 -0.995136 -0.076150
-0.062481 0.995136 -0.076159
-0.062481 0.995136 -0.076159
-0.062481 0.995136 -0.076159
-0.046428 0.995138 -0.086862
-0.046428 0.995138 -0.086862
-0.046428 0.995138 -0.086862
-0.046432 -0.995136 -0.086880
-0.046432 -0.995136 -0.086880
-0.046432 -0.995136 -0.086880
-0.028592 -0.995137 -0.094257
-0.028592 -0.995137 -0.094257
-0.028592 -0.995137 -0.094257
-0.028590 0.995138 -0.094251
-0.028590 0.995138 -0.094251
-0.028590 0.995138 -0.094251
-0.009655 -0.995138 -0.098019
-0.009655 -0.995138 -0.098019
-0.009655 -0.995138 -0.098019
-0.009654 0.995139 -0.098010
-0.009654 0.995139 -0.098010
-0.009654 0.995139 -0.098010
0.009655 -0.995137 -0.098023
0.009655 -0.995137 -0.098023
0.009655 -0.995137 -0.098023
0.009654 0.995138 -0.098015
0.009654 0.995138 -0.098015
0.009654 0.995138 -0.098015
0.028590 0.995139 -0.094236
0.028590 0.995139 -0.094236
0.028590 0.995139 -0.094236
0.028592 -0.995137 -0.094259
0.028592 -0.995137 -0.094259
0.028592 -0.995137 -0.094259
0.046432 -0.995138 -0.086862
0.046432 -0.995138 -0.086862
0.046432 -0.995138 -0.086862
0.046428 0.995139 -0.086854
0.046428 0.995139 -0.086854
0.046428 0.995139 -0.086854
0.062487 -0.995139 -0.076120
0.062487 -0.995139 -0.076120
0.062487 -0.995139 -0.076120
0.062481 0.995138 -0.076130
0.062481 0.995138 -0.076130
0.062481 0.995138 -0.076130
0.076141 -0.995137 -0.062494
0.076141 -0.995137 -0.062494
0.076141 -0.995137 -0.062494
0.076134 0.995141 -0.062435
0.076134 0.995141 -0.062435
0.076134 0.995141 -0.062435
0.086860 0.995136 -0.046470
0.086860 0.995136 -0.046470
0.086860 0.995136 -0.046470
0.086868 -0.995139 -0.046387
0.086868 -0.995139 -0.046387
0.086868 -0.995139 -0.046387
0.094258 -0.995138 -0.028579
0.094258 -0.995138 -0.028579
0.094258 -0.995138 -0.028579
0.094249 0.995138 -0.028583
0.094249 0.995138 -0.028583
0.094249 0.995138 -0.028583
0.098025 -0.995137 -0.009675
0.098025 -0.995137 -0.009675
0.098025 -0.995137 -0.009675
0.098016 0.995138 -0.009682
0.098016 0.995138 -0.009682
0.098016 0.995138 -0.009682
0.098024 -0.995137 0.009670
0.098024 -0.995137 0.009670
0.098024 -0.995137 0.009670
0.098016 0.995138 0.009689
0.098016 0.995138 0.009689
0.098016 0.995138 0.009689
0.094249 0.995139 0.028557
0.094249 0.995139 0.028557
0.094249 0.995139 0.028557
0.094257 -0.995138 0.028575
0.094257 -0.995138 0.028575
0.094257 -0.995138 0.028575
0.086868 -0.995137 0.046429
0.086868 -0.995137 0.046429
0.086868 -0.995137 0.046429
0.086860 0.995139 0.046409
0.086860 0.995139 0.046409
0.086860 0.995139 0.046409
0.076141 -0.995137 0.062492
0.076141 -0.995137 0.062492
0.076141 -0.995137 0.062492
0.076134 0.995138 0.062479
0.076134 0.995138 0.062479
0.076134 0.995138 0.062479
0.062487 -0.995139 0.076117
0.062487 -0.995139 0.076117
0.062487 -0.995139 0.076117
0.062481 0.995138 0.076130
0.062481 0.995138 0.076130
0.062481 0.995138 0.076130
0.046432 -0.995136 0.086877
0.046432 -0.995136 0.086877
0.046432 -0.995136 0.086877
0.046428 0.995139 0.086850
0.046428 0.995139 0.086850
0.046428 0.995139 0.086850
0.028590 0.995140 0.094232
0.028590 0.995140 0.094232
0.028590 0.995140 0.094232
0.028593 -0.995138 0.094254
0.028593 -0.995138 0.094254
0.028593 -0.995138 0.094254
0.009654 -0.995136 0.098031
0.009654 -0.995136 0.098031
0.009654 -0.995136 0.098031
0.009654 0.995139 0.098006
0.009654 0.995139 0.098006
0.009654 0.995139 0.098006
-0.009655 -0.995137 0.098026
-0.009655 -0.995137 0.098026
-0.009655 -0.995137 0.098026
-0.009654 0.995138 0.098012
-0.009654 0.995138 0.098012
-0.009654 0.995138 0.098012
-0.028593 -0.995138 0.094253
-0.028593 -0.995138 0.094253
-0.028593 -0.995138 0.094253
-0.028590 0.995139 0.094240
-0.028590 0.995139 0.094240
-0.028590 0.995139 0.094240
-0.046428 0.995139 0.086848
-0.046428 0.995139 0.086848
-0.046428 0.995139 0.086848
-0.046432 -0.995135 0.086894
-0.046432 -0.995135 0.086894
-0.046432 -0.995135 0.086894
-0.062487 -0.995137 0.076144
-0.062487 -0.995137 0.076144
-0.062487 -0.995137 0.076144
-0.062482 0.995136 0.076162
-0.062482 0.995136 0.076162
-0.062482 0.995136 0.076162
-0.076141 -0.995136 0.062507
-0.076141 -0.995136 0.062507
-0.076141 -0.995136 0.062507
-0.076134 0.995136 0.062515
-0.076134 0.995136 0.062515
-0.076134 0.995136 0.062515
-0.086868 -0.995137 0.046443
-0.086868 -0.995137 0.046443
-0.086868 -0.995137 0.046443
-0.086860 0.995136 0.046474
-0.086860 0.995136 0.046474
-0.086860 0.995136 0.046474
-0.094249 0.995140 0.028538
-0.094249 0.995140 0.028538
-0.094249 0.995140 0.028538
-0.094258 -0.995136 0.028636
-0.094258 -0.995136 0.028636
-0.094258 -0.995136 0.028636
-0.633158 0.771506 0.062359
-0.633158 0.771506 0.062359
-0.633158 0.771506 0.062359
-0.633158 0.771506 0.062359
-0.098024 -0.995137 0.009677
-0.098024 -0.995137 0.009677
-0.098024 -0.995137 0.009677
-0.770779 -0.632562 0.075921
-0.770779 -0.632562 0.075921
-0.770779 -0.632562 0.075921
-0.770779 -0.632562 0.075921
-0.990438 0.097550 0.097554
-0.990438 0.097550 0.097554
-0.990438 0.097550 0.097554
-0.990438 0.097550 0.097554
-0.990438 -0.097550 0.097554
-0.990438 -0.097550 0.097554
-0.990438 -0.097550 0.097554
-0.990438 -0.097550 0.097554
-0.770779 0.632563 0.075918
-0.770779 0.632563 0.075918
-0.770779 0.632563 0.075918
-0.770779 0.632563 0.075918
-0.098016 0.995138 0.009679
-0.098016 0.995138 0.009679
-0.098016 0.995138 0.009679
-0.633153 -0.771511 0.062362
-0.633153 -0.771511 0.062362
-0.633153 -0.771511 0.062362
-0.633153 -0.771511 0.062362
-0.470897 -0.880969 0.046374
-0.470897 -0.880969 0.046374
-0.470897 -0.880969 0.046374
-0.470897 -0.880969 0.046374
-0.952718 -0.289004 0.093837
-0.952718 -0.289004 0.093837
-0.952718 -0.289004 0.093837
-0.952718 -0.289004 0.093837
-0.878613 0.469627 0.086539
-0.878613 0.469627 0.086539
-0.878613 0.469627 0.086539
-0.878613 0.469627 0.086539
-0.290167 0.956550 0.028557
-0.290167 0.956550 0.028557
-0.290167 0.956550 0.028557
-0.290167 0.956550 0.028557
-0.290159 -0.956551 0.028584
-0.290159 -0.956551 0.028584
-0.290159 -0.956551 0.028584
-0.290159 -0.956551 0.028584
-0.878613 -0.469627 0.086542
-0.878613 -0.469627 0.086542
-0.878613 -0.469627 0.086542
-0.878613 -0.469627 0.086542
-0.952718 0.289004 0.093838
-0.952718 0.289004 0.093838
-0.952718 0.289004 0.093838
-0.952718 0.289004 0.093838
-0.470890 0.880972 0.046378
-0.470890 0.880972 0.046378
-0.470890 0.880972 0.046378
-0.470890 0.880972 0.046378
-0.633153 -0.771510 -0.062359
-0.633153 -0.771510 -0.062359
-0.633153 -0.771510 -0.062359
-0.633153 -0.771510 -0.062359
-0.990438 -0.097549 -0.097549
-0.990438 -0.097549 -0.097549
-0.990438 -0.097549 -0.097549
-0.990438 -0.097549 -0.097549
-0.770779 0.632563 -0.075916
-0.770779 0.632563 -0.075916
-0.770779 0.632563 -0.075916
-0.770779 0.632563 -0.075916
-0.470896 -0.880969 -0.046376
-0.470896 -0.880969 -0.046376
-0.470896 -0.880969 -0.046376
-0.470896 -0.880969 -0.046376
-0.952717 -0.289006 -0.093835
-0.952717 -0.289006 -0.093835
-0.952717 -0.289006 -0.093835
-0.952717 -0.289006 -0.093835
-0.878614 0.469626 -0.086538
-0.878614 0.469626 -0.086538
-0.878614 0.469626 -0.086538
-0.878614 0.469626 -0.086538
-0.290167 0.956549 -0.028585
-0.290167 0.956549 -0.028585
-0.290167 0.956549 -0.028585
-0.290167 0.956549 -0.028585
-0.470890 0.880972 -0.046390
-0.470890 0.880972 -0.046390
-0.470890 0.880972 -0.046390
-0.470890 0.880972 -0.046390
-0.290159 -0.956551 -0.028587
-0.290159 -0.956551 -0.028587
-0.290159 -0.956551 -0.028587
-0.290159 -0.956551 -0.028587
-0.878614 -0.469626 -0.086534
-0.878614 -0.469626 -0.086534
-0.878614 -0.469626 -0.086534
-0.878614 -0.469626 -0.086534
-0.952718 0.289005 -0.093835
-0.952718 0.289005 -0.093835
-0.952718 0.289005 -0.093835
-0.952718 0.289005 -0.093835
-0.990438 0.097550 -0.097551
-0.990438 0.097550 -0.097551
-0.990438 0.097550 -0.097551
-0.990438 0.097550 -0.097551
-0.633159 0.771506 -0.062363
-0.633159 0.771506 -0.062363
-0.633159 0.771506 -0.062363
-0.633159 0.771506 -0.062363
-0.770779 -0.632563 -0.075915
-0.770779 -0.632563 -0.075915
-0.770779 -0.632563 -0.075915
-0.770779 -0.632563 -0.075915
-0.608821 -0.771510 -0.184687
-0.608821 -0.771510 -0.184687
-0.608821 -0.771510 -0.184687
-0.608821 -0.771510 -0.184687
-0.952377 -0.097550 -0.288899
-0.952377 -0.097550 -0.288899
-0.952377 -0.097550 -0.288899
-0.952377 -0.097550 -0.288899
-0.741159 0.632563 -0.224828
-0.741159 0.632563 -0.224828
-0.741159 0.632563 -0.224828
-0.741159 0.632563 -0.224828
-0.279017 0.956552 -0.084605
-0.279017 0.956552 -0.084605
-0.279017 0.956552 -0.084605
-0.279017 0.956552 -0.084605
-0.452801 -0.880970 -0.137344
-0.452801 -0.880970 -0.137344
-0.452801 -0.880970 -0.137344
-0.452801 -0.880970 -0.137344
-0.916104 -0.289005 -0.277900
-0.916104 -0.289005 -0.277900
-0.916104 -0.289005 -0.277900
-0.916104 -0.289005 -0.277900
-0.844850 0.469627 -0.256279
-0.844850 0.469627 -0.256279
-0.844850 0.469627 -0.256279
-0.844850 0.469627 -0.256279
-0.916106 0.289005 -0.277896
-0.916106 0.289005 -0.277896
-0.916106 0.289005 -0.277896
-0.916106 0.289005 -0.277896
-0.452794 0.880972 -0.137357
-0.452794 0.880972 -0.137357
-0.452794 0.880972 -0.137357
-0.452794 0.880972 -0.137357
-0.279009 -0.956552 -0.084636
-0.279009 -0.956552 -0.084636
-0.279009 -0.956552 -0.084636
-0.279009 -0.956552 -0.084636
-0.844849 -0.469626 -0.256285
-0.844849 -0.469626 -0.256285
-0.844849 -0.469626 -0.256285
-0.844849 -0.469626 -0.256285
-0.741160 -0.632564 -0.224823
-0.741160 -0.632564 -0.224823
-0.741160 -0.632564 -0.224823
-0.741160 -0.632564 -0.224823
-0.952376 0.097550 -0.288900
-0.952376 0.097550 -0.288900
-0.952376 0.097550 -0.288900
-0.952376 0.097550 -0.288900
-0.608827 0.771506 -0.184684
-0.608827 0.771506 -0.184684
-0.608827 0.771506 -0.184684
-0.608827 0.771506 -0.184684
-0.561099 0.771507 -0.299910
-0.561099 0.771507 -0.299910
-0.561099 0.771507 -0.299910
-0.561099 0.771507 -0.299910
-0.683054 -0.632561 -0.365108
-0.683054 -0.632561 -0.365108
-0.683054 -0.632561 -0.365108
-0.683054 -0.632561 -0.365108
-0.877715 0.097550 -0.469148
-0.877715 0.097550 -0.469148
-0.877715 0.097550 -0.469148
-0.877715 0.097550 -0.469148
-0.877715 -0.097550 -0.469148
-0.877715 -0.097550 -0.469148
-0.877715 -0.097550 -0.469148
-0.877715 -0.097550 -0.469148
-0.683056 0.632563 -0.365102
-0.683056 0.632563 -0.365102
-0.683056 0.632563 -0.365102
-0.683056 0.632563 -0.365102
-0.561093 -0.771510 -0.299912
-0.561093 -0.771510 -0.299912
-0.561093 -0.771510 -0.299912
-0.561093 -0.771510 -0.299912
-0.417304 -0.880970 -0.223044
-0.417304 -0.880970 -0.223044
-0.417304 -0.880970 -0.223044
-0.417304 -0.880970 -0.223044
-0.844288 -0.289005 -0.451281
-0.844288 -0.289005 -0.451281
-0.844288 -0.289005 -0.451281
-0.844288 -0.289005 -0.451281
-0.778616 0.469626 -0.416184
-0.778616 0.469626 -0.416184
-0.778616 0.469626 -0.416184
-0.778616 0.469626 -0.416184
-0.257143 0.956548 -0.137454
-0.257143 0.956548 -0.137454
-0.257143 0.956548 -0.137454
-0.257143 0.956548 -0.137454
-0.257136 -0.956551 -0.137444
-0.257136 -0.956551 -0.137444
-0.257136 -0.956551 -0.137444
-0.257136 -0.956551 -0.137444
-0.778617 -0.469626 -0.416182
-0.778617 -0.469626 -0.416182
-0.778617 -0.469626 -0.416182
-0.778617 -0.469626 -0.416182
-0.844288 0.289004 -0.451280
-0.844288 0.289004 -0.451280
-0.844288 0.289004 -0.451280
-0.844288 0.289004 -0.451280
-0.417298 0.880974 -0.223042
-0.417298 0.880974 -0.223042
-0.417298 0.880974 -0.223042
-0.417298 0.880974 -0.223042
-0.682464 -0.469626 -0.560084
-0.682464 -0.469626 -0.560084
-0.682464 -0.469626 -0.560084
-0.682464 -0.469626 -0.560084
-0.740025 0.289005 -0.607322
-0.740025 0.289005 -0.607322
-0.740025 0.289005 -0.607322
-0.740025 0.289005 -0.607322
-0.365764 0.880972 -0.300174
-0.365764 0.880972 -0.300174
-0.365764 0.880972 -0.300174
-0.365764 0.880972 -0.300174
-0.225381 -0.956554 -0.184956
-0.225381 -0.956554 -0.184956
-0.225381 -0.956554 -0.184956
-0.225381 -0.956554 -0.184956
-0.598705 -0.632565 -0.491338
-0.598705 -0.632565 -0.491338
-0.598705 -0.632565 -0.491338
-0.598705 -0.632565 -0.491338
-0.769325 0.097550 -0.631367
-0.769325 0.097550 -0.631367
-0.769325 0.097550 -0.631367
-0.769325 0.097550 -0.631367
-0.491807 0.771507 -0.403613
-0.491807 0.771507 -0.403613
-0.491807 0.771507 -0.403613
-0.491807 0.771507 -0.403613
-0.491801 -0.771509 -0.403615
-0.491801 -0.771509 -0.403615
-0.491801 -0.771509 -0.403615
-0.491801 -0.771509 -0.403615
-0.769325 -0.097550 -0.631366
-0.769325 -0.097550 -0.631366
-0.769325 -0.097550 -0.631366
-0.769325 -0.097550 -0.631366
-0.598704 0.632564 -0.491341
-0.598704 0.632564 -0.491341
-0.598704 0.632564 -0.491341
-0.598704 0.632564 -0.491341
-0.682464 0.469627 -0.560083
-0.682464 0.469627 -0.560083
-0.682464 0.469627 -0.560083
-0.682464 0.469627 -0.560083
-0.225387 0.956549 -0.184973
-0.225387 0.956549 -0.184973
-0.225387 0.956549 -0.184973
-0.225387 0.956549 -0.184973
-0.365769 -0.880968 -0.300182
-0.365769 -0.880968 -0.300182
-0.365769 -0.880968 -0.300182
-0.365769 -0.880968 -0.300182
-0.740026 -0.289006 -0.607319
-0.740026 -0.289006 -0.607319
-0.740026 -0.289006 -0.607319
-0.740026 -0.289006 -0.607319
-0.300179 -0.880968 -0.365770
-0.300179 -0.880968 -0.365770
-0.300179 -0.880968 -0.365770
-0.300179 -0.880968 -0.365770
-0.607321 -0.289005 -0.740026
-0.607321 -0.289005 -0.740026
-0.607321 -0.289005 -0.740026
-0.607321 -0.289005 -0.740026
-0.560083 0.469627 -0.682465
-0.560083 0.469627 -0.682465
-0.560083 0.469627 -0.682465
-0.560083 0.469627 -0.682465
-0.184971 0.956552 -0.225377
-0.184971 0.956552 -0.225377
-0.184971 0.956552 -0.225377
-0.184971 0.956552 -0.225377
-0.300174 0.880970 -0.365770
-0.300174 0.880970 -0.365770
-0.300174 0.880970 -0.365770
-0.300174 0.880970 -0.365770
-0.184966 -0.956554 -0.225370
-0.184966 -0.956554 -0.225370
-0.184966 -0.956554 -0.225370
-0.184966 -0.956554 -0.225370
-0.560083 -0.469625 -0.682465
-0.560083 -0.469625 -0.682465
-0.560083 -0.469625 -0.682465
-0.560083 -0.469625 -0.682465
-0.607321 0.289005 -0.740025
-0.607321 0.289005 -0.740025
-0.607321 0.289005 -0.740025
-0.607321 0.289005 -0.740025
-0.631368 0.097550 -0.769324
-0.631368 0.097550 -0.769324
-0.631368 0.097550 -0.769324
-0.631368 0.097550 -0.769324
-0.403614 0.771505 -0.491809
-0.403614 0.771505 -0.491809
-0.403614 0.771505 -0.491809
-0.403614 0.771505 -0.491809
-0.491343 -0.632562 -0.598705
-0.491343 -0.632562 -0.598705
-0.491343 -0.632562 -0.598705
-0.491343 -0.632562 -0.598705
-0.403611 -0.771509 -0.491804
-0.403611 -0.771509 -0.491804
-0.403611 -0.771509 -0.491804
-0.403611 -0.771509 -0.491804
-0.631368 -0.097551 -0.769323
-0.631368 -0.097551 -0.769323
-0.631368 -0.097551 -0.769323
-0.631368 -0.097551 -0.769323
-0.491342 0.632561 -0.598706
-0.491342 0.632561 -0.598706
-0.491342 0.632561 -0.598706
-0.491342 0.632561 -0.598706
-0.365100 0.632561 -0.683058
-0.365100 0.632561 -0.683058
-0.365100 0.632561 -0.683058
-0.365100 0.632561 -0.683058
-0.299910 -0.771512 -0.561091
-0.299910 -0.771512 -0.561091
-0.299910 -0.771512 -0.561091
-0.299910 -0.771512 -0.561091
-0.469149 -0.097551 -0.877715
-0.469149 -0.097551 -0.877715
-0.469149 -0.097551 -0.877715
-0.469149 -0.097551 -0.877715
-0.451281 -0.289004 -0.844288
-0.451281 -0.289004 -0.844288
-0.451281 -0.289004 -0.844288
-0.451281 -0.289004 -0.844288
-0.416179 0.469627 -0.778617
-0.416179 0.469627 -0.778617
-0.416179 0.469627 -0.778617
-0.416179 0.469627 -0.778617
-0.137446 0.956550 -0.257140
-0.137446 0.956550 -0.257140
-0.137446 0.956550 -0.257140
-0.137446 0.956550 -0.257140
-0.223053 -0.880968 -0.417304
-0.223053 -0.880968 -0.417304
-0.223053 -0.880968 -0.417304
-0.223053 -0.880968 -0.417304
-0.137442 -0.956550 -0.257142
-0.137442 -0.956550 -0.257142
-0.137442 -0.956550 -0.257142
-0.137442 -0.956550 -0.257142
-0.416180 -0.469625 -0.778618
-0.416180 -0.469625 -0.778618
-0.416180 -0.469625 -0.778618
-0.416180 -0.469625 -0.778618
-0.451282 0.289005 -0.844287
-0.451282 0.289005 -0.844287
-0.451282 0.289005 -0.844287
-0.451282 0.289005 -0.844287
-0.223051 0.880973 -0.417295
-0.223051 0.880973 -0.417295
-0.223051 0.880973 -0.417295
-0.223051 0.880973 -0.417295
-0.365101 -0.632563 -0.683056
-0.365101 -0.632563 -0.683056
-0.365101 -0.632563 -0.683056
-0.365101 -0.632563 -0.683056
-0.469152 0.097552 -0.877713
-0.469152 0.097552 -0.877713
-0.469152 0.097552 -0.877713
-0.469152 0.097552 -0.877713
-0.299912 0.771505 -0.561100
-0.299912 0.771505 -0.561100
-0.299912 0.771505 -0.561100
-0.299912 0.771505 -0.561100
-0.224827 -0.632563 -0.741159
-0.224827 -0.632563 -0.741159
-0.224827 -0.632563 -0.741159
-0.224827 -0.632563 -0.741159
-0.288901 0.097552 -0.952376
-0.288901 0.097552 -0.952376
-0.288901 0.097552 -0.952376
-0.288901 0.097552 -0.952376
-0.184686 0.771506 -0.608826
-0.184686 0.771506 -0.608826
-0.184686 0.771506 -0.608826
-0.184686 0.771506 -0.608826
-0.184685 -0.771510 -0.608821
-0.184685 -0.771510 -0.608821
-0.184685 -0.771510 -0.608821
-0.184685 -0.771510 -0.608821
-0.288900 -0.097551 -0.952376
-0.288900 -0.097551 -0.952376
-0.288900 -0.097551 -0.952376
-0.288900 -0.097551 -0.952376
-0.224829 0.632562 -0.741159
-0.224829 0.632562 -0.741159
-0.224829 0.632562 -0.741159
-0.224829 0.632562 -0.741159
-0.084639 0.956548 -0.279020
-0.084639 0.956548 -0.279020
-0.084639 0.956548 -0.279020
-0.084639 0.956548 -0.279020
-0.137357 -0.880970 -0.452797
-0.137357 -0.880970 -0.452797
-0.137357 -0.880970 -0.452797
-0.137357 -0.880970 -0.452797
-0.277895 -0.289002 -0.916107
-0.277895 -0.289002 -0.916107
-0.277895 -0.289002 -0.916107
-0.277895 -0.289002 -0.916107
-0.256281 0.469627 -0.844849
-0.256281 0.469627 -0.844849
-0.256281 0.469627 -0.844849
-0.256281 0.469627 -0.844849
-0.277898 0.289006 -0.916105
-0.277898 0.289006 -0.916105
-0.277898 0.289006 -0.916105
-0.277898 0.289006 -0.916105
-0.137354 0.880971 -0.452797
-0.137354 0.880971 -0.452797
-0.137354 0.880971 -0.452797
-0.137354 0.880971 -0.452797
-0.084636 -0.956549 -0.279017
-0.084636 -0.956549 -0.279017
-0.084636 -0.956549 -0.279017
-0.084636 -0.956549 -0.279017
-0.256280 -0.469625 -0.844851
-0.256280 -0.469625 -0.844851
-0.256280 -0.469625 -0.844851
-0.256280 -0.469625 -0.844851
-0.028578 -0.956553 -0.290155
-0.028578 -0.956553 -0.290155
-0.028578 -0.956553 -0.290155
-0.028578 -0.956553 -0.290155
-0.086537 -0.469630 -0.878612
-0.086537 -0.469630 -0.878612
-0.086537 -0.469630 -0.878612
-0.086537 -0.469630 -0.878612
-0.093835 0.289006 -0.952717
-0.093835 0.289006 -0.952717
-0.093835 0.289006 -0.952717
-0.093835 0.289006 -0.952717
-0.046379 0.880973 -0.470888
-0.046379 0.880973 -0.470888
-0.046379 0.880973 -0.470888
-0.046379 0.880973 -0.470888
-0.062360 0.771508 -0.633156
-0.062360 0.771508 -0.633156
-0.062360 0.771508 -0.633156
-0.062360 0.771508 -0.633156
-0.075916 -0.632562 -0.770780
-0.075916 -0.632562 -0.770780
-0.075916 -0.632562 -0.770780
-0.075916 -0.632562 -0.770780
-0.097549 0.097551 -0.990438
-0.097549 0.097551 -0.990438
-0.097549 0.097551 -0.990438
-0.097549 0.097551 -0.990438
-0.097550 -0.097552 -0.990438
-0.097550 -0.097552 -0.990438
-0.097550 -0.097552 -0.990438
-0.097550 -0.097552 -0.990438
-0.075915 0.632565 -0.770778
-0.075915 0.632565 -0.770778
-0.075915 0.632565 -0.770778
-0.075915 0.632565 -0.770778
-0.062360 -0.771510 -0.633154
-0.062360 -0.771510 -0.633154
-0.062360 -0.771510 -0.633154
-0.062360 -0.771510 -0.633154
-0.046378 -0.880967 -0.470899
-0.046378 -0.880967 -0.470899
-0.046378 -0.880967 -0.470899
-0.046378 -0.880967 -0.470899
-0.093834 -0.289002 -0.952719
-0.093834 -0.289002 -0.952719
-0.093834 -0.289002 -0.952719
-0.093834 -0.289002 -0.952719
-0.086536 0.469625 -0.878615
-0.086536 0.469625 -0.878615
-0.086536 0.469625 -0.878615
-0.086536 0.469625 -0.878615
-0.028578 0.956549 -0.290167
-0.028578 0.956549 -0.290167
-0.028578 0.956549 -0.290167
-0.028578 0.956549 -0.290167
0.086536 0.469624 -0.878615
0.086536 0.469624 -0.878615
0.086536 0.469624 -0.878615
0.086536 0.469624 -0.878615
0.028579 0.956548 -0.290170
0.028579 0.956548 -0.290170
0.028579 0.956548 -0.290170
0.028579 0.956548 -0.290170
0.046379 -0.880969 -0.470896
0.046379 -0.880969 -0.470896
0.046379 -0.880969 -0.470896
0.046379 -0.880969 -0.470896
0.093835 -0.289006 -0.952718
0.093835 -0.289006 -0.952718
0.093835 -0.289006 -0.952718
0.093835 -0.289006 -0.952718
0.086537 -0.469627 -0.878613
0.086537 -0.469627 -0.878613
0.086537 -0.469627 -0.878613
0.086537 -0.469627 -0.878613
0.093834 0.289003 -0.952718
0.093834 0.289003 -0.952718
0.093834 0.289003 -0.952718
0.093834 0.289003 -0.952718
0.046379 0.880973 -0.470888
0.046379 0.880973 -0.470888
0.046379 0.880973 -0.470888
0.046379 0.880973 -0.470888
0.028578 -0.956551 -0.290160
0.028578 -0.956551 -0.290160
0.028578 -0.956551 -0.290160
0.028578 -0.956551 -0.290160
0.075916 -0.632564 -0.770778
0.075916 -0.632564 -0.770778
0.075916 -0.632564 -0.770778
0.075916 -0.632564 -0.770778
0.097549 0.097551 -0.990438
0.097549 0.097551 -0.990438
0.097549 0.097551 -0.990438
0.097549 0.097551 -0.990438
0.062361 0.771507 -0.633157
0.062361 0.771507 -0.633157
0.062361 0.771507 -0.633157
0.062361 0.771507 -0.633157
0.062360 -0.771512 -0.633152
0.062360 -0.771512 -0.633152
0.062360 -0.771512 -0.633152
0.062360 -0.771512 -0.633152
0.097549 -0.097551 -0.990438
0.097549 -0.097551 -0.990438
0.097549 -0.097551 -0.990438
0.097549 -0.097551 -0.990438
0.075916 0.632568 -0.770775
0.075916 0.632568 -0.770775
0.075916 0.632568 -0.770775
0.075916 0.632568 -0.770775
0.184684 -0.771509 -0.608823
0.184684 -0.771509 -0.608823
0.184684 -0.771509 -0.608823
0.184684 -0.771509 -0.608823
0.288900 -0.097550 -0.952376
0.288900 -0.097550 -0.952376
0.288900 -0.097550 -0.952376
0.288900 -0.097550 -0.952376
0.224829 0.632567 -0.741155
0.224829 0.632567 -0.741155
0.224829 0.632567 -0.741155
0.224829 0.632567 -0.741155
0.137356 -0.880967 -0.452803
0.137356 -0.880967 -0.452803
0.137356 -0.880967 -0.452803
0.137356 -0.880967 -0.452803
0.277898 -0.289006 -0.916105
0.277898 -0.289006 -0.916105
0.277898 -0.289006 -0.916105
0.277898 -0.289006 -0.916105
0.256281 0.469626 -0.844850
0.256281 0.469626 -0.844850
0.256281 0.469626 -0.844850
0.256281 0.469626 -0.844850
0.084639 0.956548 -0.279022
0.084639 0.956548 -0.279022
0.084639 0.956548 -0.279022
0.084639 0.956548 -0.279022
0.137354 0.880975 -0.452788
0.137354 0.880975 -0.452788
0.137354 0.880975 -0.452788
0.137354 0.880975 -0.452788
0.084637 -0.956553 -0.279005
0.084637 -0.956553 -0.279005
0.084637 -0.956553 -0.279005
0.084637 -0.956553 -0.279005
0.256281 -0.469626 -0.844850
0.256281 -0.469626 -0.844850
0.256281 -0.469626 -0.844850
0.256281 -0.469626 -0.844850
0.277895 0.289003 -0.916107
0.277895 0.289003 -0.916107
0.277895 0.289003 -0.916107
0.277895 0.289003 -0.916107
0.288902 0.097551 -0.952376
0.288902 0.097551 -0.952376
0.288902 0.097551 -0.952376
0.288902 0.097551 -0.952376
0.184686 0.771511 -0.608820
0.184686 0.771511 -0.608820
0.184686 0.771511 -0.608820
0.184686 0.771511 -0.608820
0.224829 -0.632564 -0.741158
0.224829 -0.632564 -0.741158
0.224829 -0.632564 -0.741158
0.224829 -0.632564 -0.741158
0.365100 -0.632561 -0.683058
0.365100 -0.632561 -0.683058
0.365100 -0.632561 -0.683058
0.365100 -0.632561 -0.683058
0.469151 0.097550 -0.877714
0.469151 0.097550 -0.877714
0.469151 0.097550 -0.877714
0.469151 0.097550 -0.877714
0.299911 0.771502 -0.561104
0.299911 0.771502 -0.561104
0.299911 0.771502 -0.561104
0.299911 0.771502 -0.561104
0.365101 0.632562 -0.683057
0.365101 0.632562 -0.683057
0.365101 0.632562 -0.683057
0.365101 0.632562 -0.683057
0.299911 -0.771513 -0.561090
0.299911 -0.771513 -0.561090
0.299911 -0.771513 -0.561090
0.299911 -0.771513 -0.561090
0.469149 -0.097550 -0.877715
0.469149 -0.097550 -0.877715
0.469149 -0.097550 -0.877715
0.469149 -0.097550 -0.877715
0.451282 -0.289005 -0.844287
0.451282 -0.289005 -0.844287
0.451282 -0.289005 -0.844287
0.451282 -0.289005 -0.844287
0.416177 0.469624 -0.778620
0.416177 0.469624 -0.778620
0.416177 0.469624 -0.778620
0.416177 0.469624 -0.778620
0.137446 0.956551 -0.257136
0.137446 0.956551 -0.257136
0.137446 0.956551 -0.257136
0.137446 0.956551 -0.257136
0.223054 -0.880970 -0.417299
0.223054 -0.880970 -0.417299
0.223054 -0.880970 -0.417299
0.223054 -0.880970 -0.417299
0.137442 -0.956550 -0.257143
0.137442 -0.956550 -0.257143
0.137442 -0.956550 -0.257143
0.137442 -0.956550 -0.257143
0.416179 -0.469626 -0.778619
0.416179 -0.469626 -0.778619
0.416179 -0.469626 -0.778619
0.416179 -0.469626 -0.778619
0.451281 0.289004 -0.844288
0.451281 0.289004 -0.844288
0.451281 0.289004 -0.844288
0.451281 0.289004 -0.844288
0.223051 0.880975 -0.417289
0.223051 0.880975 -0.417289
0.223051 0.880975 -0.417289
0.223051 0.880975 -0.417289
0.607320 0.289004 -0.740026
0.607320 0.289004 -0.740026
0.607320 0.289004 -0.740026
0.607320 0.289004 -0.740026
0.300174 0.880970 -0.365769
0.300174 0.880970 -0.365769
0.300174 0.880970 -0.365769
0.300174 0.880970 -0.365769
0.184965 -0.956550 -0.225388
0.184965 -0.956550 -0.225388
0.184965 -0.956550 -0.225388
0.184965 -0.956550 -0.225388
0.560082 -0.469625 -0.682466
0.560082 -0.469625 -0.682466
0.560082 -0.469625 -0.682466
0.560082 -0.469625 -0.682466
0.491344 -0.632563 -0.598703
0.491344 -0.632563 -0.598703
0.491344 -0.632563 -0.598703
0.491344 -0.632563 -0.598703
0.631370 0.097550 -0.769322
0.631370 0.097550 -0.769322
0.631370 0.097550 -0.769322
0.631370 0.097550 -0.769322
0.403615 0.771506 -0.491807
0.403615 0.771506 -0.491807
0.403615 0.771506 -0.491807
0.403615 0.771506 -0.491807
0.403612 -0.771512 -0.491800
0.403612 -0.771512 -0.491800
0.403612 -0.771512 -0.491800
0.403612 -0.771512 -0.491800
0.631369 -0.097550 -0.769323
0.631369 -0.097550 -0.769323
0.631369 -0.097550 -0.769323
0.631369 -0.097550 -0.769323
0.491343 0.632562 -0.598705
0.491343 0.632562 -0.598705
0.491343 0.632562 -0.598705
0.491343 0.632562 -0.598705
0.184971 0.956550 -0.225386
0.184971 0.956550 -0.225386
0.184971 0.956550 -0.225386
0.184971 0.956550 -0.225386
0.300180 -0.880969 -0.365767
0.300180 -0.880969 -0.365767
0.300180 -0.880969 -0.365767
0.300180 -0.880969 -0.365767
0.607323 -0.289005 -0.740024
0.607323 -0.289005 -0.740024
0.607323 -0.289005 -0.740024
0.607323 -0.289005 -0.740024
0.560086 0.469629 -0.682460
0.560086 0.469629 -0.682460
0.560086 0.469629 -0.682460
0.560086 0.469629 -0.682460
0.365770 -0.880969 -0.300177
0.365770 -0.880969 -0.300177
0.365770 -0.880969 -0.300177
0.365770 -0.880969 -0.300177
0.740023 -0.289004 -0.607324
0.740023 -0.289004 -0.607324
0.740023 -0.289004 -0.607324
0.740023 -0.289004 -0.607324
0.682463 0.469627 -0.560085
0.682463 0.469627 -0.560085
0.682463 0.469627 -0.560085
0.682463 0.469627 -0.560085
0.225388 0.956552 -0.184956
0.225388 0.956552 -0.184956
0.225388 0.956552 -0.184956
0.225388 0.956552 -0.184956
0.225382 -0.956553 -0.184959
0.225382 -0.956553 -0.184959
0.225382 -0.956553 -0.184959
0.225382 -0.956553 -0.184959
0.682464 -0.469627 -0.560083
0.682464 -0.469627 -0.560083
0.682464 -0.469627 -0.560083
0.682464 -0.469627 -0.560083
0.740021 0.289003 -0.607327
0.740021 0.289003 -0.607327
0.740021 0.289003 -0.607327
0.740021 0.289003 -0.607327
0.365765 0.880972 -0.300174
0.365765 0.880972 -0.300174
0.365765 0.880972 -0.300174
0.365765 0.880972 -0.300174
0.491805 0.771505 -0.403619
0.491805 0.771505 -0.403619
0.491805 0.771505 -0.403619
0.491805 0.771505 -0.403619
0.598703 -0.632562 -0.491345
0.598703 -0.632562 -0.491345
0.598703 -0.632562 -0.491345
0.598703 -0.632562 -0.491345
0.769323 0.097550 -0.631368
0.769323 0.097550 -0.631368
0.769323 0.097550 -0.631368
0.769323 0.097550 -0.631368
0.769323 -0.097550 -0.631369
0.769323 -0.097550 -0.631369
0.769323 -0.097550 -0.631369
0.769323 -0.097550 -0.631369
0.598704 0.632562 -0.491344
0.598704 0.632562 -0.491344
0.598704 0.632562 -0.491344
0.598704 0.632562 -0.491344
0.491803 -0.771512 -0.403609
0.491803 -0.771512 -0.403609
0.491803 -0.771512 -0.403609
0.491803 -0.771512 -0.403609
0.561093 -0.771510 -0.299913
0.561093 -0.771510 -0.299913
0.561093 -0.771510 -0.299913
0.561093 -0.771510 -0.299913
0.877714 -0.097550 -0.469150
0.877714 -0.097550 -0.469150
0.877714 -0.097550 -0.469150
0.877714 -0.097550 -0.469150
0.683057 0.632564 -0.365097
0.683057 0.632564 -0.365097
0.683057 0.632564 -0.365097
0.683057 0.632564 -0.365097
0.778620 0.469628 -0.416174
0.778620 0.469628 -0.416174
0.778620 0.469628 -0.416174
0.778620 0.469628 -0.416174
0.257143 0.956548 -0.137454
0.257143 0.956548 -0.137454
0.257143 0.956548 -0.137454
0.257143 0.956548 -0.137454
0.417303 -0.880968 -0.223057
0.417303 -0.880968 -0.223057
0.417303 -0.880968 -0.223057
0.417303 -0.880968 -0.223057
0.844287 -0.289004 -0.451283
0.844287 -0.289004 -0.451283
0.844287 -0.289004 -0.451283
0.844287 -0.289004 -0.451283
0.778617 -0.469626 -0.416181
0.778617 -0.469626 -0.416181
0.778617 -0.469626 -0.416181
0.778617 -0.469626 -0.416181
0.844289 0.289005 -0.451278
0.844289 0.289005 -0.451278
0.844289 0.289005 -0.451278
0.844289 0.289005 -0.451278
0.417297 0.880971 -0.223056
0.417297 0.880971 -0.223056
0.417297 0.880971 -0.223056
0.417297 0.880971 -0.223056
0.257136 -0.956550 -0.137451
0.257136 -0.956550 -0.137451
0.257136 -0.956550 -0.137451
0.257136 -0.956550 -0.137451
0.683057 -0.632563 -0.365099
0.683057 -0.632563 -0.365099
0.683057 -0.632563 -0.365099
0.683057 -0.632563 -0.365099
0.877715 0.097550 -0.469148
0.877715 0.097550 -0.469148
0.877715 0.097550 -0.469148
0.877715 0.097550 -0.469148
0.561099 0.771508 -0.299906
0.561099 0.771508 -0.299906
0.561099 0.771508 -0.299906
0.561099 0.771508 -0.299906
0.952376 0.097550 -0.288900
0.952376 0.097550 -0.288900
0.952376 0.097550 -0.288900
0.952376 0.097550 -0.288900
0.608826 0.771505 -0.184690
0.608826 0.771505 -0.184690
0.608826 0.771505 -0.184690
0.608826 0.771505 -0.184690
0.741159 -0.632563 -0.224828
0.741159 -0.632563 -0.224828
0.741159 -0.632563 -0.224828
0.741159 -0.632563 -0.224828
0.608821 -0.771510 -0.184685
0.608821 -0.771510 -0.184685
0.608821 -0.771510 -0.184685
0.608821 -0.771510 -0.184685
0.952377 -0.097550 -0.288899
0.952377 -0.097550 -0.288899
0.952377 -0.097550 -0.288899
0.952377 -0.097550 -0.288899
0.741159 0.632562 -0.224830
0.741159 0.632562 -0.224830
0.741159 0.632562 -0.224830
0.741159 0.632562 -0.224830
0.452800 -0.880967 -0.137364
0.452800 -0.880967 -0.137364
0.452800 -0.880967 -0.137364
0.452800 -0.880967 -0.137364
0.916105 -0.289005 -0.277898
0.916105 -0.289005 -0.277898
0.916105 -0.289005 -0.277898
0.916105 -0.289005 -0.277898
0.844849 0.469628 -0.256280
0.844849 0.469628 -0.256280
0.844849 0.469628 -0.256280
0.844849 0.469628 -0.256280
0.279016 0.956549 -0.084641
0.279016 0.956549 -0.084641
0.279016 0.956549 -0.084641
0.279016 0.956549 -0.084641
0.452794 0.880973 -0.137350
0.452794 0.880973 -0.137350
0.452794 0.880973 -0.137350
0.452794 0.880973 -0.137350
0.279008 -0.956551 -0.084648
0.279008 -0.956551 -0.084648
0.279008 -0.956551 -0.084648
0.279008 -0.956551 -0.084648
0.844849 -0.469627 -0.256281
0.844849 -0.469627 -0.256281
0.844849 -0.469627 -0.256281
0.844849 -0.469627 -0.256281
0.916105 0.289005 -0.277898
0.916105 0.289005 -0.277898
0.916105 0.289005 -0.277898
0.916105 0.289005 -0.277898
0.290160 -0.956552 -0.028553
0.290160 -0.956552 -0.028553
0.290160 -0.956552 -0.028553
0.290160 -0.956552 -0.028553
0.878613 -0.469628 -0.086533
0.878613 -0.469628 -0.086533
0.878613 -0.469628 -0.086533
0.878613 -0.469628 -0.086533
0.952718 0.289004 -0.093836
0.952718 0.289004 -0.093836
0.952718 0.289004 -0.093836
0.952718 0.289004 -0.093836
0.470890 0.880972 -0.046379
0.470890 0.880972 -0.046379
0.470890 0.880972 -0.046379
0.470890 0.880972 -0.046379
0.770780 -0.632562 -0.075917
0.770780 -0.632562 -0.075917
0.770780 -0.632562 -0.075917
0.770780 -0.632562 -0.075917
0.990438 0.097551 -0.097549
0.990438 0.097551 -0.097549
0.990438 0.097551 -0.097549
0.990438 0.097551 -0.097549
0.633158 0.771505 -0.062372
0.633158 0.771505 -0.062372
0.633158 0.771505 -0.062372
0.633158 0.771505 -0.062372
0.770781 0.632562 -0.075915
0.770781 0.632562 -0.075915
0.770781 0.632562 -0.075915
0.770781 0.632562 -0.075915
0.633153 -0.771511 -0.062355
0.633153 -0.771511 -0.062355
0.633153 -0.771511 -0.062355
0.633153 -0.771511 -0.062355
0.990438 -0.097551 -0.097550
0.990438 -0.097551 -0.097550
0.990438 -0.097551 -0.097550
0.990438 -0.097551 -0.097550
0.952718 -0.289004 -0.093833
0.952718 -0.289004 -0.093833
0.952718 -0.289004 -0.093833
0.952718 -0.289004 -0.093833
0.878613 0.469628 -0.086537
0.878613 0.469628 -0.086537
0.878613 0.469628 -0.086537
0.878613 0.469628 -0.086537
0.290167 0.956549 -0.028576
0.290167 0.956549 -0.028576
0.290167 0.956549 -0.028576
0.290167 0.956549 -0.028576
0.470897 -0.880968 -0.046377
0.470897 -0.880968 -0.046377
0.470897 -0.880968 -0.046377
0.470897 -0.880968 -0.046377
0.290167 0.956549 0.028584
0.290167 0.956549 0.028584
0.290167 0.956549 0.028584
0.290167 0.956549 0.028584
0.470897 -0.880968 0.046382
0.470897 -0.880968 0.046382
0.470897 -0.880968 0.046382
0.470897 -0.880968 0.046382
0.952718 -0.289003 0.093835
0.952718 -0.289003 0.093835
0.952718 -0.289003 0.093835
0.952718 -0.289003 0.093835
0.878613 0.469628 0.086534
0.878613 0.469628 0.086534
0.878613 0.469628 0.086534
0.878613 0.469628 0.086534
0.952718 0.289003 0.093835
0.952718 0.289003 0.093835
0.952718 0.289003 0.093835
0.952718 0.289003 0.093835
0.470890 0.880972 0.046380
0.470890 0.880972 0.046380
0.470890 0.880972 0.046380
0.470890 0.880972 0.046380
0.290159 -0.956552 0.028577
0.290159 -0.956552 0.028577
0.290159 -0.956552 0.028577
0.290159 -0.956552 0.028577
0.878613 -0.469628 0.086533
0.878613 -0.469628 0.086533
0.878613 -0.469628 0.086533
0.878613 -0.469628 0.086533
0.770780 -0.632562 0.075919
0.770780 -0.632562 0.075919
0.770780 -0.632562 0.075919
0.770780 -0.632562 0.075919
0.990438 0.097552 0.097550
0.990438 0.097552 0.097550
0.990438 0.097552 0.097550
0.990438 0.097552 0.097550
0.633159 0.771506 0.062356
0.633159 0.771506 0.062356
0.633159 0.771506 0.062356
0.633159 0.771506 0.062356
0.633153 -0.771511 0.062357
0.633153 -0.771511 0.062357
0.633153 -0.771511 0.062357
0.633153 -0.771511 0.062357
0.990438 -0.097552 0.097550
0.990438 -0.097552 0.097550
0.990438 -0.097552 0.097550
0.990438 -0.097552 0.097550
0.770780 0.632562 0.075916
0.770780 0.632562 0.075916
0.770780 0.632562 0.075916
0.770780 0.632562 0.075916
0.952377 -0.097552 0.288899
0.952377 -0.097552 0.288899
0.952377 -0.097552 0.288899
0.952377 -0.097552 0.288899
0.741159 0.632562 0.224829
0.741159 0.632562 0.224829
0.741159 0.632562 0.224829
0.741159 0.632562 0.224829
0.608821 -0.771510 0.184688
0.608821 -0.771510 0.184688
0.608821 -0.771510 0.184688
0.608821 -0.771510 0.184688
0.452801 -0.880969 0.137349
0.452801 -0.880969 0.137349
0.452801 -0.880969 0.137349
0.452801 -0.880969 0.137349
0.916105 -0.289004 0.277899
0.916105 -0.289004 0.277899
0.916105 -0.289004 0.277899
0.916105 -0.289004 0.277899
0.844849 0.469628 0.256279
0.844849 0.469628 0.256279
0.844849 0.469628 0.256279
0.844849 0.469628 0.256279
0.279016 0.956548 0.084654
0.279016 0.956548 0.084654
0.279016 0.956548 0.084654
0.279016 0.956548 0.084654
0.279009 -0.956552 0.084633
0.279009 -0.956552 0.084633
0.279009 -0.956552 0.084633
0.279009 -0.956552 0.084633
0.844848 -0.469628 0.256283
0.844848 -0.469628 0.256283
0.844848 -0.469628 0.256283
0.844848 -0.469628 0.256283
0.916106 0.289004 0.277897
0.916106 0.289004 0.277897
0.916106 0.289004 0.277897
0.916106 0.289004 0.277897
0.452794 0.880971 0.137357
0.452794 0.880971 0.137357
0.452794 0.880971 0.137357
0.452794 0.880971 0.137357
0.608826 0.771506 0.184686
0.608826 0.771506 0.184686
0.608826 0.771506 0.184686
0.608826 0.771506 0.184686
0.741159 -0.632562 0.224830
0.741159 -0.632562 0.224830
0.741159 -0.632562 0.224830
0.741159 -0.632562 0.224830
0.952376 0.097552 0.288900
0.952376 0.097552 0.288900
0.952376 0.097552 0.288900
0.952376 0.097552 0.288900
0.683056 -0.632562 0.365102
0.683056 -0.632562 0.365102
0.683056 -0.632562 0.365102
0.683056 -0.632562 0.365102
0.877716 0.097551 0.469147
0.877716 0.097551 0.469147
0.877716 0.097551 0.469147
0.877716 0.097551 0.469147
0.561099 0.771507 0.299907
0.561099 0.771507 0.299907
0.561099 0.771507 0.299907
0.561099 0.771507 0.299907
0.561092 -0.771510 0.299914
0.561092 -0.771510 0.299914
0.561092 -0.771510 0.299914
0.561092 -0.771510 0.299914
0.877714 -0.097551 0.469150
0.877714 -0.097551 0.469150
0.877714 -0.097551 0.469150
0.877714 -0.097551 0.469150
0.683056 0.632563 0.365101
0.683056 0.632563 0.365101
0.683056 0.632563 0.365101
0.683056 0.632563 0.365101
0.778616 0.469627 0.416181
0.778616 0.469627 0.416181
0.778616 0.469627 0.416181
0.778616 0.469627 0.416181
0.257143 0.956548 0.137456
0.257143 0.956548 0.137456
0.257143 0.956548 0.137456
0.257143 0.956548 0.137456
0.417302 -0.880967 0.223061
0.417302 -0.880967 0.223061
0.417302 -0.880967 0.223061
0.417302 -0.880967 0.223061
0.844287 -0.289004 0.451283
0.844287 -0.289004 0.451283
0.844287 -0.289004 0.451283
0.844287 -0.289004 0.451283
0.778618 -0.469628 0.416177
0.778618 -0.469628 0.416177
0.778618 -0.469628 0.416177
0.778618 -0.469628 0.416177
0.844288 0.289004 0.451281
0.844288 0.289004 0.451281
0.844288 0.289004 0.451281
0.844288 0.289004 0.451281
0.417298 0.880973 0.223046
0.417298 0.880973 0.223046
0.417298 0.880973 0.223046
0.417298 0.880973 0.223046
0.257137 -0.956554 0.137424
0.257137 -0.956554 0.137424
0.257137 -0.956554 0.137424
0.257137 -0.956554 0.137424
0.365764 0.880972 0.300175
0.365764 0.880972 0.300175
0.365764 0.880972 0.300175
0.365764 0.880972 0.300175
0.225382 -0.956554 0.184953
0.225382 -0.956554 0.184953
0.225382 -0.956554 0.184953
0.225382 -0.956554 0.184953
0.682462 -0.469627 0.560086
0.682462 -0.469627 0.560086
0.682462 -0.469627 0.560086
0.682462 -0.469627 0.560086
0.740025 0.289004 0.607322
0.740025 0.289004 0.607322
0.740025 0.289004 0.607322
0.740025 0.289004 0.607322
0.769324 0.097551 0.631366
0.769324 0.097551 0.631366
0.769324 0.097551 0.631366
0.769324 0.097551 0.631366
0.491807 0.771506 0.403614
0.491807 0.771506 0.403614
0.491807 0.771506 0.403614
0.491807 0.771506 0.403614
0.598705 -0.632563 0.491341
0.598705 -0.632563 0.491341
0.598705 -0.632563 0.491341
0.598705 -0.632563 0.491341
0.491802 -0.771511 0.403610
0.491802 -0.771511 0.403610
0.491802 -0.771511 0.403610
0.491802 -0.771511 0.403610
0.769323 -0.097551 0.631369
0.769323 -0.097551 0.631369
0.769323 -0.097551 0.631369
0.769323 -0.097551 0.631369
0.598705 0.632563 0.491341
0.598705 0.632563 0.491341
0.598705 0.632563 0.491341
0.598705 0.632563 0.491341
0.365769 -0.880965 0.300189
0.365769 -0.880965 0.300189
0.365769 -0.880965 0.300189
0.365769 -0.880965 0.300189
0.740026 -0.289005 0.607321
0.740026 -0.289005 0.607321
0.740026 -0.289005 0.607321
0.740026 -0.289005 0.607321
0.682463 0.469627 0.560084
0.682463 0.469627 0.560084
0.682463 0.469627 0.560084
0.682463 0.469627 0.560084
0.225388 0.956551 0.184963
0.225388 0.956551 0.184963
0.225388 0.956551 0.184963
0.225388 0.956551 0.184963
0.607325 -0.289005 0.740022
0.607325 -0.289005 0.740022
0.607325 -0.289005 0.740022
0.607325 -0.289005 0.740022
0.560084 0.469628 0.682463
0.560084 0.469628 0.682463
0.560084 0.469628 0.682463
0.560084 0.469628 0.682463
0.184971 0.956550 0.225384
0.184971 0.956550 0.225384
0.184971 0.956550 0.225384
0.184971 0.956550 0.225384
0.300179 -0.880969 0.365768
0.300179 -0.880969 0.365768
0.300179 -0.880969 0.365768
0.300179 -0.880969 0.365768
0.184966 -0.956553 0.225377
0.184966 -0.956553 0.225377
0.184966 -0.956553 0.225377
0.184966 -0.956553 0.225377
0.560080 -0.469626 0.682467
0.560080 -0.469626 0.682467
0.560080 -0.469626 0.682467
0.560080 -0.469626 0.682467
0.607322 0.289003 0.740025
0.607322 0.289003 0.740025
0.607322 0.289003 0.740025
0.607322 0.289003 0.740025
0.300174 0.880970 0.365768
0.300174 0.880970 0.365768
0.300174 0.880970 0.365768
0.300174 0.880970 0.365768
0.491345 -0.632563 0.598702
0.491345 -0.632563 0.598702
0.491345 -0.632563 0.598702
0.491345 -0.632563 0.598702
0.631368 0.097552 0.769323
0.631368 0.097552 0.769323
0.631368 0.097552 0.769323
0.631368 0.097552 0.769323
0.403614 0.771505 0.491809
0.403614 0.771505 0.491809
0.403614 0.771505 0.491809
0.403614 0.771505 0.491809
0.491344 0.632563 0.598703
0.491344 0.632563 0.598703
0.491344 0.632563 0.598703
0.491344 0.632563 0.598703
0.403611 -0.771509 0.491805
0.403611 -0.771509 0.491805
0.403611 -0.771509 0.491805
0.403611 -0.771509 0.491805
0.631367 -0.097552 0.769324
0.631367 -0.097552 0.769324
0.631367 -0.097552 0.769324
0.631367 -0.097552 0.769324
0.223053 -0.880970 0.417300
0.223053 -0.880970 0.417300
0.223053 -0.880970 0.417300
0.223053 -0.880970 0.417300
0.451280 -0.289003 0.844289
0.451280 -0.289003 0.844289
0.451280 -0.289003 0.844289
0.451280 -0.289003 0.844289
0.416179 0.469627 0.778618
0.416179 0.469627 0.778618
0.416179 0.469627 0.778618
0.416179 0.469627 0.778618
0.137446 0.956549 0.257143
0.137446 0.956549 0.257143
0.137446 0.956549 0.257143
0.137446 0.956549 0.257143
0.137442 -0.956550 0.257142
0.137442 -0.956550 0.257142
0.137442 -0.956550 0.257142
0.137442 -0.956550 0.257142
0.416181 -0.469631 0.778615
0.416181 -0.469631 0.778615
0.416181 -0.469631 0.778615
0.416181 -0.469631 0.778615
0.451282 0.289004 0.844287
0.451282 0.289004 0.844287
0.451282 0.289004 0.844287
0.451282 0.289004 0.844287
0.223050 0.880973 0.417296
0.223050 0.880973 0.417296
0.223050 0.880973 0.417296
0.223050 0.880973 0.417296
0.299913 0.771507 0.561096
0.299913 0.771507 0.561096
0.299913 0.771507 0.561096
0.299913 0.771507 0.561096
0.365101 -0.632561 0.683058
0.365101 -0.632561 0.683058
0.365101 -0.632561 0.683058
0.365101 -0.632561 0.683058
0.469150 0.097551 0.877714
0.469150 0.097551 0.877714
0.469150 0.097551 0.877714
0.469150 0.097551 0.877714
0.469150 -0.097550 0.877714
0.469150 -0.097550 0.877714
0.469150 -0.097550 0.877714
0.469150 -0.097550 0.877714
0.365100 0.632561 0.683058
0.365100 0.632561 0.683058
0.365100 0.632561 0.683058
0.365100 0.632561 0.683058
0.299909 -0.771509 0.561097
0.299909 -0.771509 0.561097
0.299909 -0.771509 0.561097
0.299909 -0.771509 0.561097
0.184683 -0.771510 0.608823
0.184683 -0.771510 0.608823
0.184683 -0.771510 0.608823
0.184683 -0.771510 0.608823
0.288901 -0.097550 0.952376
0.288901 -0.097550 0.952376
0.288901 -0.097550 0.952376
0.288901 -0.097550 0.952376
0.224828 0.632561 0.741161
0.224828 0.632561 0.741161
0.224828 0.632561 0.741161
0.224828 0.632561 0.741161
0.256281 0.469629 0.844848
0.256281 0.469629 0.844848
0.256281 0.469629 0.844848
0.256281 0.469629 0.844848
0.084639 0.956550 0.279014
0.084639 0.956550 0.279014
0.084639 0.956550 0.279014
0.084639 0.956550 0.279014
0.137355 -0.880967 0.452803
0.137355 -0.880967 0.452803
0.137355 -0.880967 0.452803
0.137355 -0.880967 0.452803
0.277898 -0.289006 0.916105
0.277898 -0.289006 0.916105
0.277898 -0.289006 0.916105
0.277898 -0.289006 0.916105
0.256282 -0.469630 0.844847
0.256282 -0.469630 0.844847
0.256282 -0.469630 0.844847
0.256282 -0.469630 0.844847
0.277897 0.289004 0.916106
0.277897 0.289004 0.916106
0.277897 0.289004 0.916106
0.277897 0.289004 0.916106
0.137354 0.880975 0.452789
0.137354 0.880975 0.452789
0.137354 0.880975 0.452789
0.137354 0.880975 0.452789
0.084637 -0.956551 0.279009
0.084637 -0.956551 0.279009
0.084637 -0.956551 0.279009
0.084637 -0.956551 0.279009
0.224827 -0.632559 0.741163
0.224827 -0.632559 0.741163
0.224827 -0.632559 0.741163
0.224827 -0.632559 0.741163
0.288899 0.097549 0.952377
0.288899 0.097549 0.952377
0.288899 0.097549 0.952377
0.288899 0.097549 0.952377
0.184686 0.771508 0.608824
0.184686 0.771508 0.608824
0.184686 0.771508 0.608824
0.184686 0.771508 0.608824
0.097550 0.097551 0.990438
0.097550 0.097551 0.990438
0.097550 0.097551 0.990438
0.097550 0.097551 0.990438
0.062361 0.771509 0.633155
0.062361 0.771509 0.633155
0.062361 0.771509 0.633155
0.062361 0.771509 0.633155
0.075915 -0.632562 0.770780
0.075915 -0.632562 0.770780
0.075915 -0.632562 0.770780
0.075915 -0.632562 0.770780
0.062360 -0.771514 0.633149
0.062360 -0.771514 0.633149
0.062360 -0.771514 0.633149
0.062360 -0.771514 0.633149
0.097549 -0.097550 0.990438
0.097549 -0.097550 0.990438
0.097549 -0.097550 0.990438
0.097549 -0.097550 0.990438
0.075915 0.632560 0.770782
0.075915 0.632560 0.770782
0.075915 0.632560 0.770782
0.075915 0.632560 0.770782
0.046380 -0.880969 0.470896
0.046380 -0.880969 0.470896
0.046380 -0.880969 0.470896
0.046380 -0.880969 0.470896
0.093835 -0.289006 0.952717
0.093835 -0.289006 0.952717
0.093835 -0.289006 0.952717
0.093835 -0.289006 0.952717
0.086535 0.469627 0.878614
0.086535 0.469627 0.878614
0.086535 0.469627 0.878614
0.086535 0.469627 0.878614
0.028579 0.956547 0.290174
0.028579 0.956547 0.290174
0.028579 0.956547 0.290174
0.028579 0.956547 0.290174
0.046378 0.880971 0.470893
0.046378 0.880971 0.470893
0.046378 0.880971 0.470893
0.046378 0.880971 0.470893
0.028578 -0.956552 0.290159
0.028578 -0.956552 0.290159
0.028578 -0.956552 0.290159
0.028578 -0.956552 0.290159
0.086535 -0.469628 0.878613
0.086535 -0.469628 0.878613
0.086535 -0.469628 0.878613
0.086535 -0.469628 0.878613
0.093834 0.289004 0.952718
0.093834 0.289004 0.952718
0.093834 0.289004 0.952718
0.093834 0.289004 0.952718
-0.028578 -0.956551 0.290161
-0.028578 -0.956551 0.290161
-0.028578 -0.956551 0.290161
-0.028578 -0.956551 0.290161
-0.086535 -0.469627 0.878614
-0.086535 -0.469627 0.878614
-0.086535 -0.469627 0.878614
-0.086535 -0.469627 0.878614
-0.093835 0.289005 0.952718
-0.093835 0.289005 0.952718
-0.093835 0.289005 0.952718
-0.093835 0.289005 0.952718
-0.046378 0.880971 0.470892
-0.046378 0.880971 0.470892
-0.046378 0.880971 0.470892
-0.046378 0.880971 0.470892
-0.075915 -0.632561 0.770781
-0.075915 -0.632561 0.770781
-0.075915 -0.632561 0.770781
-0.075915 -0.632561 0.770781
-0.097552 0.097552 0.990438
-0.097552 0.097552 0.990438
-0.097552 0.097552 0.990438
-0.097552 0.097552 0.990438
-0.062360 0.771506 0.633158
-0.062360 0.771506 0.633158
-0.062360 0.771506 0.633158
-0.062360 0.771506 0.633158
-0.075916 0.632559 0.770783
-0.075916 0.632559 0.770783
-0.075916 0.632559 0.770783
-0.075916 0.632559 0.770783
-0.062360 -0.771510 0.633153
-0.062360 -0.771510 0.633153
-0.062360 -0.771510 0.633153
-0.062360 -0.771510 0.633153
-0.097552 -0.097551 0.990438
-0.097552 -0.097551 0.990438
-0.097552 -0.097551 0.990438
-0.097552 -0.097551 0.990438
-0.093835 -0.289003 0.952718
-0.093835 -0.289003 0.952718
-0.093835 -0.289003 0.952718
-0.093835 -0.289003 0.952718
-0.086536 0.469632 0.878611
-0.086536 0.469632 0.878611
-0.086536 0.469632 0.878611
-0.086536 0.469632 0.878611
-0.028579 0.956549 0.290168
-0.028579 0.956549 0.290168
-0.028579 0.956549 0.290168
-0.028579 0.956549 0.290168
-0.046380 -0.880969 0.470895
-0.046380 -0.880969 0.470895
-0.046380 -0.880969 0.470895
-0.046380 -0.880969 0.470895
-0.084639 0.956547 0.279023
-0.084639 0.956547 0.279023
-0.084639 0.956547 0.279023
-0.084639 0.956547 0.279023
-0.137356 -0.880967 0.452802
-0.137356 -0.880967 0.452802
-0.137356 -0.880967 0.452802
-0.137356 -0.880967 0.452802
-0.277898 -0.289002 0.916106
-0.277898 -0.289002 0.916106
-0.277898 -0.289002 0.916106
-0.277898 -0.289002 0.916106
-0.256282 0.469626 0.844850
-0.256282 0.469626 0.844850
-0.256282 0.469626 0.844850
-0.256282 0.469626 0.844850
-0.277898 0.289001 0.916106
-0.277898 0.289001 0.916106
-0.277898 0.289001 0.916106
-0.277898 0.289001 0.916106
-0.137355 0.880973 0.452792
-0.137355 0.880973 0.452792
-0.137355 0.880973 0.452792
-0.137355 0.880973 0.452792
-0.084637 -0.956551 0.279011
-0.084637 -0.956551 0.279011
-0.084637 -0.956551 0.279011
-0.084637 -0.956551 0.279011
-0.256283 -0.469629 0.844848
-0.256283 -0.469629 0.844848
-0.256283 -0.469629 0.844848
-0.256283 -0.469629 0.844848
-0.224829 -0.632563 0.741158
-0.224829 -0.632563 0.741158
-0.224829 -0.632563 0.741158
-0.224829 -0.632563 0.741158
-0.288903 0.097552 0.952375
-0.288903 0.097552 0.952375
-0.288903 0.097552 0.952375
-0.288903 0.097552 0.952375
-0.184686 0.771507 0.608825
-0.184686 0.771507 0.608825
-0.184686 0.771507 0.608825
-0.184686 0.771507 0.608825
-0.184685 -0.771513 0.608817
-0.184685 -0.771513 0.608817
-0.184685 -0.771513 0.608817
-0.184685 -0.771513 0.608817
-0.288899 -0.097550 0.952377
-0.288899 -0.097550 0.952377
-0.288899 -0.097550 0.952377
-0.288899 -0.097550 0.952377
-0.224828 0.632558 0.741164
-0.224828 0.632558 0.741164
-0.224828 0.632558 0.741164
-0.224828 0.632558 0.741164
-0.469145 -0.097550 0.877717
-0.469145 -0.097550 0.877717
-0.469145 -0.097550 0.877717
-0.469145 -0.097550 0.877717
-0.365104 0.632565 0.683052
-0.365104 0.632565 0.683052
-0.365104 0.632565 0.683052
-0.365104 0.632565 0.683052
-0.299911 -0.771513 0.561088
-0.299911 -0.771513 0.561088
-0.299911 -0.771513 0.561088
-0.299911 -0.771513 0.561088
-0.223053 -0.880967 0.417306
-0.223053 -0.880967 0.417306
-0.223053 -0.880967 0.417306
-0.223053 -0.880967 0.417306
-0.451280 -0.289003 0.844289
-0.451280 -0.289003 0.844289
-0.451280 -0.289003 0.844289
-0.451280 -0.289003 0.844289
-0.416178 0.469626 0.778619
-0.416178 0.469626 0.778619
-0.416178 0.469626 0.778619
-0.416178 0.469626 0.778619
-0.137446 0.956550 0.257141
-0.137446 0.956550 0.257141
-0.137446 0.956550 0.257141
-0.137446 0.956550 0.257141
-0.137442 -0.956552 0.257135
-0.137442 -0.956552 0.257135
-0.137442 -0.956552 0.257135
-0.137442 -0.956552 0.257135
-0.416180 -0.469628 0.778616
-0.416180 -0.469628 0.778616
-0.416180 -0.469628 0.778616
-0.416180 -0.469628 0.778616
-0.451279 0.289002 0.844290
-0.451279 0.289002 0.844290
-0.451279 0.289002 0.844290
-0.451279 0.289002 0.844290
-0.223050 0.880972 0.417298
-0.223050 0.880972 0.417298
-0.223050 0.880972 0.417298
-0.223050 0.880972 0.417298
-0.299912 0.771506 0.561098
-0.299912 0.771506 0.561098
-0.299912 0.771506 0.561098
-0.299912 0.771506 0.561098
-0.365102 -0.632562 0.683057
-0.365102 -0.632562 0.683057
-0.365102 -0.632562 0.683057
-0.365102 -0.632562 0.683057
-0.469146 0.097550 0.877716
-0.469146 0.097550 0.877716
-0.469146 0.097550 0.877716
-0.469146 0.097550 0.877716
-0.491345 -0.632563 0.598703
-0.491345 -0.632563 0.598703
-0.491345 -0.632563 0.598703
-0.491345 -0.632563 0.598703
-0.631368 0.097550 0.769323
-0.631368 0.097550 0.769323
-0.631368 0.097550 0.769323
-0.631368 0.097550 0.769323
-0.403616 0.771507 0.491804
-0.403616 0.771507 0.491804
-0.403616 0.771507 0.491804
-0.403616 0.771507 0.491804
-0.403610 -0.771510 0.491804
-0.403610 -0.771510 0.491804
-0.403610 -0.771510 0.491804
-0.403610 -0.771510 0.491804
-0.631368 -0.097550 0.769324
-0.631368 -0.097550 0.769324
-0.631368 -0.097550 0.769324
-0.631368 -0.097550 0.769324
-0.491343 0.632560 0.598707
-0.491343 0.632560 0.598707
-0.491343 0.632560 0.598707
-0.491343 0.632560 0.598707
-0.560082 0.469626 0.682466
-0.560082 0.469626 0.682466
-0.560082 0.469626 0.682466
-0.560082 0.469626 0.682466
-0.184972 0.956551 0.225378
-0.184972 0.956551 0.225378
-0.184972 0.956551 0.225378
-0.184972 0.956551 0.225378
-0.300179 -0.880968 0.365770
-0.300179 -0.880968 0.365770
-0.300179 -0.880968 0.365770
-0.300179 -0.880968 0.365770
-0.607324 -0.289004 0.740023
-0.607324 -0.289004 0.740023
-0.607324 -0.289004 0.740023
-0.607324 -0.289004 0.740023
-0.560083 -0.469628 0.682464
-0.560083 -0.469628 0.682464
-0.560083 -0.469628 0.682464
-0.560083 -0.469628 0.682464
-0.607326 0.289005 0.740021
-0.607326 0.289005 0.740021
-0.607326 0.289005 0.740021
-0.607326 0.289005 0.740021
-0.300176 0.880972 0.365763
-0.300176 0.880972 0.365763
-0.300176 0.880972 0.365763
-0.300176 0.880972 0.365763
-0.184966 -0.956550 0.225386
-0.184966 -0.956550 0.225386
-0.184966 -0.956550 0.225386
-0.184966 -0.956550 0.225386
-0.365765 0.880973 0.300172
-0.365765 0.880973 0.300172
-0.365765 0.880973 0.300172
-0.365765 0.880973 0.300172
-0.225382 -0.956554 0.184950
-0.225382 -0.956554 0.184950
-0.225382 -0.956554 0.184950
-0.225382 -0.956554 0.184950
-0.682464 -0.469628 0.560083
-0.682464 -0.469628 0.560083
-0.682464 -0.469628 0.560083
-0.682464 -0.469628 0.560083
-0.740025 0.289003 0.607322
-0.740025 0.289003 0.607322
-0.740025 0.289003 0.607322
-0.740025 0.289003 0.607322
-0.769323 0.097551 0.631368
-0.769323 0.097551 0.631368
-0.769323 0.097551 0.631368
-0.769323 0.097551 0.631368
-0.491806 0.771507 0.403613
-0.491806 0.771507 0.403613
-0.491806 0.771507 0.403613
-0.491806 0.771507 0.403613
-0.598703 -0.632561 0.491346
-0.598703 -0.632561 0.491346
-0.598703 -0.632561 0.491346
-0.598703 -0.632561 0.491346
-0.491803 -0.771511 0.403609
-0.491803 -0.771511 0.403609
-0.491803 -0.771511 0.403609
-0.491803 -0.771511 0.403609
-0.769324 -0.097551 0.631367
-0.769324 -0.097551 0.631367
-0.769324 -0.097551 0.631367
-0.769324 -0.097551 0.631367
-0.598704 0.632562 0.491344
-0.598704 0.632562 0.491344
-0.598704 0.632562 0.491344
-0.598704 0.632562 0.491344
-0.365770 -0.880970 0.300174
-0.365770 -0.880970 0.300174
-0.365770 -0.880970 0.300174
-0.365770 -0.880970 0.300174
-0.740024 -0.289002 0.607323
-0.740024 -0.289002 0.607323
-0.740024 -0.289002 0.607323
-0.740024 -0.289002 0.607323
-0.682463 0.469627 0.560084
-0.682463 0.469627 0.560084
-0.682463 0.469627 0.560084
-0.682463 0.469627 0.560084
-0.225389 0.956552 0.184952
-0.225389 0.956552 0.184952
-0.225389 0.956552 0.184952
-0.225389 0.956552 0.184952
-0.844288 -0.289003 0.451281
-0.844288 -0.289003 0.451281
-0.844288 -0.289003 0.451281
-0.844288 -0.289003 0.451281
-0.778620 0.469629 0.416173
-0.778620 0.469629 0.416173
-0.778620 0.469629 0.416173
-0.778620 0.469629 0.416173
-0.257143 0.956550 0.137439
-0.257143 0.956550 0.137439
-0.257143 0.956550 0.137439
-0.257143 0.956550 0.137439
-0.417303 -0.880968 0.223054
-0.417303 -0.880968 0.223054
-0.417303 -0.880968 0.223054
-0.417303 -0.880968 0.223054
-0.257136 -0.956552 0.137439
-0.257136 -0.956552 0.137439
-0.257136 -0.956552 0.137439
-0.257136 -0.956552 0.137439
-0.778617 -0.469627 0.416180
-0.778617 -0.469627 0.416180
-0.778617 -0.469627 0.416180
-0.778617 -0.469627 0.416180
-0.844288 0.289003 0.451281
-0.844288 0.289003 0.451281
-0.844288 0.289003 0.451281
-0.844288 0.289003 0.451281
-0.417298 0.880973 0.223046
-0.417298 0.880973 0.223046
-0.417298 0.880973 0.223046
-0.417298 0.880973 0.223046
-0.683058 -0.632562 0.365099
-0.683058 -0.632562 0.365099
-0.683058 -0.632562 0.365099
-0.683058 -0.632562 0.365099
-0.877716 0.097551 0.469147
-0.877716 0.097551 0.469147
-0.877716 0.097551 0.469147
-0.877716 0.097551 0.469147
-0.561098 0.771507 0.299908
-0.561098 0.771507 0.299908
-0.561098 0.771507 0.299908
-0.561098 0.771507 0.299908
-0.683057 0.632561 0.365103
-0.683057 0.632561 0.365103
-0.683057 0.632561 0.365103
-0.683057 0.632561 0.365103
-0.561092 -0.771510 0.299912
-0.561092 -0.771510 0.299912
-0.561092 -0.771510 0.299912
-0.561092 -0.771510 0.299912
-0.877715 -0.097552 0.469148
-0.877715 -0.097552 0.469148
-0.877715 -0.097552 0.469148
-0.877715 -0.097552 0.469148
-0.608820 -0.771510 0.184690
-0.608820 -0.771510 0.184690
-0.608820 -0.771510 0.184690
-0.608820 -0.771510 0.184690
-0.952376 -0.097551 0.288899
-0.952376 -0.097551 0.288899
-0.952376 -0.097551 0.288899
-0.952376 -0.097551 0.288899
-0.741159 0.632560 0.224835
-0.741159 0.632560 0.224835
-0.741159 0.632560 0.224835
-0.741159 0.632560 0.224835
-0.279017 0.956550 0.084626
-0.279017 0.956550 0.084626
-0.279017 0.956550 0.084626
-0.279017 0.956550 0.084626
-0.452801 -0.880969 0.137351
-0.452801 -0.880969 0.137351
-0.452801 -0.880969 0.137351
-0.452801 -0.880969 0.137351
-0.916106 -0.289003 0.277899
-0.916106 -0.289003 0.277899
-0.916106 -0.289003 0.277899
-0.916106 -0.289003 0.277899
-0.844849 0.469628 0.256283
-0.844849 0.469628 0.256283
-0.844849 0.469628 0.256283
-0.844849 0.469628 0.256283
-0.916106 0.289003 0.277899
-0.916106 0.289003 0.277899
-0.916106 0.289003 0.277899
-0.916106 0.289003 0.277899
-0.452794 0.880971 0.137361
-0.452794 0.880971 0.137361
-0.452794 0.880971 0.137361
-0.452794 0.880971 0.137361
-0.279009 -0.956551 0.084642
-0.279009 -0.956551 0.084642
-0.279009 -0.956551 0.084642
-0.279009 -0.956551 0.084642
-0.844849 -0.469628 0.256282
-0.844849 -0.469628 0.256282
-0.844849 -0.469628 0.256282
-0.844849 -0.469628 0.256282
-0.741160 -0.632561 0.224828
-0.741160 -0.632561 0.224828
-0.741160 -0.632561 0.224828
-0.741160 -0.632561 0.224828
-0.952377 0.097551 0.288899
-0.952377 0.097551 0.288899
-0.952377 0.097551 0.288899
-0.952377 0.097551 0.288899
-0.608827 0.771507 0.184681
-0.608827 0.771507 0.184681
-0.608827 0.771507 0.184681
-0.608827 0.771507 0.184681
-0.098016 0.995138 -0.009693
-0.098016 0.995138 -0.009693
-0.098016 0.995138 -0.009693
-0.098024 -0.995137 -0.009667
-0.098024 -0.995137 -0.009667
-0.098024 -0.995137 -0.009667
-0.094249 0.995137 -0.028612
-0.094249 0.995137 -0.028612
-0.094249 0.995137 -0.028612
-0.094258 -0.995138 -0.028570
-0.094258 -0.995138 -0.028570
-0.094258 -0.995138 -0.028570
-0.086868 -0.995138 -0.046410
-0.086868 -0.995138 -0.046410
-0.086868 -0.995138 -0.046410
-0.086861 0.995140 -0.046384
-0.086861 0.995140 -0.046384
-0.086861 0.995140 -0.046384
-0.076140 -0.995137 -0.062497
-0.076140 -0.995137 -0.062497
-0.076140 -0.995137 -0.062497
-0.076134 0.995136 -0.062507
-0.076134 0.995136 -0.062507
-0.076134 0.995136 -0.062507
-0.062487 -0.995136 -0.076150
-0.062487 -0.995136 -0.076150
-0.062487 -0.995136 -0.076150
-0.062481 0.995136 -0.076159
-0.062481 0.995136 -0.076159
-0.062481 0.995136 -0.076159
-0.046428 0.995138 -0.086862
-0.046428 0.995138 -0.086862
-0.046428 0.995138 -0.086862
-0.046432 -0.995136 -0.086880
-0.046432 -0.995136 -0.086880
-0.046432 -0.995136 -0.086880
-0.028592 -0.995137 -0.094257
-0.028592 -0.995137 -0.094257
-0.028592 -0.995137 -0.094257
-0.028590 0.995138 -0.094251
-0.028590 0.995138 -0.094251
-0.028590 0.995138 -0.094251
-0.009655 -0.995138 -0.098019
-0.009655 -0.995138 -0.098019
-0.009655 -0.995138 -0.098019
-0.009654 0.995139 -0.098010
-0.009654 0.995139 -0.098010
-0.009654 0.995139 -0.098010
0.009655 -0.995137 -0.098023
0.009655 -0.995137 -0.098023
0.009655 -0.995137 -0.098023
0.009654 0.995138 -0.098015
0.009654 0.995138 -0.098015
0.009654 0.995138 -0.098015
0.028590 0.995139 -0.094236
0.028590 0.995139 -0.094236
0.028590 0.995139 -0.094236
0.028593 -0.995137 -0.094259
0.028593 -0.995137 -0.094259
0.028593 -0.995137 -0.094259
0.046432 -0.995138 -0.086862
0.046432 -0.995138 -0.086862
0.046432 -0.995138 -0.086862
0.046428 0.995139 -0.086854
0.046428 0.995139 -0.086854
0.046428 0.995139 -0.086854
0.062487 -0.995139 -0.076120
0.062487 -0.995139 -0.076120
0.062487 -0.995139 -0.076120
0.062481 0.995138 -0.076130
0.062481 0.995138 -0.076130
0.062481 0.995138 -0.076130
0.076140 -0.995137 -0.062494
0.076140 -0.995137 -0.062494
0.076140 -0.995137 -0.062494
0.076134 0.995141 -0.062435
0.076134 0.995141 -0.062435
0.076134 0.995141 -0.062435
0.086860 0.995136 -0.046470
0.086860 0.995136 -0.046470
0.086860 0.995136 -0.046470
0.086868 -0.995139 -0.046387
0.086868 -0.995139 -0.046387
0.086868 -0.995139 -0.046387
0.094258 -0.995138 -0.028579
0.094258 -0.995138 -0.028579
0.094258 -0.995138 -0.028579
0.094249 0.995138 -0.028583
0.094249 0.995138 -0.028583
0.094249 0.995138 -0.028583
0.098024 -0.995137 -0.009675
0.098024 -0.995137 -0.009675
0.098024 -0.995137 -0.009675
0.098016 0.995138 -0.009682
0.098016 0.995138 -0.009682
0.098016 0.995138 -0.009682
0.098025 -0.995137 0.009670
0.098025 -0.995137 0.009670
0.098025 -0.995137 0.009670
0.098016 0.995138 0.009689
0.098016 0.995138 0.009689
0.098016 0.995138 0.009689
0.094249 0.995139 0.028557
0.094249 0.995139 0.028557
0.094249 0.995139 0.028557
0.094257 -0.995138 0.028575
0.094257 -0.995138 0.028575
0.094257 -0.995138 0.028575
0.086868 -0.995137 0.046429
0.086868 -0.995137 0.046429
0.086868 -0.995137 0.046429
0.086860 0.995139 0.046409
0.086860 0.995139 0.046409
0.086860 0.995139 0.046409
0.076141 -0.995137 0.062492
0.076141 -0.995137 0.062492
0.076141 -0.995137 0.062492
0.076134 0.995138 0.062479
0.076134 0.995138 0.062479
0.076134 0.995138 0.062479
0.062487 -0.995139 0.076117
0.062487 -0.995139 0.076117
0.062487 -0.995139 0.076117
0.062481 0.995138 0.076130
0.062481 0.995138 0.076130
0.062481 0.995138 0.076130
0.046432 -0.995136 0.086877
0.046432 -0.995136 0.086877
0.046432 -0.995136 0.086877
0.046428 0.995139 0.086850
0.046428 0.995139 0.086850
0.046428 0.995139 0.086850
0.028590 0.995140 0.094232
0.028590 0.995140 0.094232
0.028590 0.995140 0.094232
0.028593 -0.995138 0.094254
0.028593 -0.995138 0.094254
0.028593 -0.995138 0.094254
0.009654 -0.995136 0.098031
0.009654 -0.995136 0.098031
0.009654 -0.995136 0.098031
0.009654 0.995139 0.098006
0.009654 0.995139 0.098006
0.009654 0.995139 0.098006
-0.009654 -0.995137 0.098026
-0.009654 -0.995137 0.098026
-0.009654 -0.995137 0.098026
-0.009654 0.995138 0.098012
-0.009654 0.995138 0.098012
-0.009654 0.995138 0.098012
-0.028593 -0.995138 0.094253
-0.028593 -0.995138 0.094253
-0.028593 -0.995138 0.094253
-0.028590 0.995139 0.094240
-0.028590 0.995139 0.094240
-0.028590 0.995139 0.094240
-0.046428 0.995139 0.086848
-0.046428 0.995139 0.086848
-0.046428 0.995139 0.086848
-0.046432 -0.995135 0.086894
-0.046432 -0.995135 0.086894
-0.046432 -0.995135 0.086894
-0.062487 -0.995137 0.076144
-0.062487 -0.995137 0.076144
-0.062487 -0.995137 0.076144
-0.062482 0.995136 0.076162
-0.062482 0.995136 0.076162
-0.062482 0.995136 0.076162
-0.076141 -0.995136 0.062507
-0.076141 -0.995136 0.062507
-0.076141 -0.995136 0.062507
-0.076134 0.995136 0.062515
-0.076134 0.995136 0.062515
-0.076134 0.995136 0.062515
-0.086868 -0.995137 0.046443
-0.086868 -0.995137 0.046443
-0.086868 -0.995137 0.046443
-0.086860 0.995136 0.046474
-0.086860 0.995136 0.046474
-0.086860 0.995136 0.046474
-0.094249 0.995140 0.028538
-0.094249 0.995140 0.028538
-0.094249 0.995140 0.028538
-0.094257 -0.995136 0.028636
-0.094257 -0.995136 0.028636
-0.094257 -0.995136 0.028636
-0.633158 0.771506 0.062359
-0.633158 0.771506 0.062359
-0.633158 0.771506 0.062359
-0.633158 0.771506 0.062359
-0.098024 -0.995137 0.009677
-0.098024 -0.995137 0.009677
-0.098024 -0.995137 0.009677
-0.770779 -0.632562 0.075921
-0.770779 -0.632562 0.075921
-0.770779 -0.632562 0.075921
-0.770779 -0.632562 0.075921
-0.990438 0.097550 0.097554
-0.990438 0.097550 0.097554
-0.990438 0.097550 0.097554
-0.990438 0.097550 0.097554
-0.990438 -0.097550 0.097554
-0.990438 -0.097550 0.097554
-0.990438 -0.097550 0.097554
-0.990438 -0.097550 0.097554
-0.770779 0.632563 0.075918
-0.770779 0.632563 0.075918
-0.770779 0.632563 0.075918
-0.770779 0.632563 0.075918
-0.098016 0.995138 0.009679
-0.098016 0.995138 0.009679
-0.098016 0.995138 0.009679
-0.633153 -0.771511 0.062362
-0.633153 -0.771511 0.062362
-0.633153 -0.771511 0.062362
-0.633153 -0.771511 0.062362
-0.470897 -0.880969 0.046374
-0.470897 -0.880969 0.046374
-0.470897 -0.880969 0.046374
-0.470897 -0.880969 0.046374
-0.952718 -0.289004 0.093837
-0.952718 -0.289004 0.093837
-0.952718 -0.289004 0.093837
-0.952718 -0.289004 0.093837
-0.878613 0.469627 0.086539
-0.878613 0.469627 0.086539
-0.878613 0.469627 0.086539
-0.878613 0.469627 0.086539
-0.290167 0.956550 0.028557
-0.290167 0.956550 0.028557
-0.290167 0.956550 0.028557
-0.290167 0.956550 0.028557
-0.290159 -0.956551 0.028584
-0.290159 -0.956551 0.028584
-0.290159 -0.956551 0.028584
-0.290159 -0.956551 0.028584
-0.878613 -0.469627 0.086542
-0.878613 -0.469627 0.086542
-0.878613 -0.469627 0.086542
-0.878613 -0.469627 0.086542
-0.952718 0.289004 0.093838
-0.952718 0.289004 0.093838
-0.952718 0.289004 0.093838
-0.952718 0.289004 0.093838
-0.470890 0.880972 0.046378
-0.470890 0.880972 0.046378
-0.470890 0.880972 0.046378
-0.470890 0.880972 0.046378
0.497994 0.047891 0.865857
0.497994 0.047891 0.865857
0.497994 0.047891 0.865857
0.497994 0.047891 0.865857
-0.360917 0.040468 -0.931720
-0.360917 0.040468 -0.931720
-0.360917 0.040468 -0.931720
-0.360917 0.040468 -0.931720
0.066224 0.013528 0.997713
0.066224 0.013528 0.997713
0.066224 0.013528 0.997713
0.066224 0.013528 0.997713
-0.975838 0.079230 -0.203625
-0.975838 0.079230 -0.203625
-0.975838 0.079230 -0.203625
-0.975838 0.079230 -0.203625
-0.497994 0.047891 0.865857
-0.497994 0.047891 0.865857
-0.497994 0.047891 0.865857
-0.497994 0.047891 0.865857
-0.066225 0.013528 0.997713
-0.066225 0.013528 0.997713
-0.066225 0.013528 0.997713
-0.066225 0.013528 0.997713
0.497994 0.047891 -0.865857
0.497994 0.047891 -0.865857
0.497994 0.047891 -0.865857
0.497994 0.047891 -0.865857
0.975839 0.079230 0.203620
0.975839 0.079230 0.203620
0.975839 0.079230 0.203620
0.975839 0.079230 0.203620
0.360918 0.040467 0.931719
0.360918 0.040467 0.931719
0.360918 0.040467 0.931719
0.360918 0.040467 0.931719
-0.066224 0.013529 -0.997713
-0.066224 0.013529 -0.997713
-0.066224 0.013529 -0.997713
-0.066224 0.013529 -0.997713
-0.244475 0.035352 -0.969011
-0.244475 0.035352 -0.969011
-0.244475 0.035352 -0.969011
-0.244475 0.035352 -0.969011
-0.839199 0.069782 -0.539328
-0.839199 0.069782 -0.539328
-0.839199 0.069782 -0.539328
-0.839199 0.069782 -0.539328
-0.660812 0.057922 0.748313
-0.660812 0.057922 0.748313
-0.660812 0.057922 0.748313
-0.660812 0.057922 0.748313
-0.146268 0.029020 0.988819
-0.146268 0.029020 0.988819
-0.146268 0.029020 0.988819
-0.146268 0.029020 0.988819
0.146269 0.029021 -0.988819
0.146269 0.029021 -0.988819
0.146269 0.029021 -0.988819
0.146269 0.029021 -0.988819
0.660812 0.057923 -0.748313
0.660812 0.057923 -0.748313
0.660812 0.057923 -0.748313
0.660812 0.057923 -0.748313
0.839200 0.069782 0.539327
0.839200 0.069782 0.539327
0.839200 0.069782 0.539327
0.839200 0.069782 0.539327
0.244477 0.035352 0.969010
0.244477 0.035352 0.969010
0.244477 0.035352 0.969010
0.244477 0.035352 0.969010
-0.146268 0.029021 -0.988819
-0.146268 0.029021 -0.988819
-0.146268 0.029021 -0.988819
-0.146268 0.029021 -0.988819
-0.660810 0.057923 -0.748315
-0.660810 0.057923 -0.748315
-0.660810 0.057923 -0.748315
-0.660810 0.057923 -0.748315
-0.839200 0.069782 0.539327
-0.839200 0.069782 0.539327
-0.839200 0.069782 0.539327
-0.839200 0.069782 0.539327
-0.244477 0.035352 0.969010
-0.244477 0.035352 0.969010
-0.244477 0.035352 0.969010
-0.244477 0.035352 0.969010
0.244475 0.035352 -0.969011
0.244475 0.035352 -0.969011
0.244475 0.035352 -0.969011
0.244475 0.035352 -0.969011
0.839199 0.069782 -0.539329
0.839199 0.069782 -0.539329
0.839199 0.069782 -0.539329
0.839199 0.069782 -0.539329
0.660811 0.057922 0.748314
0.660811 0.057922 0.748314
0.660811 0.057922 0.748314
0.660811 0.057922 0.748314
0.146268 0.029020 0.988819
0.146268 0.029020 0.988819
0.146268 0.029020 0.988819
0.146268 0.029020 0.988819
-0.497992 0.047891 -0.865858
-0.497992 0.047891 -0.865858
-0.497992 0.047891 -0.865858
-0.497992 0.047891 -0.865858
-0.975839 0.079230 0.203620
-0.975839 0.079230 0.203620
-0.975839 0.079230 0.203620
-0.975839 0.079230 0.203620
-0.360918 0.040467 0.931719
-0.360918 0.040467 0.931719
-0.360918 0.040467 0.931719
-0.360918 0.040467 0.931719
0.066225 0.013529 -0.997713
0.066225 0.013529 -0.997713
0.066225 0.013529 -0.997713
0.066225 0.013529 -0.997713
0.360919 0.040468 -0.931719
0.360919 0.040468 -0.931719
0.360919 0.040468 -0.931719
0.360919 0.040468 -0.931719
0.975838 0.079230 -0.203624
0.975838 0.079230 -0.203624
0.975838 0.079230 -0.203624
0.975838 0.079230 -0.203624
-0.452027 0.028039 -0.891563
-0.452027 0.028039 -0.891563
-0.452027 0.028039 -0.891563
-0.452027 0.028039 -0.891563
-0.185757 0.016202 0.982462
-0.185757 0.016202 0.982462
-0.185757 0.016202 0.982462
-0.185757 0.016202 0.982462
-0.665229 0.188788 0.722377
-0.665229 0.188788 0.722377
-0.665229 0.188788 0.722377
-0.665229 0.188788 0.722377
-0.907577 -0.051571 -0.416708
-0.907577 -0.051571 -0.416708
-0.907577 -0.051571 -0.416708
-0.907577 -0.051571 -0.416708
-0.970798 0.144950 0.191156
-0.970798 0.144950 0.191156
-0.970798 0.144950 0.191156
-0.970798 0.144950 0.191156
-0.383225 0.021404 -0.923407
-0.383225 0.021404 -0.923407
-0.383225 0.021404 -0.923407
-0.383225 0.021404 -0.923407
</float_array>
          <technique_common>
            <accessor source="#Plane.002-Normal0-array" count="12688" stride="3">
              <param name="X" type="float"/>
              <param name="Y" type="float"/>
              <param name="Z" type="float"/>
            </accessor>
          </technique_common>
        </source>
        <vertices id="Plane.002-VERTEX">
          <input semantic="POSITION" source="#Plane.002-POSITION"/>
        </vertices>
        <polylist count="193" material="Material.001"><input semantic="VERTEX" offset="0" source="#Plane.002-VERTEX"/><input semantic="NORMAL" offset="1" source="#Plane.002-Normal0"/><vcount>4 4 4 4 4 4 4 4 4 4 4 4 4 4 4 4 4 4 4 4 4 4 4 4 4 4 4 4 4 4 4 4 4 4 4 4 4 4 4 4 4 4 4 4 4 4 4 4 4 4 4 4 4 4 4 4 4 4 4 4 4 4 4 4 4 4 4 4 4 4 4 4 4 4 4 4 4 4 4 4 4 4 4 4 4 4 4 4 4 4 4 4 4 4 4 4 4 4 4 4 4 4 4 4 4 4 4 4 4 4 4 4 4 4 4 4 4 4 4 4 4 4 4 4 4 4 4 4 4 4 4 4 4 4 4 4 4 4 4 4 4 4 4 4 4 4 4 4 4 4 4 4 4 4 4 4 4 4 4 4 4 4 4 4 4 4 4 4 4 4 4 4 4 4 4 4 4 4 4 4 4 4 4 4 4 4 4 4 4 4 4 4 32 </vcount><p> 373 0 440 1 441 2 374 3 26 24 27 25 70 26 69 27 48 28 49 29 92 30 91 31 32 32 33 33 76 34 75 35 53 36 54 37 97 38 96 39 31 40 32 41 75 42 74 43 14 44 15 45 58 46 57 47 37 48 38 49 81 50 80 51 20 52 21 53 64 54 63 55 19 56 20 57 63 58 62 59 41 60 42 61 85 62 84 63 47 64 48 65 91 66 90 67 25 68 26 69 69 70 68 71 46 72 47 73 90 74 89 75 52 76 53 77 96 78 95 79 30 80 31 81 74 82 73 83 36 84 37 85 80 86 79 87 35 88 36 89 79 90 78 91 40 92 41 93 84 94 83 95 18 96 19 97 62 98 61 99 24 100 25 101 68 102 67 103 45 104 46 105 89 106 88 107 23 108 24 109 67 110 66 111 51 112 52 113 95 114 94 115 29 116 30 117 73 118 72 119 14 120 50 121 93 122 57 123 34 124 35 125 78 126 77 127 17 128 18 129 61 130 60 131 257 132 40 133 83 134 301 135 39 136 257 137 301 138 82 139 22 140 23 141 66 142 65 143 44 144 45 145 88 146 87 147 28 148 29 149 72 150 71 151 49 152 50 153 93 154 92 155 27 156 28 157 71 158 70 159 33 160 34 161 77 162 76 163 16 164 17 165 60 166 59 167 51 168 54 169 97 170 94 171 38 172 39 173 82 174 81 175 15 176 16 177 59 178 58 179 21 180 22 181 65 182 64 183 43 184 44 185 87 186 86 187 42 188 43 189 86 190 85 191 74 204 31 205 106 206 132 207 94 232 95 233 148 234 147 235 80 272 37 273 112 274 133 275 440 501 373 502 848 503 442 504 0 774 215 775 658 776 659 777 373 846 374 847 686 848 685 849 243 870 287 871 288 872 244 873 266 874 310 875 311 876 267 877 249 878 293 879 294 880 250 881 271 882 315 883 316 884 272 885 248 886 292 887 293 888 249 889 231 890 275 891 276 892 232 893 254 894 298 895 299 896 255 897 237 898 281 899 282 900 238 901 236 902 280 903 281 904 237 905 259 906 303 907 304 908 260 909 265 910 309 911 310 912 266 913 242 914 286 915 287 916 243 917 264 918 308 919 309 920 265 921 270 922 314 923 315 924 271 925 247 926 291 927 292 928 248 929 253 930 297 931 298 932 254 933 252 934 296 935 297 936 253 937 258 938 302 939 303 940 259 941 235 942 279 943 280 944 236 945 241 946 285 947 286 948 242 949 263 950 307 951 308 952 264 953 240 954 284 955 285 956 241 957 269 958 313 959 314 960 270 961 246 962 290 963 291 964 247 965 231 966 275 967 312 968 268 969 251 970 295 971 296 972 252 973 234 974 278 975 279 976 235 977 257 978 301 979 302 980 258 981 256 982 300 983 301 984 257 985 239 986 283 987 284 988 240 989 262 990 306 991 307 992 263 993 245 994 289 995 290 996 246 997 267 998 311 999 312 1000 268 1001 244 1002 288 1003 289 1004 245 1005 250 1006 294 1007 295 1008 251 1009 233 1010 277 1011 278 1012 234 1013 269 1014 313 1015 316 1016 272 1017 255 1018 299 1019 300 1020 256 1021 232 1022 276 1023 277 1024 233 1025 238 1026 282 1027 283 1028 239 1029 261 1030 305 1031 306 1032 262 1033 260 1034 304 1035 305 1036 261 1037 292 1050 351 1051 325 1052 248 1053 313 1078 367 1079 368 1080 314 1081 298 1118 352 1119 331 1120 254 1121 685 1347 687 1348 848 1349 373 1350 216 1620 915 1621 914 1622 215 1623 846 1692 847 1693 441 1694 440 1695 469 1716 512 1717 513 1718 470 1719 491 1720 534 1721 535 1722 492 1723 475 1724 518 1725 519 1726 476 1727 496 1728 539 1729 540 1730 497 1731 474 1732 517 1733 518 1734 475 1735 457 1736 500 1737 501 1738 458 1739 480 1740 523 1741 524 1742 481 1743 463 1744 506 1745 507 1746 464 1747 462 1748 505 1749 506 1750 463 1751 484 1752 527 1753 528 1754 485 1755 490 1756 533 1757 534 1758 491 1759 468 1760 511 1761 512 1762 469 1763 489 1764 532 1765 533 1766 490 1767 495 1768 538 1769 539 1770 496 1771 473 1772 516 1773 517 1774 474 1775 479 1776 522 1777 523 1778 480 1779 478 1780 521 1781 522 1782 479 1783 483 1784 526 1785 527 1786 484 1787 461 1788 504 1789 505 1790 462 1791 467 1792 510 1793 511 1794 468 1795 488 1796 531 1797 532 1798 489 1799 466 1800 509 1801 510 1802 467 1803 494 1804 537 1805 538 1806 495 1807 472 1808 515 1809 516 1810 473 1811 457 1812 500 1813 536 1814 493 1815 477 1816 520 1817 521 1818 478 1819 460 1820 503 1821 504 1822 461 1823 730 1824 774 1825 526 1826 483 1827 482 1828 525 1829 774 1830 730 1831 465 1832 508 1833 509 1834 466 1835 487 1836 530 1837 531 1838 488 1839 471 1840 514 1841 515 1842 472 1843 492 1844 535 1845 536 1846 493 1847 470 1848 513 1849 514 1850 471 1851 476 1852 519 1853 520 1854 477 1855 459 1856 502 1857 503 1858 460 1859 494 1860 537 1861 540 1862 497 1863 481 1864 524 1865 525 1866 482 1867 458 1868 501 1869 502 1870 459 1871 464 1872 507 1873 508 1874 465 1875 486 1876 529 1877 530 1878 487 1879 485 1880 528 1881 529 1882 486 1883 517 1896 575 1897 549 1898 474 1899 537 1924 590 1925 591 1926 538 1927 523 1964 576 1965 555 1966 480 1967 440 2193 442 2194 848 2195 846 2196 443 2466 659 2467 658 2468 688 2469 846 2538 685 2539 686 2540 847 2541 716 2562 717 2563 761 2564 760 2565 739 2566 740 2567 784 2568 783 2569 722 2570 723 2571 767 2572 766 2573 744 2574 745 2575 789 2576 788 2577 721 2578 722 2579 766 2580 765 2581 704 2582 705 2583 749 2584 748 2585 727 2586 728 2587 772 2588 771 2589 710 2590 711 2591 755 2592 754 2593 709 2594 710 2595 754 2596 753 2597 732 2598 733 2599 777 2600 776 2601 738 2602 739 2603 783 2604 782 2605 715 2606 716 2607 760 2608 759 2609 737 2610 738 2611 782 2612 781 2613 743 2614 744 2615 788 2616 787 2617 720 2618 721 2619 765 2620 764 2621 726 2622 727 2623 771 2624 770 2625 725 2626 726 2627 770 2628 769 2629 731 2630 732 2631 776 2632 775 2633 708 2634 709 2635 753 2636 752 2637 714 2638 715 2639 759 2640 758 2641 736 2642 737 2643 781 2644 780 2645 713 2646 714 2647 758 2648 757 2649 742 2650 743 2651 787 2652 786 2653 719 2654 720 2655 764 2656 763 2657 704 2658 741 2659 785 2660 748 2661 724 2662 725 2663 769 2664 768 2665 707 2666 708 2667 752 2668 751 2669 730 2670 731 2671 775 2672 774 2673 729 2674 730 2675 774 2676 773 2677 712 2678 713 2679 757 2680 756 2681 735 2682 736 2683 780 2684 779 2685 718 2686 719 2687 763 2688 762 2689 740 2690 741 2691 785 2692 784 2693 717 2694 718 2695 762 2696 761 2697 723 2698 724 2699 768 2700 767 2701 706 2702 707 2703 751 2704 750 2705 742 2706 745 2707 789 2708 786 2709 728 2710 729 2711 773 2712 772 2713 705 2714 706 2715 750 2716 749 2717 711 2718 712 2719 756 2720 755 2721 734 2722 735 2723 779 2724 778 2725 733 2726 734 2727 778 2728 777 2729 765 2742 721 2743 798 2744 824 2745 786 2770 787 2771 841 2772 840 2773 771 2810 727 2811 804 2812 825 2813 685 3039 846 3040 848 3041 687 3042 689 3312 688 3313 914 3314 915 3315 944 3764 946 3765 948 3766 950 3767 952 3768 954 3769 956 3770 958 3771 960 3772 962 3773 964 3774 966 3775 968 3776 970 3777 972 3778 974 3779 976 3780 978 3781 980 3782 982 3783 984 3784 986 3785 988 3786 990 3787 992 3788 994 3789 996 3790 998 3791 1000 3792 1002 3793 1004 3794 1006 3795</p></polylist>
        <polylist count="257" material="Material.002"><input semantic="VERTEX" offset="0" source="#Plane.002-VERTEX"/><input semantic="NORMAL" offset="1" source="#Plane.002-Normal0"/><vcount>12 8 4 10 7 11 10 22 12 8 4 10 7 11 10 22 12 8 4 10 7 11 10 22 12 8 4 10 7 11 10 22 4 4 4 4 4 4 4 4 4 4 4 4 4 4 4 4 4 4 4 4 4 4 4 4 4 4 4 4 4 4 4 4 4 4 4 4 4 4 4 4 4 4 4 4 4 4 4 4 4 4 4 4 4 4 4 4 4 4 4 4 4 4 4 4 4 4 4 4 4 4 4 4 4 4 4 4 4 4 4 4 4 4 4 4 4 4 4 4 4 4 4 4 4 4 4 4 4 4 4 4 4 4 4 4 4 4 4 4 4 4 4 4 4 4 4 4 4 4 4 4 4 4 4 4 4 4 4 4 4 32 4 4 4 4 4 4 4 4 4 4 4 4 4 4 4 4 4 4 4 4 4 4 4 4 4 4 4 4 4 4 4 4 4 4 4 4 4 4 4 4 4 4 4 4 4 4 4 4 4 4 4 4 4 4 4 4 4 4 4 4 4 4 4 4 4 4 4 4 4 4 4 4 4 4 4 4 4 4 4 4 4 4 4 4 4 4 4 4 4 4 4 4 4 4 4 </vcount><p> 107 4 108 5 109 6 110 7 111 8 112 9 133 10 134 11 135 12 131 13 132 14 106 15 127 16 128 17 129 18 130 19 131 20 135 21 355 22 136 23 147 505 150 506 149 507 148 508 138 509 121 510 122 511 123 512 124 513 125 514 126 515 127 516 136 517 137 518 138 519 139 520 140 521 141 522 119 523 120 524 121 525 115 526 116 527 117 528 118 529 119 530 141 531 142 532 143 533 144 534 145 535 146 536 98 537 103 538 102 539 101 540 105 541 104 542 113 543 114 544 100 545 99 546 193 635 194 636 195 637 196 638 197 639 198 640 199 641 200 642 201 643 202 644 203 645 204 646 205 647 206 648 207 649 208 650 209 651 210 652 211 653 212 654 213 655 214 656 326 850 325 851 351 852 350 853 354 854 353 855 352 856 331 857 330 858 329 859 328 860 327 861 346 862 356 863 355 864 354 865 350 866 349 867 348 868 347 869 367 1351 368 1352 369 1353 370 1354 358 1355 357 1356 356 1357 346 1358 345 1359 344 1360 343 1361 342 1362 341 1363 340 1364 358 1365 340 1366 339 1367 338 1368 361 1369 360 1370 359 1371 334 1372 366 1373 365 1374 364 1375 363 1376 362 1377 361 1378 338 1379 337 1380 336 1381 335 1382 317 1383 318 1384 319 1385 333 1386 332 1387 323 1388 324 1389 320 1390 321 1391 322 1392 418 1481 439 1482 438 1483 437 1484 436 1485 435 1486 434 1487 433 1488 432 1489 431 1490 430 1491 429 1492 428 1493 427 1494 426 1495 425 1496 424 1497 423 1498 422 1499 421 1500 420 1501 419 1502 550 1696 549 1697 575 1698 574 1699 578 1700 577 1701 576 1702 555 1703 554 1704 553 1705 552 1706 551 1707 570 1708 579 1709 828 1710 578 1711 574 1712 573 1713 572 1714 571 1715 590 2197 591 2198 592 2199 593 2200 581 2201 580 2202 579 2203 570 2204 569 2205 568 2206 567 2207 566 2208 565 2209 564 2210 581 2211 564 2212 563 2213 562 2214 584 2215 583 2216 582 2217 558 2218 589 2219 588 2220 587 2221 586 2222 585 2223 584 2224 562 2225 561 2226 560 2227 559 2228 541 2229 542 2230 543 2231 557 2232 556 2233 547 2234 548 2235 544 2236 545 2237 546 2238 636 2327 657 2328 656 2329 655 2330 654 2331 653 2332 652 2333 651 2334 650 2335 649 2336 648 2337 647 2338 646 2339 645 2340 644 2341 643 2342 642 2343 641 2344 640 2345 639 2346 638 2347 637 2348 799 2542 800 2543 801 2544 802 2545 803 2546 804 2547 825 2548 826 2549 827 2550 823 2551 824 2552 798 2553 819 2554 820 2555 821 2556 822 2557 823 2558 827 2559 828 2560 829 2561 840 3043 843 3044 842 3045 841 3046 831 3047 813 3048 814 3049 815 3050 816 3051 817 3052 818 3053 819 3054 829 3055 830 3056 831 3057 832 3058 833 3059 834 3060 811 3061 812 3062 813 3063 807 3064 808 3065 809 3066 810 3067 811 3068 834 3069 835 3070 836 3071 837 3072 838 3073 839 3074 790 3075 795 3076 794 3077 793 3078 797 3079 796 3080 805 3081 806 3082 792 3083 791 3084 892 3173 893 3174 894 3175 895 3176 896 3177 897 3178 898 3179 899 3180 900 3181 901 3182 902 3183 903 3184 904 3185 905 3186 906 3187 907 3188 908 3189 909 3190 910 3191 911 3192 912 3193 913 3194 1194 3384 1172 3385 1056 3386 1055 3387 3210 3388 3192 3389 1013 3390 1014 3391 944 3392 945 3393 947 3394 946 3395 1195 3396 1176 3397 1044 3398 1043 3399 3212 3400 3193 3401 1009 3402 1010 3403 946 3404 947 3405 949 3406 948 3407 1192 3408 1168 3409 1064 3410 1063 3411 3200 3412 3207 3413 942 3414 943 3415 948 3416 949 3417 951 3418 950 3419 1191 3420 1166 3421 1068 3422 1067 3423 3216 3424 3194 3425 1025 3426 1026 3427 950 3428 951 3429 953 3430 952 3431 1188 3432 1197 3433 1051 3434 1050 3435 3218 3436 3195 3437 1029 3438 1030 3439 952 3440 953 3441 955 3442 954 3443 1187 3444 1196 3445 1047 3446 1046 3447 3220 3448 3196 3449 1033 3450 1034 3451 954 3452 955 3453 957 3454 956 3455 1186 3456 1195 3457 1043 3458 1042 3459 3190 3460 3197 3461 1020 3462 1021 3463 956 3464 957 3465 959 3466 958 3467 1190 3468 1174 3469 1040 3470 1039 3471 3191 3472 3198 3473 1016 3474 1017 3475 958 3476 959 3477 961 3478 960 3479 1189 3480 1194 3481 1055 3482 1054 3483 3192 3484 3199 3485 1012 3486 1013 3487 960 3488 961 3489 963 3490 962 3491 1185 3492 1193 3493 1059 3494 1058 3495 3193 3496 3201 3497 1008 3498 1009 3499 962 3500 963 3501 965 3502 964 3503 1184 3504 1192 3505 1063 3506 1062 3507 3194 3508 3202 3509 1024 3510 1025 3511 964 3512 965 3513 967 3514 966 3515 1183 3516 1191 3517 1067 3518 1066 3519 3195 3520 3203 3521 1028 3522 1029 3523 966 3524 967 3525 969 3526 968 3527 1182 3528 1190 3529 1039 3530 1038 3531 3196 3532 3204 3533 1032 3534 1033 3535 968 3536 969 3537 971 3538 970 3539 1181 3540 1189 3541 1054 3542 1053 3543 3206 3544 3205 3545 1036 3546 1037 3547 970 3548 971 3549 973 3550 972 3551 1179 3552 1188 3553 1050 3554 1049 3555 3197 3556 3209 3557 1019 3558 1020 3559 972 3560 973 3561 975 3562 974 3563 1177 3564 1187 3565 1046 3566 1045 3567 3198 3568 3211 3569 1015 3570 1016 3571 974 3572 975 3573 977 3574 976 3575 1175 3576 1186 3577 1042 3578 1041 3579 3199 3580 3213 3581 1011 3582 1012 3583 976 3584 977 3585 979 3586 978 3587 1173 3588 1185 3589 1058 3590 1057 3591 3201 3592 3200 3593 943 3594 1008 3595 978 3596 979 3597 981 3598 980 3599 1171 3600 1184 3601 1062 3602 1061 3603 3202 3604 3215 3605 1023 3606 1024 3607 980 3608 981 3609 983 3610 982 3611 1169 3612 1183 3613 1066 3614 1065 3615 3203 3616 3217 3617 1027 3618 1028 3619 982 3620 983 3621 985 3622 984 3623 1167 3624 1182 3625 1038 3626 1069 3627 3204 3628 3219 3629 1031 3630 1032 3631 984 3632 985 3633 987 3634 986 3635 1180 3636 1181 3637 1053 3638 1052 3639 3205 3640 3221 3641 1035 3642 1036 3643 986 3644 987 3645 989 3646 988 3647 1178 3648 1179 3649 1049 3650 1048 3651 3207 3652 3206 3653 1037 3654 942 3655 988 3656 989 3657 991 3658 990 3659 1176 3660 1177 3661 1045 3662 1044 3663 3209 3664 3208 3665 1018 3666 1019 3667 990 3668 991 3669 993 3670 992 3671 1174 3672 1175 3673 1041 3674 1040 3675 3211 3676 3210 3677 1014 3678 1015 3679 992 3680 993 3681 995 3682 994 3683 1172 3684 1173 3685 1057 3686 1056 3687 3213 3688 3212 3689 1010 3690 1011 3691 994 3692 995 3693 997 3694 996 3695 1170 3696 1171 3697 1061 3698 1060 3699 3215 3700 3214 3701 1022 3702 1023 3703 996 3704 997 3705 999 3706 998 3707 1168 3708 1169 3709 1065 3710 1064 3711 3217 3712 3216 3713 1026 3714 1027 3715 998 3716 999 3717 1001 3718 1000 3719 3219 3724 3218 3725 1030 3726 1031 3727 1000 3728 1001 3729 1003 3730 1002 3731 3214 3732 3190 3733 1021 3734 1022 3735 1166 3736 1167 3737 1069 3738 1068 3739 1002 3740 1003 3741 1005 3742 1004 3743 3221 3744 3220 3745 1034 3746 1035 3747 1006 3748 1007 3749 945 3750 944 3751 1004 3752 1005 3753 1007 3754 1006 3755 1193 3756 1170 3757 1060 3758 1059 3759 3208 3760 3191 3761 1017 3762 1018 3763 1196 3796 1178 3797 1048 3798 1047 3799 1197 3800 1180 3801 1052 3802 1051 3803 1100 3804 1101 3805 1133 3806 1132 3807 1132 3932 1133 3933 1165 3934 1164 3935 1096 3936 1097 3937 1129 3938 1128 3939 1092 3940 1093 3941 1125 3942 1124 3943 1088 3944 1089 3945 1121 3946 1120 3947 1080 3948 1081 3949 1113 3950 1112 3951 1076 3952 1077 3953 1109 3954 1108 3955 1072 3956 1073 3957 1105 3958 1104 3959 1084 3960 1085 3961 1117 3962 1116 3963 1101 3964 1070 3965 1102 3966 1133 3967 1097 3968 1098 3969 1130 3970 1129 3971 1093 3972 1094 3973 1126 3974 1125 3975 1089 3976 1090 3977 1122 3978 1121 3979 1085 3980 1086 3981 1118 3982 1117 3983 1081 3984 1082 3985 1114 3986 1113 3987 1077 3988 1078 3989 1110 3990 1109 3991 1073 3992 1074 3993 1106 3994 1105 3995 1098 3996 1099 3997 1131 3998 1130 3999 1094 4000 1095 4001 1127 4002 1126 4003 1090 4004 1091 4005 1123 4006 1122 4007 1086 4008 1087 4009 1119 4010 1118 4011 1070 4012 1071 4013 1103 4014 1102 4015 1082 4016 1083 4017 1115 4018 1114 4019 1078 4020 1079 4021 1111 4022 1110 4023 1074 4024 1075 4025 1107 4026 1106 4027 1099 4028 1100 4029 1132 4030 1131 4031 1095 4032 1096 4033 1128 4034 1127 4035 1091 4036 1092 4037 1124 4038 1123 4039 1087 4040 1088 4041 1120 4042 1119 4043 1075 4044 1076 4045 1108 4046 1107 4047 1071 4048 1072 4049 1104 4050 1103 4051 1083 4052 1084 4053 1116 4054 1115 4055 1079 4056 1080 4057 1112 4058 1111 4059 1165 4060 1134 4061 1135 4062 1136 4063 1137 4064 1138 4065 1139 4066 1140 4067 1141 4068 1142 4069 1143 4070 1144 4071 1145 4072 1146 4073 1147 4074 1148 4075 1149 4076 1150 4077 1151 4078 1152 4079 1153 4080 1154 4081 1155 4082 1156 4083 1157 4084 1158 4085 1159 4086 1160 4087 1161 4088 1162 4089 1163 4090 1164 4091 1128 4092 1129 4093 1161 4094 1160 4095 1124 4096 1125 4097 1157 4098 1156 4099 1120 4100 1121 4101 1153 4102 1152 4103 1108 4104 1109 4105 1141 4106 1140 4107 1104 4108 1105 4109 1137 4110 1136 4111 1116 4112 1117 4113 1149 4114 1148 4115 1112 4116 1113 4117 1145 4118 1144 4119 1133 4120 1102 4121 1134 4122 1165 4123 1129 4124 1130 4125 1162 4126 1161 4127 1125 4128 1126 4129 1158 4130 1157 4131 1121 4132 1122 4133 1154 4134 1153 4135 1113 4136 1114 4137 1146 4138 1145 4139 1109 4140 1110 4141 1142 4142 1141 4143 1105 4144 1106 4145 1138 4146 1137 4147 1117 4148 1118 4149 1150 4150 1149 4151 1130 4152 1131 4153 1163 4154 1162 4155 1126 4156 1127 4157 1159 4158 1158 4159 1122 4160 1123 4161 1155 4162 1154 4163 1118 4164 1119 4165 1151 4166 1150 4167 1114 4168 1115 4169 1147 4170 1146 4171 1110 4172 1111 4173 1143 4174 1142 4175 1106 4176 1107 4177 1139 4178 1138 4179 1102 4180 1103 4181 1135 4182 1134 4183 1131 4184 1132 4185 1164 4186 1163 4187 1127 4188 1128 4189 1160 4190 1159 4191 1123 4192 1124 4193 1156 4194 1155 4195 1119 4196 1120 4197 1152 4198 1151 4199 1103 4200 1104 4201 1136 4202 1135 4203 1115 4204 1116 4205 1148 4206 1147 4207 1111 4208 1112 4209 1144 4210 1143 4211 1107 4212 1108 4213 1140 4214 1139 4215 1021 4344 1020 4345 1201 4346 1226 4347 1033 4348 1032 4349 1203 4350 1227 4351 1013 4352 1012 4353 1199 4354 1224 4355 1009 4356 1008 4357 1198 4358 1223 4359 1026 4360 1025 4361 1229 4362 1220 4363 1030 4364 1029 4365 1228 4366 1219 4367 1034 4368 1033 4369 1227 4370 1218 4371 1037 4372 1036 4373 1202 4374 1222 4375 1022 4376 1021 4377 1226 4378 1221 4379 1018 4380 1017 4381 1225 4382 1217 4383 1014 4384 1013 4385 1224 4386 1216 4387 1010 4388 1009 4389 1223 4390 1215 4391 942 4392 1037 4393 1222 4394 1214 4395 1023 4396 1022 4397 1221 4398 1213 4399 1027 4400 1026 4401 1220 4402 1212 4403 1031 4404 1030 4405 1219 4406 1211 4407 1035 4408 1034 4409 1218 4410 1210 4411 1019 4412 1018 4413 1217 4414 1209 4415 1015 4416 1014 4417 1216 4418 1208 4419 1011 4420 1010 4421 1215 4422 1207 4423 943 4424 942 4425 1214 4426 1206 4427 1024 4428 1023 4429 1213 4430 1205 4431 1028 4432 1027 4433 1212 4434 1204 4435 1032 4436 1031 4437 1211 4438 1203 4439 1036 4440 1035 4441 1210 4442 1202 4443 1020 4444 1019 4445 1209 4446 1201 4447 1016 4448 1015 4449 1208 4450 1200 4451 1012 4452 1011 4453 1207 4454 1199 4455 1008 4456 943 4457 1206 4458 1198 4459 1017 4460 1016 4461 1200 4462 1225 4463 1029 4464 1028 4465 1204 4466 1228 4467 1025 4468 1024 4469 1205 4470 1229 4471 1051 4472 1052 4473 1238 4474 1260 4475 1039 4476 1040 4477 1244 4478 1259 4479 1043 4480 1044 4481 1242 4482 1258 4483 1047 4484 1048 4485 1240 4486 1261 4487 1055 4488 1056 4489 1236 4490 1257 4491 1059 4492 1060 4493 1234 4494 1256 4495 1063 4496 1064 4497 1232 4498 1255 4499 1067 4500 1068 4501 1230 4502 1254 4503 1046 4504 1047 4505 1261 4506 1252 4507 1050 4508 1051 4509 1260 4510 1251 4511 1038 4512 1039 4513 1259 4514 1246 4515 1042 4516 1043 4517 1258 4518 1253 4519 1054 4520 1055 4521 1257 4522 1250 4523 1058 4524 1059 4525 1256 4526 1249 4527 1062 4528 1063 4529 1255 4530 1248 4531 1066 4532 1067 4533 1254 4534 1247 4535 1041 4536 1042 4537 1253 4538 1245 4539 1045 4540 1046 4541 1252 4542 1243 4543 1049 4544 1050 4545 1251 4546 1241 4547 1053 4548 1054 4549 1250 4550 1239 4551 1057 4552 1058 4553 1249 4554 1237 4555 1061 4556 1062 4557 1248 4558 1235 4559 1065 4560 1066 4561 1247 4562 1233 4563 1069 4564 1038 4565 1246 4566 1231 4567 1040 4568 1041 4569 1245 4570 1244 4571 1044 4572 1045 4573 1243 4574 1242 4575 1048 4576 1049 4577 1241 4578 1240 4579 1052 4580 1053 4581 1239 4582 1238 4583 1056 4584 1057 4585 1237 4586 1236 4587 1060 4588 1061 4589 1235 4590 1234 4591 1064 4592 1065 4593 1233 4594 1232 4595 1068 4596 1069 4597 1231 4598 1230 4599</p></polylist>
        <polylist count="630" material="Material.003"><input semantic="VERTEX" offset="0" source="#Plane.002-VERTEX"/><input semantic="NORMAL" offset="1" source="#Plane.002-Normal0"/><vcount>4 4 4 4 4 4 4 4 4 4 4 4 4 4 4 4 4 4 4 4 4 4 4 4 4 4 4 4 4 4 4 4 4 4 4 4 4 4 4 4 4 4 4 4 4 4 4 4 4 4 4 11 13 6 8 7 5 4 7 4 5 3 4 6 10 4 4 4 4 4 4 4 4 4 4 4 4 4 4 4 4 4 4 4 4 4 4 4 4 4 4 4 4 4 4 4 4 4 3 3 3 4 6 6 6 6 4 4 4 4 4 4 4 4 4 4 4 4 4 4 4 4 4 4 4 4 4 4 4 4 4 4 4 4 4 4 4 4 4 4 4 4 4 4 4 4 4 4 4 4 4 4 4 4 4 4 4 4 4 4 4 4 4 4 4 4 4 4 4 4 4 4 4 4 4 4 4 4 4 4 4 4 4 11 13 6 8 7 5 4 7 4 5 3 4 6 10 4 4 4 4 4 4 4 4 4 4 4 4 4 4 4 4 4 4 4 4 4 4 4 4 4 4 4 4 4 4 4 4 4 3 3 3 4 6 6 6 6 4 4 4 4 4 4 4 4 4 4 4 4 4 4 4 4 4 4 4 4 4 4 4 4 4 4 4 4 4 4 4 4 4 4 4 4 4 4 4 4 4 4 4 4 4 4 4 4 4 4 4 4 4 4 4 4 4 4 4 4 4 4 4 4 4 4 4 4 4 4 4 4 4 4 4 4 4 11 13 6 8 7 5 4 7 4 5 3 4 6 10 4 4 4 4 4 4 4 4 4 4 4 4 4 4 4 4 4 4 4 4 4 4 4 4 4 4 4 4 4 4 4 4 4 3 3 3 4 6 6 6 6 4 4 4 4 4 4 4 4 4 4 4 4 4 4 4 4 4 4 4 4 4 4 4 4 4 4 4 4 4 4 4 4 4 4 4 4 4 4 4 4 4 4 4 4 4 4 4 4 4 4 4 4 4 4 4 4 4 4 4 4 4 4 4 4 4 4 4 4 4 4 4 4 4 4 4 4 4 11 13 6 8 7 5 4 7 4 5 3 4 6 10 4 4 4 4 4 4 4 4 4 4 4 4 4 4 4 4 4 4 4 4 4 4 4 4 4 4 4 4 4 4 4 4 4 3 3 3 4 6 6 6 6 4 4 4 4 4 4 4 4 4 4 4 4 4 4 4 4 4 4 4 4 4 4 4 4 4 4 4 4 4 4 4 4 4 4 4 4 4 4 4 4 4 4 4 4 4 4 4 4 4 4 4 4 4 4 4 4 4 4 4 4 4 4 4 4 4 4 4 4 4 4 4 4 4 4 4 4 4 4 4 4 4 4 4 4 4 4 4 4 4 4 4 4 4 4 4 4 4 4 4 4 4 4 4 4 4 4 4 4 4 4 4 4 4 4 4 4 4 4 4 4 4 4 4 4 4 4 4 4 </vcount><p> 34 192 33 193 108 194 109 195 12 196 55 197 113 198 104 199 8 200 56 201 114 202 100 203 83 208 84 209 137 210 136 211 61 212 62 213 120 214 119 215 67 216 68 217 126 218 125 219 88 220 89 221 142 222 141 223 66 224 67 225 125 226 124 227 72 228 73 229 131 230 130 231 11 236 6 237 98 238 103 239 33 240 32 241 107 242 108 243 57 244 93 245 146 246 115 247 60 248 61 249 119 250 118 251 301 252 83 253 136 254 355 255 82 256 301 257 355 258 135 259 65 260 66 261 124 262 123 263 87 264 88 265 141 266 140 267 71 268 72 269 130 270 129 271 32 276 31 277 106 278 107 279 10 280 11 281 103 282 102 283 70 284 71 285 129 286 128 287 92 288 93 289 146 290 145 291 37 292 36 293 111 294 112 295 9 296 13 297 105 298 101 299 59 300 60 301 118 302 117 303 94 304 97 305 150 306 147 307 58 308 59 309 117 310 116 311 81 312 82 313 135 314 134 315 86 316 87 317 140 318 139 319 64 320 65 321 123 322 122 323 9 324 10 325 102 326 101 327 85 328 86 329 139 330 138 331 91 332 92 333 145 334 144 335 69 336 70 337 128 338 127 339 7 340 8 341 100 342 99 343 12 344 13 345 105 346 104 347 36 348 35 349 110 350 111 351 96 352 97 353 150 354 149 355 80 356 81 357 134 358 133 359 57 360 58 361 116 362 115 363 35 364 34 365 109 366 110 367 63 368 64 369 122 370 121 371 62 372 63 373 121 374 120 375 84 376 85 377 138 378 137 379 90 380 91 381 144 382 143 383 68 384 69 385 127 386 126 387 6 388 7 389 99 390 98 391 56 392 55 393 113 394 114 395 89 396 90 397 143 398 142 399 95 400 96 401 149 402 148 403 73 404 74 405 132 406 131 407 67 408 2 409 3 410 75 411 74 412 73 413 72 414 71 415 70 416 69 417 68 418 8 419 1 420 2 421 67 422 66 423 65 424 64 425 63 426 62 427 61 428 60 429 59 430 7 431 0 432 1 433 8 434 56 435 55 436 12 437 301 438 355 439 371 440 372 441 86 442 85 443 84 444 83 445 10 446 11 447 6 448 372 449 215 450 13 451 9 452 57 453 6 454 7 455 59 456 58 457 6 458 57 459 93 460 372 461 86 462 92 463 91 464 90 465 89 466 88 467 87 468 92 469 86 470 372 471 93 472 97 473 94 474 77 475 76 476 75 477 75 478 3 479 97 480 97 481 3 482 4 483 96 484 4 485 5 486 222 487 94 488 95 489 96 490 301 491 82 492 81 493 80 494 79 495 78 496 77 497 94 498 222 499 371 500 190 547 191 548 213 549 212 550 186 551 187 552 209 553 208 554 182 555 183 556 205 557 204 558 178 559 179 560 201 561 200 562 174 563 175 564 197 565 196 566 192 567 191 568 213 569 214 570 187 571 188 572 210 573 209 574 175 575 176 576 198 577 197 578 171 579 172 580 194 581 193 582 183 583 184 584 206 585 205 586 179 587 180 588 202 589 201 590 171 591 192 592 214 593 193 594 188 595 189 596 211 597 210 598 180 599 181 600 203 601 202 602 176 603 177 604 199 605 198 606 172 607 173 608 195 609 194 610 184 611 185 612 207 613 206 614 189 615 190 616 212 617 211 618 185 619 186 620 208 621 207 622 181 623 182 624 204 625 203 626 177 627 178 628 200 629 199 630 173 631 174 632 196 633 195 634 160 657 174 658 173 659 159 660 161 661 175 662 174 663 160 664 162 665 176 666 175 667 161 668 163 669 177 670 176 671 162 672 164 673 178 674 177 675 163 676 152 677 183 678 182 679 151 680 153 681 184 682 183 683 152 684 154 685 185 686 184 687 153 688 155 689 186 690 185 691 154 692 156 693 187 694 186 695 155 696 157 697 188 698 187 699 156 700 171 701 188 702 157 703 172 704 171 705 157 706 157 707 158 708 172 709 159 710 173 711 172 712 158 713 189 714 188 715 171 716 192 717 191 718 190 719 151 720 182 721 181 722 180 723 169 724 168 725 165 726 166 727 167 728 179 729 178 730 164 731 169 732 180 733 179 734 167 735 395 736 170 737 168 738 169 739 683 740 682 741 165 742 164 743 679 744 680 745 161 746 160 747 675 748 676 749 3 750 2 751 661 752 662 753 157 754 156 755 671 756 672 757 153 758 152 759 667 760 668 761 169 762 170 763 684 764 683 765 166 766 165 767 680 768 681 769 162 770 161 771 676 772 677 773 154 778 153 779 668 780 669 781 4 782 3 783 662 784 663 785 158 786 157 787 672 788 673 789 170 790 395 791 941 792 684 793 163 794 162 795 677 796 678 797 5 798 4 799 663 800 664 801 159 802 158 803 673 804 674 805 1 806 0 807 659 808 660 809 155 810 154 811 669 812 670 813 151 814 168 815 682 816 666 817 164 818 163 819 678 820 679 821 222 822 5 823 664 824 665 825 160 826 159 827 674 828 675 829 2 830 1 831 660 832 661 833 156 834 155 835 670 836 671 837 152 838 151 839 666 840 667 841 215 842 0 843 12 844 13 845 251 1038 328 1039 327 1040 250 1041 229 1042 323 1043 332 1044 273 1045 225 1046 319 1047 333 1048 274 1049 302 1054 356 1055 357 1056 303 1057 279 1058 338 1059 339 1060 280 1061 285 1062 344 1063 345 1064 286 1065 307 1066 361 1067 362 1068 308 1069 284 1070 343 1071 344 1072 285 1073 290 1074 349 1075 350 1076 291 1077 228 1082 322 1083 317 1084 223 1085 250 1086 327 1087 326 1088 249 1089 275 1090 334 1091 366 1092 312 1093 278 1094 337 1095 338 1096 279 1097 301 1098 355 1099 356 1100 302 1101 300 1102 354 1103 355 1104 301 1105 283 1106 342 1107 343 1108 284 1109 306 1110 360 1111 361 1112 307 1113 289 1114 348 1115 349 1116 290 1117 249 1122 326 1123 325 1124 248 1125 227 1126 321 1127 322 1128 228 1129 288 1130 347 1131 348 1132 289 1133 311 1134 365 1135 366 1136 312 1137 254 1138 331 1139 330 1140 253 1141 226 1142 320 1143 324 1144 230 1145 277 1146 336 1147 337 1148 278 1149 313 1150 367 1151 370 1152 316 1153 276 1154 335 1155 336 1156 277 1157 299 1158 353 1159 354 1160 300 1161 305 1162 359 1163 360 1164 306 1165 282 1166 341 1167 342 1168 283 1169 226 1170 320 1171 321 1172 227 1173 304 1174 358 1175 359 1176 305 1177 310 1178 364 1179 365 1180 311 1181 287 1182 346 1183 347 1184 288 1185 224 1186 318 1187 319 1188 225 1189 229 1190 323 1191 324 1192 230 1193 253 1194 330 1195 329 1196 252 1197 315 1198 369 1199 370 1200 316 1201 298 1202 352 1203 353 1204 299 1205 275 1206 334 1207 335 1208 276 1209 252 1210 329 1211 328 1212 251 1213 281 1214 340 1215 341 1216 282 1217 280 1218 339 1219 340 1220 281 1221 303 1222 357 1223 358 1224 304 1225 309 1226 363 1227 364 1228 310 1229 286 1230 345 1231 346 1232 287 1233 223 1234 317 1235 318 1236 224 1237 274 1238 333 1239 332 1240 273 1241 308 1242 362 1243 363 1244 309 1245 314 1246 368 1247 369 1248 315 1249 291 1250 350 1251 351 1252 292 1253 285 1254 286 1255 287 1256 288 1257 289 1258 290 1259 291 1260 292 1261 293 1262 219 1263 218 1264 225 1265 224 1266 277 1267 278 1268 279 1269 280 1270 281 1271 282 1272 283 1273 284 1274 285 1275 218 1276 217 1277 216 1278 229 1279 273 1280 274 1281 225 1282 217 1283 301 1284 302 1285 303 1286 304 1287 305 1288 372 1289 371 1290 355 1291 227 1292 226 1293 230 1294 215 1295 372 1296 223 1297 228 1298 275 1299 276 1300 277 1301 224 1302 223 1303 223 1304 372 1305 312 1306 275 1307 305 1308 306 1309 307 1310 308 1311 309 1312 310 1313 311 1314 311 1315 312 1316 372 1317 305 1318 316 1319 293 1320 294 1321 295 1322 313 1323 293 1324 316 1325 219 1326 316 1327 315 1328 220 1329 219 1330 220 1331 315 1332 314 1333 313 1334 222 1335 221 1336 301 1337 371 1338 222 1339 313 1340 295 1341 296 1342 297 1343 298 1344 299 1345 300 1346 415 1393 437 1394 438 1395 416 1396 411 1397 433 1398 434 1399 412 1400 407 1401 429 1402 430 1403 408 1404 403 1405 425 1406 426 1407 404 1408 399 1409 421 1410 422 1411 400 1412 417 1413 439 1414 438 1415 416 1416 412 1417 434 1418 435 1419 413 1420 400 1421 422 1422 423 1423 401 1424 396 1425 418 1426 419 1427 397 1428 408 1429 430 1430 431 1431 409 1432 404 1433 426 1434 427 1435 405 1436 396 1437 418 1438 439 1439 417 1440 413 1441 435 1442 436 1443 414 1444 405 1445 427 1446 428 1447 406 1448 401 1449 423 1450 424 1451 402 1452 397 1453 419 1454 420 1455 398 1456 409 1457 431 1458 432 1459 410 1460 414 1461 436 1462 437 1463 415 1464 410 1465 432 1466 433 1467 411 1468 406 1469 428 1470 429 1471 407 1472 402 1473 424 1474 425 1475 403 1476 398 1477 420 1478 421 1479 399 1480 384 1503 383 1504 398 1505 399 1506 385 1507 384 1508 399 1509 400 1510 386 1511 385 1512 400 1513 401 1514 387 1515 386 1516 401 1517 402 1518 388 1519 387 1520 402 1521 403 1522 376 1523 375 1524 407 1525 408 1526 377 1527 376 1528 408 1529 409 1530 378 1531 377 1532 409 1533 410 1534 379 1535 378 1536 410 1537 411 1538 380 1539 379 1540 411 1541 412 1542 381 1543 380 1544 412 1545 413 1546 396 1547 381 1548 413 1549 397 1550 381 1551 396 1552 381 1553 397 1554 382 1555 383 1556 382 1557 397 1558 398 1559 414 1560 415 1561 416 1562 417 1563 396 1564 413 1565 375 1566 392 1567 393 1568 405 1569 406 1570 407 1571 389 1572 388 1573 403 1574 404 1575 391 1576 390 1577 393 1578 394 1579 395 1580 391 1581 404 1582 405 1583 392 1584 938 1585 939 1586 393 1587 389 1588 936 1589 935 1590 388 1591 385 1592 932 1593 931 1594 384 1595 219 1596 918 1597 917 1598 218 1599 381 1600 928 1601 927 1602 380 1603 377 1604 924 1605 923 1606 376 1607 393 1608 939 1609 940 1610 394 1611 390 1612 937 1613 936 1614 389 1615 386 1616 933 1617 932 1618 385 1619 378 1624 925 1625 924 1626 377 1627 220 1628 919 1629 918 1630 219 1631 382 1632 929 1633 928 1634 381 1635 394 1636 940 1637 941 1638 395 1639 387 1640 934 1641 933 1642 386 1643 221 1644 920 1645 919 1646 220 1647 383 1648 930 1649 929 1650 382 1651 217 1652 916 1653 915 1654 216 1655 379 1656 926 1657 925 1658 378 1659 375 1660 922 1661 938 1662 392 1663 388 1664 935 1665 934 1666 387 1667 222 1668 921 1669 920 1670 221 1671 384 1672 931 1673 930 1674 383 1675 218 1676 917 1677 916 1678 217 1679 380 1680 927 1681 926 1682 379 1683 376 1684 923 1685 922 1686 375 1687 215 1688 230 1689 229 1690 216 1691 477 1884 552 1885 551 1886 476 1887 455 1888 547 1889 556 1890 498 1891 451 1892 543 1893 557 1894 499 1895 526 1900 579 1901 580 1902 527 1903 504 1904 562 1905 563 1906 505 1907 510 1908 568 1909 569 1910 511 1911 531 1912 584 1913 585 1914 532 1915 509 1916 567 1917 568 1918 510 1919 515 1920 573 1921 574 1922 516 1923 454 1928 546 1929 541 1930 449 1931 476 1932 551 1933 550 1934 475 1935 500 1936 558 1937 589 1938 536 1939 503 1940 561 1941 562 1942 504 1943 774 1944 828 1945 579 1946 526 1947 525 1948 578 1949 828 1950 774 1951 508 1952 566 1953 567 1954 509 1955 530 1956 583 1957 584 1958 531 1959 514 1960 572 1961 573 1962 515 1963 475 1968 550 1969 549 1970 474 1971 453 1972 545 1973 546 1974 454 1975 513 1976 571 1977 572 1978 514 1979 535 1980 588 1981 589 1982 536 1983 480 1984 555 1985 554 1986 479 1987 452 1988 544 1989 548 1990 456 1991 502 1992 560 1993 561 1994 503 1995 537 1996 590 1997 593 1998 540 1999 501 2000 559 2001 560 2002 502 2003 524 2004 577 2005 578 2006 525 2007 529 2008 582 2009 583 2010 530 2011 507 2012 565 2013 566 2014 508 2015 452 2016 544 2017 545 2018 453 2019 528 2020 581 2021 582 2022 529 2023 534 2024 587 2025 588 2026 535 2027 512 2028 570 2029 571 2030 513 2031 450 2032 542 2033 543 2034 451 2035 455 2036 547 2037 548 2038 456 2039 479 2040 554 2041 553 2042 478 2043 539 2044 592 2045 593 2046 540 2047 523 2048 576 2049 577 2050 524 2051 500 2052 558 2053 559 2054 501 2055 478 2056 553 2057 552 2058 477 2059 506 2060 564 2061 565 2062 507 2063 505 2064 563 2065 564 2066 506 2067 527 2068 580 2069 581 2070 528 2071 533 2072 586 2073 587 2074 534 2075 511 2076 569 2077 570 2078 512 2079 449 2080 541 2081 542 2082 450 2083 499 2084 557 2085 556 2086 498 2087 532 2088 585 2089 586 2090 533 2091 538 2092 591 2093 592 2094 539 2095 516 2096 574 2097 575 2098 517 2099 510 2100 511 2101 512 2102 513 2103 514 2104 515 2105 516 2106 517 2107 518 2108 446 2109 445 2110 451 2111 450 2112 502 2113 503 2114 504 2115 505 2116 506 2117 507 2118 508 2119 509 2120 510 2121 445 2122 444 2123 443 2124 455 2125 498 2126 499 2127 451 2128 444 2129 774 2130 526 2131 527 2132 528 2133 529 2134 845 2135 844 2136 828 2137 453 2138 452 2139 456 2140 688 2141 845 2142 449 2143 454 2144 500 2145 501 2146 502 2147 450 2148 449 2149 449 2150 845 2151 536 2152 500 2153 529 2154 530 2155 531 2156 532 2157 533 2158 534 2159 535 2160 535 2161 536 2162 845 2163 529 2164 540 2165 518 2166 519 2167 520 2168 537 2169 518 2170 540 2171 446 2172 540 2173 539 2174 447 2175 446 2176 447 2177 539 2178 538 2179 537 2180 695 2181 448 2182 774 2183 844 2184 695 2185 537 2186 520 2187 521 2188 522 2189 523 2190 524 2191 525 2192 633 2239 655 2240 656 2241 634 2242 629 2243 651 2244 652 2245 630 2246 625 2247 647 2248 648 2249 626 2250 621 2251 643 2252 644 2253 622 2254 617 2255 639 2256 640 2257 618 2258 635 2259 657 2260 656 2261 634 2262 630 2263 652 2264 653 2265 631 2266 618 2267 640 2268 641 2269 619 2270 614 2271 636 2272 637 2273 615 2274 626 2275 648 2276 649 2277 627 2278 622 2279 644 2280 645 2281 623 2282 614 2283 636 2284 657 2285 635 2286 631 2287 653 2288 654 2289 632 2290 623 2291 645 2292 646 2293 624 2294 619 2295 641 2296 642 2297 620 2298 615 2299 637 2300 638 2301 616 2302 627 2303 649 2304 650 2305 628 2306 632 2307 654 2308 655 2309 633 2310 628 2311 650 2312 651 2313 629 2314 624 2315 646 2316 647 2317 625 2318 620 2319 642 2320 643 2321 621 2322 616 2323 638 2324 639 2325 617 2326 603 2349 602 2350 616 2351 617 2352 604 2353 603 2354 617 2355 618 2356 605 2357 604 2358 618 2359 619 2360 606 2361 605 2362 619 2363 620 2364 607 2365 606 2366 620 2367 621 2368 595 2369 594 2370 625 2371 626 2372 596 2373 595 2374 626 2375 627 2376 597 2377 596 2378 627 2379 628 2380 598 2381 597 2382 628 2383 629 2384 599 2385 598 2386 629 2387 630 2388 600 2389 599 2390 630 2391 631 2392 614 2393 600 2394 631 2395 615 2396 600 2397 614 2398 600 2399 615 2400 601 2401 602 2402 601 2403 615 2404 616 2405 632 2406 633 2407 634 2408 635 2409 614 2410 631 2411 594 2412 611 2413 612 2414 623 2415 624 2416 625 2417 608 2418 607 2419 621 2420 622 2421 610 2422 609 2423 612 2424 613 2425 869 2426 610 2427 622 2428 623 2429 611 2430 682 2431 683 2432 612 2433 608 2434 680 2435 679 2436 607 2437 604 2438 676 2439 675 2440 603 2441 446 2442 662 2443 661 2444 445 2445 600 2446 672 2447 671 2448 599 2449 596 2450 668 2451 667 2452 595 2453 612 2454 683 2455 684 2456 613 2457 609 2458 681 2459 680 2460 608 2461 605 2462 677 2463 676 2464 604 2465 597 2470 669 2471 668 2472 596 2473 447 2474 663 2475 662 2476 446 2477 601 2478 673 2479 672 2480 600 2481 613 2482 684 2483 941 2484 869 2485 606 2486 678 2487 677 2488 605 2489 448 2490 664 2491 663 2492 447 2493 602 2494 674 2495 673 2496 601 2497 444 2498 660 2499 659 2500 443 2501 598 2502 670 2503 669 2504 597 2505 594 2506 666 2507 682 2508 611 2509 607 2510 679 2511 678 2512 606 2513 695 2514 665 2515 664 2516 448 2517 603 2518 675 2519 674 2520 602 2521 445 2522 661 2523 660 2524 444 2525 599 2526 671 2527 670 2528 598 2529 595 2530 667 2531 666 2532 594 2533 688 2534 456 2535 455 2536 443 2537 724 2730 723 2731 800 2732 801 2733 702 2734 746 2735 805 2736 796 2737 698 2738 747 2739 806 2740 792 2741 775 2746 776 2747 830 2748 829 2749 752 2750 753 2751 812 2752 811 2753 758 2754 759 2755 818 2756 817 2757 780 2758 781 2759 835 2760 834 2761 757 2762 758 2763 817 2764 816 2765 763 2766 764 2767 823 2768 822 2769 701 2774 696 2775 790 2776 795 2777 723 2778 722 2779 799 2780 800 2781 748 2782 785 2783 839 2784 807 2785 751 2786 752 2787 811 2788 810 2789 774 2790 775 2791 829 2792 828 2793 773 2794 774 2795 828 2796 827 2797 756 2798 757 2799 816 2800 815 2801 779 2802 780 2803 834 2804 833 2805 762 2806 763 2807 822 2808 821 2809 722 2814 721 2815 798 2816 799 2817 700 2818 701 2819 795 2820 794 2821 761 2822 762 2823 821 2824 820 2825 784 2826 785 2827 839 2828 838 2829 727 2830 726 2831 803 2832 804 2833 699 2834 703 2835 797 2836 793 2837 750 2838 751 2839 810 2840 809 2841 786 2842 789 2843 843 2844 840 2845 749 2846 750 2847 809 2848 808 2849 772 2850 773 2851 827 2852 826 2853 778 2854 779 2855 833 2856 832 2857 755 2858 756 2859 815 2860 814 2861 699 2862 700 2863 794 2864 793 2865 777 2866 778 2867 832 2868 831 2869 783 2870 784 2871 838 2872 837 2873 760 2874 761 2875 820 2876 819 2877 697 2878 698 2879 792 2880 791 2881 702 2882 703 2883 797 2884 796 2885 726 2886 725 2887 802 2888 803 2889 788 2890 789 2891 843 2892 842 2893 771 2894 772 2895 826 2896 825 2897 748 2898 749 2899 808 2900 807 2901 725 2902 724 2903 801 2904 802 2905 754 2906 755 2907 814 2908 813 2909 753 2910 754 2911 813 2912 812 2913 776 2914 777 2915 831 2916 830 2917 782 2918 783 2919 837 2920 836 2921 759 2922 760 2923 819 2924 818 2925 696 2926 697 2927 791 2928 790 2929 747 2930 746 2931 805 2932 806 2933 781 2934 782 2935 836 2936 835 2937 787 2938 788 2939 842 2940 841 2941 764 2942 765 2943 824 2944 823 2945 758 2946 691 2947 692 2948 766 2949 765 2950 764 2951 763 2952 762 2953 761 2954 760 2955 759 2956 698 2957 690 2958 691 2959 758 2960 757 2961 756 2962 755 2963 754 2964 753 2965 752 2966 751 2967 750 2968 697 2969 689 2970 690 2971 698 2972 747 2973 746 2974 702 2975 774 2976 828 2977 844 2978 845 2979 778 2980 777 2981 776 2982 775 2983 700 2984 701 2985 696 2986 845 2987 688 2988 703 2989 699 2990 748 2991 696 2992 697 2993 750 2994 749 2995 696 2996 748 2997 785 2998 845 2999 778 3000 784 3001 783 3002 782 3003 781 3004 780 3005 779 3006 784 3007 778 3008 845 3009 785 3010 789 3011 786 3012 768 3013 767 3014 766 3015 766 3016 692 3017 789 3018 789 3019 692 3020 693 3021 788 3022 693 3023 694 3024 695 3025 786 3026 787 3027 788 3028 774 3029 773 3030 772 3031 771 3032 770 3033 769 3034 768 3035 786 3036 695 3037 844 3038 889 3085 890 3086 912 3087 911 3088 885 3089 886 3090 908 3091 907 3092 881 3093 882 3094 904 3095 903 3096 877 3097 878 3098 900 3099 899 3100 873 3101 874 3102 896 3103 895 3104 891 3105 890 3106 912 3107 913 3108 886 3109 887 3110 909 3111 908 3112 874 3113 875 3114 897 3115 896 3116 870 3117 871 3118 893 3119 892 3120 882 3121 883 3122 905 3123 904 3124 878 3125 879 3126 901 3127 900 3128 870 3129 891 3130 913 3131 892 3132 887 3133 888 3134 910 3135 909 3136 879 3137 880 3138 902 3139 901 3140 875 3141 876 3142 898 3143 897 3144 871 3145 872 3146 894 3147 893 3148 883 3149 884 3150 906 3151 905 3152 888 3153 889 3154 911 3155 910 3156 884 3157 885 3158 907 3159 906 3160 880 3161 881 3162 903 3163 902 3164 876 3165 877 3166 899 3167 898 3168 872 3169 873 3170 895 3171 894 3172 858 3195 873 3196 872 3197 857 3198 859 3199 874 3200 873 3201 858 3202 860 3203 875 3204 874 3205 859 3206 861 3207 876 3208 875 3209 860 3210 862 3211 877 3212 876 3213 861 3214 850 3215 882 3216 881 3217 849 3218 851 3219 883 3220 882 3221 850 3222 852 3223 884 3224 883 3225 851 3226 853 3227 885 3228 884 3229 852 3230 854 3231 886 3232 885 3233 853 3234 855 3235 887 3236 886 3237 854 3238 870 3239 887 3240 855 3241 871 3242 870 3243 855 3244 855 3245 856 3246 871 3247 857 3248 872 3249 871 3250 856 3251 888 3252 887 3253 870 3254 891 3255 890 3256 889 3257 849 3258 881 3259 880 3260 879 3261 867 3262 866 3263 863 3264 864 3265 865 3266 878 3267 877 3268 862 3269 867 3270 879 3271 878 3272 865 3273 869 3274 868 3275 866 3276 867 3277 939 3278 938 3279 863 3280 862 3281 935 3282 936 3283 859 3284 858 3285 931 3286 932 3287 692 3288 691 3289 917 3290 918 3291 855 3292 854 3293 927 3294 928 3295 851 3296 850 3297 923 3298 924 3299 867 3300 868 3301 940 3302 939 3303 864 3304 863 3305 936 3306 937 3307 860 3308 859 3309 932 3310 933 3311 852 3316 851 3317 924 3318 925 3319 693 3320 692 3321 918 3322 919 3323 856 3324 855 3325 928 3326 929 3327 868 3328 869 3329 941 3330 940 3331 861 3332 860 3333 933 3334 934 3335 694 3336 693 3337 919 3338 920 3339 857 3340 856 3341 929 3342 930 3343 690 3344 689 3345 915 3346 916 3347 853 3348 852 3349 925 3350 926 3351 849 3352 866 3353 938 3354 922 3355 862 3356 861 3357 934 3358 935 3359 695 3360 694 3361 920 3362 921 3363 858 3364 857 3365 930 3366 931 3367 691 3368 690 3369 916 3370 917 3371 854 3372 853 3373 926 3374 927 3375 850 3376 849 3377 922 3378 923 3379 688 3380 689 3381 702 3382 703 3383 1230 3720 1231 3721 1101 3722 1100 3723 1232 3808 1233 3809 1097 3810 1096 3811 1234 3812 1235 3813 1093 3814 1092 3815 1236 3816 1237 3817 1089 3818 1088 3819 1238 3820 1239 3821 1085 3822 1084 3823 1240 3824 1241 3825 1081 3826 1080 3827 1242 3828 1243 3829 1077 3830 1076 3831 1244 3832 1245 3833 1073 3834 1072 3835 1231 3836 1246 3837 1070 3838 1101 3839 1233 3840 1247 3841 1098 3842 1097 3843 1235 3844 1248 3845 1094 3846 1093 3847 1237 3848 1249 3849 1090 3850 1089 3851 1239 3852 1250 3853 1086 3854 1085 3855 1241 3856 1251 3857 1082 3858 1081 3859 1243 3860 1252 3861 1078 3862 1077 3863 1245 3864 1253 3865 1074 3866 1073 3867 1247 3868 1254 3869 1099 3870 1098 3871 1248 3872 1255 3873 1095 3874 1094 3875 1249 3876 1256 3877 1091 3878 1090 3879 1250 3880 1257 3881 1087 3882 1086 3883 1253 3884 1258 3885 1075 3886 1074 3887 1246 3888 1259 3889 1071 3890 1070 3891 1251 3892 1260 3893 1083 3894 1082 3895 1252 3896 1261 3897 1079 3898 1078 3899 1254 3900 1230 3901 1100 3902 1099 3903 1255 3904 1232 3905 1096 3906 1095 3907 1256 3908 1234 3909 1092 3910 1091 3911 1257 3912 1236 3913 1088 3914 1087 3915 1261 3916 1240 3917 1080 3918 1079 3919 1258 3920 1242 3921 1076 3922 1075 3923 1259 3924 1244 3925 1072 3926 1071 3927 1260 3928 1238 3929 1084 3930 1083 3931 1229 4216 1205 4217 1180 4218 1197 4219 1228 4220 1204 4221 1178 4222 1196 4223 1225 4224 1200 4225 1170 4226 1193 4227 1198 4228 1206 4229 1167 4230 1166 4231 1199 4232 1207 4233 1169 4234 1168 4235 1200 4236 1208 4237 1171 4238 1170 4239 1201 4240 1209 4241 1173 4242 1172 4243 1202 4244 1210 4245 1175 4246 1174 4247 1203 4248 1211 4249 1177 4250 1176 4251 1204 4252 1212 4253 1179 4254 1178 4255 1205 4256 1213 4257 1181 4258 1180 4259 1206 4260 1214 4261 1182 4262 1167 4263 1207 4264 1215 4265 1183 4266 1169 4267 1208 4268 1216 4269 1184 4270 1171 4271 1209 4272 1217 4273 1185 4274 1173 4275 1210 4276 1218 4277 1186 4278 1175 4279 1211 4280 1219 4281 1187 4282 1177 4283 1212 4284 1220 4285 1188 4286 1179 4287 1213 4288 1221 4289 1189 4290 1181 4291 1214 4292 1222 4293 1190 4294 1182 4295 1215 4296 1223 4297 1191 4298 1183 4299 1216 4300 1224 4301 1192 4302 1184 4303 1217 4304 1225 4305 1193 4306 1185 4307 1221 4308 1226 4309 1194 4310 1189 4311 1222 4312 1202 4313 1174 4314 1190 4315 1218 4316 1227 4317 1195 4318 1186 4319 1219 4320 1228 4321 1196 4322 1187 4323 1220 4324 1229 4325 1197 4326 1188 4327 1223 4328 1198 4329 1166 4330 1191 4331 1224 4332 1199 4333 1168 4334 1192 4335 1227 4336 1203 4337 1176 4338 1195 4339 1226 4340 1201 4341 1172 4342 1194 4343 969 12536 967 12537 3191 12538 3208 12539 1003 12540 1001 12541 3220 12542 3221 12543 977 12544 975 12545 3190 12546 3214 12547 995 12548 993 12549 3218 12550 3219 12551 987 12552 985 12553 3216 12554 3217 12555 979 12556 977 12557 3214 12558 3215 12559 955 12560 953 12561 3212 12562 3213 12563 963 12564 961 12565 3210 12566 3211 12567 971 12568 969 12569 3208 12570 3209 12571 945 12572 1007 12573 3206 12574 3207 12575 1005 12576 1003 12577 3221 12578 3205 12579 997 12580 995 12581 3219 12582 3204 12583 989 12584 987 12585 3217 12586 3203 12587 981 12588 979 12589 3215 12590 3202 12591 949 12592 947 12593 3200 12594 3201 12595 957 12596 955 12597 3213 12598 3199 12599 965 12600 963 12601 3211 12602 3198 12603 973 12604 971 12605 3209 12606 3197 12607 1007 12608 1005 12609 3205 12610 3206 12611 999 12612 997 12613 3204 12614 3196 12615 991 12616 989 12617 3203 12618 3195 12619 983 12620 981 12621 3202 12622 3194 12623 951 12624 949 12625 3201 12626 3193 12627 959 12628 957 12629 3199 12630 3192 12631 967 12632 965 12633 3198 12634 3191 12635 975 12636 973 12637 3197 12638 3190 12639 1001 12640 999 12641 3196 12642 3220 12643 993 12644 991 12645 3195 12646 3218 12647 985 12648 983 12649 3194 12650 3216 12651 947 12652 945 12653 3207 12654 3200 12655 953 12656 951 12657 3193 12658 3212 12659 961 12660 959 12661 3192 12662 3210 12663 3230 12664 3231 12665 3223 12666 3222 12667 1180 12668 1181 12669 3225 12670 3224 12671 3228 12672 3224 12673 3225 12674 3229 12675 3223 12676 3226 12677 3227 12678 3222 12679 3226 12680 3228 12681 3229 12682 3227 12683 1174 12684 1175 12685 3231 12686 3230 12687</p></polylist>
        <polylist count="2048" material="Material.004"><input semantic="VERTEX" offset="0" source="#Plane.002-VERTEX"/><input semantic="NORMAL" offset="1" source="#Plane.002-Normal0"/><vcount>4 4 4 4 4 4 4 4 4 4 4 4 4 4 4 4 4 4 4 4 4 4 4 4 4 4 4 4 4 4 4 4 4 4 4 4 4 4 4 4 4 4 4 4 4 4 4 4 4 4 4 4 4 4 4 4 4 4 4 4 4 4 4 4 4 4 4 4 4 4 4 4 4 4 4 4 4 4 4 4 4 4 4 4 4 4 4 4 4 4 4 4 4 4 4 4 4 4 4 4 4 4 4 4 4 4 4 4 4 4 4 4 4 4 4 4 4 4 4 4 4 4 4 4 4 4 4 4 4 4 4 4 4 4 4 4 4 4 4 4 4 4 4 4 4 4 4 4 4 4 4 4 4 4 4 4 4 4 4 4 4 4 4 4 4 4 4 4 4 4 4 4 4 4 4 4 4 4 4 4 4 4 4 4 4 4 4 4 4 4 4 4 4 4 4 4 4 4 4 4 4 4 4 4 4 4 4 4 4 4 4 4 4 4 4 4 4 4 4 4 4 4 4 4 4 4 4 4 4 4 4 4 4 4 4 4 4 4 4 4 4 4 4 4 4 4 4 4 4 4 4 4 4 4 4 4 4 4 4 4 4 4 4 4 4 4 4 4 4 4 4 4 4 4 4 4 4 4 4 4 4 4 4 4 4 4 4 4 4 4 4 4 4 4 4 4 4 4 4 4 4 4 4 4 4 4 4 4 4 4 4 4 4 4 4 4 4 4 4 4 4 4 4 4 4 4 4 4 4 4 4 4 4 4 4 4 4 4 4 4 4 4 4 4 4 4 4 4 4 4 4 4 4 4 4 4 4 4 4 4 4 4 4 4 4 4 4 4 4 4 4 4 4 4 4 4 4 4 4 4 4 4 4 4 4 4 4 4 4 4 4 4 4 4 4 4 4 4 4 4 4 4 4 4 4 4 4 4 4 4 4 4 4 4 4 4 4 4 4 4 4 4 4 4 4 4 4 4 4 4 4 4 4 4 3 3 3 3 3 3 3 3 3 3 3 3 3 3 3 3 3 3 3 3 3 3 3 3 3 3 3 3 3 3 3 3 3 3 3 3 3 3 3 3 3 3 3 3 3 3 3 3 3 3 3 3 3 3 3 3 3 3 3 3 3 3 4 3 4 4 4 4 3 4 4 4 4 4 4 4 4 4 4 4 4 4 4 4 4 4 4 4 4 4 4 4 4 4 4 4 4 4 4 4 4 4 4 4 4 4 4 4 4 4 4 4 4 4 4 4 4 4 4 4 4 4 4 4 4 4 4 4 4 4 4 4 4 4 4 4 4 4 4 4 4 4 4 4 4 4 4 4 4 4 4 4 4 4 4 4 4 4 4 4 4 4 4 4 4 4 4 4 4 4 4 4 4 4 4 4 4 4 4 4 4 4 4 4 4 4 4 4 4 4 4 4 4 4 4 4 4 4 4 4 4 4 4 4 4 4 4 4 4 4 4 4 4 4 4 4 4 4 4 4 4 4 4 4 4 4 4 4 4 4 4 4 4 4 4 4 4 4 4 4 4 4 4 4 4 4 4 4 4 4 4 4 4 4 4 4 4 4 4 4 4 4 4 4 4 4 4 4 4 4 4 4 4 4 4 4 4 4 4 4 4 4 4 4 4 4 4 4 4 4 4 4 4 4 4 4 4 4 4 4 4 4 4 4 4 4 4 4 4 4 4 4 4 4 4 4 4 4 4 4 4 4 4 4 4 4 4 4 4 4 4 4 4 4 4 4 4 4 4 4 4 4 4 4 4 4 4 4 4 4 4 4 4 4 4 4 4 4 4 4 4 4 4 4 4 4 4 4 4 4 4 4 4 4 4 4 4 4 4 4 4 4 4 4 4 4 4 4 4 4 4 4 4 4 4 4 4 4 4 4 4 4 4 4 4 4 4 4 4 4 4 4 4 4 4 4 4 4 4 4 4 4 4 4 4 4 4 4 4 4 4 4 4 4 4 4 4 4 4 4 4 4 4 4 4 4 4 4 4 4 4 4 4 4 4 4 4 4 4 4 4 4 4 4 4 4 4 4 4 4 4 4 4 4 4 4 4 4 4 4 4 4 4 4 4 4 4 4 4 4 4 4 4 4 4 4 4 4 4 4 4 4 4 4 4 4 4 4 4 4 4 4 3 3 3 3 3 3 3 3 3 3 3 3 3 3 3 3 3 3 3 3 3 3 3 3 3 3 3 3 3 3 3 3 3 3 3 3 3 3 3 3 3 3 3 3 3 3 3 3 3 3 3 3 3 3 3 3 3 3 3 3 3 3 4 3 4 4 4 4 3 4 4 4 4 4 4 4 4 4 4 4 4 4 4 4 4 4 4 4 4 4 4 4 4 4 4 4 4 4 4 4 4 4 4 4 4 4 4 4 4 4 4 4 4 4 4 4 4 4 4 4 4 4 4 4 4 4 4 4 4 4 4 4 4 4 4 4 4 4 4 4 4 4 4 4 4 4 4 4 4 4 4 4 4 4 4 4 4 4 4 4 4 4 4 4 4 4 4 4 4 4 4 4 4 4 4 4 4 4 4 4 4 4 4 4 4 4 4 4 4 4 4 4 4 4 4 4 4 4 4 4 4 4 4 4 4 4 4 4 4 4 4 4 4 4 4 4 4 4 4 4 4 4 4 4 4 4 4 4 4 4 4 4 4 4 4 4 4 4 4 4 4 4 4 4 4 4 4 4 4 4 4 4 4 4 4 4 4 4 4 4 4 4 4 4 4 4 4 4 4 4 4 4 4 4 4 4 4 4 4 4 4 4 4 4 4 4 4 4 4 4 4 4 4 4 4 4 4 4 4 4 4 4 4 4 4 4 4 4 4 4 4 4 4 4 4 4 4 4 4 4 4 4 4 4 4 4 4 4 4 4 4 4 4 4 4 4 4 4 4 4 4 4 4 4 4 4 4 4 4 4 4 4 4 4 4 4 4 4 4 4 4 4 4 4 4 4 4 4 4 4 4 4 4 4 4 4 4 4 4 4 4 4 4 4 4 4 4 4 4 4 4 4 4 4 4 4 4 4 4 4 4 4 4 4 4 4 4 4 4 4 4 4 4 4 4 4 4 4 4 4 4 4 4 4 4 4 4 4 4 4 4 4 4 4 4 4 4 4 4 4 4 4 4 4 4 4 4 4 4 4 4 4 4 4 4 4 4 4 4 4 4 4 4 4 4 4 4 4 4 4 4 4 4 4 4 4 4 4 4 4 4 4 4 4 4 4 4 4 4 4 4 4 4 4 4 4 4 4 4 4 4 4 4 4 4 4 4 4 4 4 4 4 3 3 3 3 3 3 3 3 3 3 3 3 3 3 3 3 3 3 3 3 3 3 3 3 3 3 3 3 3 3 3 3 3 3 3 3 3 3 3 3 3 3 3 3 3 3 3 3 3 3 3 3 3 3 3 3 3 3 3 3 3 3 4 3 4 4 4 4 3 4 4 4 4 4 4 4 4 4 4 4 4 4 4 4 4 4 4 4 4 4 4 4 4 4 4 4 4 4 4 4 4 4 4 4 4 4 4 4 4 4 4 4 4 4 4 4 4 4 4 4 4 4 4 4 4 4 4 4 4 4 4 4 4 4 4 4 4 4 4 4 4 4 4 4 4 4 4 4 4 4 4 4 4 4 4 4 4 4 4 4 4 4 4 4 4 4 4 4 4 4 4 4 4 4 4 4 4 4 4 4 4 4 4 4 4 4 4 4 4 4 4 4 4 4 4 4 4 4 4 4 4 4 4 4 4 4 4 4 4 4 4 4 4 4 4 4 4 4 4 4 4 4 4 4 4 4 4 4 4 4 4 4 4 4 4 4 4 4 4 4 4 4 4 4 4 4 4 4 4 4 4 4 4 4 4 4 4 4 4 4 4 4 4 4 4 4 4 4 4 4 4 4 4 4 4 4 4 4 4 4 4 4 4 4 4 4 4 4 4 4 4 4 4 4 4 4 4 4 4 4 4 4 4 4 4 4 4 4 4 4 4 4 4 4 4 4 4 4 4 4 4 4 4 4 4 4 4 4 4 4 4 4 4 4 4 4 4 4 4 4 4 4 4 4 4 4 4 4 4 4 4 4 4 4 4 4 4 4 4 4 4 4 4 4 4 4 4 4 4 4 4 4 4 4 4 4 4 4 4 4 4 4 4 4 4 4 4 4 4 4 4 4 4 4 4 4 4 4 4 4 4 4 4 4 4 4 4 4 4 4 4 4 4 4 4 4 4 4 4 4 4 4 4 4 4 4 4 4 4 4 4 4 4 4 4 4 4 4 4 4 4 4 4 4 4 4 4 4 4 4 4 4 4 4 4 4 4 4 4 4 4 4 4 4 4 4 4 4 4 4 4 4 4 4 4 4 4 4 4 4 4 4 4 4 4 4 4 4 4 4 4 4 4 4 4 4 4 4 4 4 4 4 4 4 4 4 4 4 4 4 4 4 3 3 3 3 3 3 3 3 3 3 3 3 3 3 3 3 3 3 3 3 3 3 3 3 3 3 3 3 3 3 3 3 3 3 3 3 3 3 3 3 3 3 3 3 3 3 3 3 3 3 3 3 3 3 3 3 3 3 3 3 3 3 4 3 4 4 4 4 3 4 4 4 4 4 4 4 4 4 </vcount><p> 1274 4600 1273 4601 1288 4602 1289 4603 1270 4604 1269 4605 1284 4606 1285 4607 1266 4608 1265 4609 1280 4610 1281 4611 1275 4612 1274 4613 1289 4614 1290 4615 1271 4616 1270 4617 1285 4618 1286 4619 1267 4620 1266 4621 1281 4622 1282 4623 1263 4624 1262 4625 1277 4626 1278 4627 1264 4628 1263 4629 1278 4630 1279 4631 1276 4632 1275 4633 1290 4634 1291 4635 1272 4636 1271 4637 1286 4638 1287 4639 1268 4640 1267 4641 1282 4642 1283 4643 1269 4644 1268 4645 1283 4646 1284 4647 1265 4648 1264 4649 1279 4650 1280 4651 1273 4652 1272 4653 1287 4654 1288 4655 1289 4656 1288 4657 1303 4658 1304 4659 1285 4660 1284 4661 1299 4662 1300 4663 1281 4664 1280 4665 1295 4666 1296 4667 1278 4668 1277 4669 1292 4670 1293 4671 1290 4672 1289 4673 1304 4674 1305 4675 1286 4676 1285 4677 1300 4678 1301 4679 1282 4680 1281 4681 1296 4682 1297 4683 1283 4684 1282 4685 1297 4686 1298 4687 1279 4688 1278 4689 1293 4690 1294 4691 1291 4692 1290 4693 1305 4694 1306 4695 1287 4696 1286 4697 1301 4698 1302 4699 1288 4700 1287 4701 1302 4702 1303 4703 1284 4704 1283 4705 1298 4706 1299 4707 1280 4708 1279 4709 1294 4710 1295 4711 1295 4712 1294 4713 1309 4714 1310 4715 1303 4716 1302 4717 1317 4718 1318 4719 1299 4720 1298 4721 1313 4722 1314 4723 1300 4724 1299 4725 1314 4726 1315 4727 1296 4728 1295 4729 1310 4730 1311 4731 1304 4732 1303 4733 1318 4734 1319 4735 1305 4736 1304 4737 1319 4738 1320 4739 1301 4740 1300 4741 1315 4742 1316 4743 1297 4744 1296 4745 1311 4746 1312 4747 1293 4748 1292 4749 1307 4750 1308 4751 1306 4752 1305 4753 1320 4754 1321 4755 1302 4756 1301 4757 1316 4758 1317 4759 1298 4760 1297 4761 1312 4762 1313 4763 1294 4764 1293 4765 1308 4766 1309 4767 1317 4768 1316 4769 1331 4770 1332 4771 1313 4772 1312 4773 1327 4774 1328 4775 1309 4776 1308 4777 1323 4778 1324 4779 1321 4780 1320 4781 1335 4782 1336 4783 1318 4784 1317 4785 1332 4786 1333 4787 1314 4788 1313 4789 1328 4790 1329 4791 1310 4792 1309 4793 1324 4794 1325 4795 1319 4796 1318 4797 1333 4798 1334 4799 1315 4800 1314 4801 1329 4802 1330 4803 1311 4804 1310 4805 1325 4806 1326 4807 1312 4808 1311 4809 1326 4810 1327 4811 1308 4812 1307 4813 1322 4814 1323 4815 1320 4816 1319 4817 1334 4818 1335 4819 1316 4820 1315 4821 1330 4822 1331 4823 1335 4824 1334 4825 1349 4826 1350 4827 1331 4828 1330 4829 1345 4830 1346 4831 1327 4832 1326 4833 1341 4834 1342 4835 1323 4836 1322 4837 1337 4838 1338 4839 1324 4840 1323 4841 1338 4842 1339 4843 1336 4844 1335 4845 1350 4846 1351 4847 1332 4848 1331 4849 1346 4850 1347 4851 1328 4852 1327 4853 1342 4854 1343 4855 1329 4856 1328 4857 1343 4858 1344 4859 1325 4860 1324 4861 1339 4862 1340 4863 1333 4864 1332 4865 1347 4866 1348 4867 1334 4868 1333 4869 1348 4870 1349 4871 1330 4872 1329 4873 1344 4874 1345 4875 1326 4876 1325 4877 1340 4878 1341 4879 1341 4880 1340 4881 1355 4882 1356 4883 1349 4884 1348 4885 1363 4886 1364 4887 1345 4888 1344 4889 1359 4890 1360 4891 1346 4892 1345 4893 1360 4894 1361 4895 1342 4896 1341 4897 1356 4898 1357 4899 1338 4900 1337 4901 1352 4902 1353 4903 1350 4904 1349 4905 1364 4906 1365 4907 1351 4908 1350 4909 1365 4910 1366 4911 1347 4912 1346 4913 1361 4914 1362 4915 1343 4916 1342 4917 1357 4918 1358 4919 1339 4920 1338 4921 1353 4922 1354 4923 1348 4924 1347 4925 1362 4926 1363 4927 1344 4928 1343 4929 1358 4930 1359 4931 1340 4932 1339 4933 1354 4934 1355 4935 1363 4936 1362 4937 1377 4938 1378 4939 1359 4940 1358 4941 1373 4942 1374 4943 1355 4944 1354 4945 1369 4946 1370 4947 1364 4948 1363 4949 1378 4950 1379 4951 1360 4952 1359 4953 1374 4954 1375 4955 1356 4956 1355 4957 1370 4958 1371 4959 1353 4960 1352 4961 1367 4962 1368 4963 1365 4964 1364 4965 1379 4966 1380 4967 1361 4968 1360 4969 1375 4970 1376 4971 1357 4972 1356 4973 1371 4974 1372 4975 1358 4976 1357 4977 1372 4978 1373 4979 1354 4980 1353 4981 1368 4982 1369 4983 1366 4984 1365 4985 1380 4986 1381 4987 1362 4988 1361 4989 1376 4990 1377 4991 1381 4992 1380 4993 1395 4994 1396 4995 1377 4996 1376 4997 1391 4998 1392 4999 1373 5000 1372 5001 1387 5002 1388 5003 1369 5004 1368 5005 1383 5006 1384 5007 1370 5008 1369 5009 1384 5010 1385 5011 1378 5012 1377 5013 1392 5014 1393 5015 1374 5016 1373 5017 1388 5018 1389 5019 1375 5020 1374 5021 1389 5022 1390 5023 1371 5024 1370 5025 1385 5026 1386 5027 1379 5028 1378 5029 1393 5030 1394 5031 1380 5032 1379 5033 1394 5034 1395 5035 1376 5036 1375 5037 1390 5038 1391 5039 1372 5040 1371 5041 1386 5042 1387 5043 1368 5044 1367 5045 1382 5046 1383 5047 1387 5048 1386 5049 1401 5050 1402 5051 1383 5052 1382 5053 1397 5054 1398 5055 1395 5056 1394 5057 1409 5058 1410 5059 1391 5060 1390 5061 1405 5062 1406 5063 1392 5064 1391 5065 1406 5066 1407 5067 1388 5068 1387 5069 1402 5070 1403 5071 1384 5072 1383 5073 1398 5074 1399 5075 1396 5076 1395 5077 1410 5078 1411 5079 1393 5080 1392 5081 1407 5082 1408 5083 1389 5084 1388 5085 1403 5086 1404 5087 1385 5088 1384 5089 1399 5090 1400 5091 1394 5092 1393 5093 1408 5094 1409 5095 1390 5096 1389 5097 1404 5098 1405 5099 1386 5100 1385 5101 1400 5102 1401 5103 1409 5104 1408 5105 1423 5106 1424 5107 1405 5108 1404 5109 1419 5110 1420 5111 1401 5112 1400 5113 1415 5114 1416 5115 1410 5116 1409 5117 1424 5118 1425 5119 1406 5120 1405 5121 1420 5122 1421 5123 1402 5124 1401 5125 1416 5126 1417 5127 1398 5128 1397 5129 1412 5130 1413 5131 1399 5132 1398 5133 1413 5134 1414 5135 1411 5136 1410 5137 1425 5138 1426 5139 1407 5140 1406 5141 1421 5142 1422 5143 1403 5144 1402 5145 1417 5146 1418 5147 1404 5148 1403 5149 1418 5150 1419 5151 1400 5152 1399 5153 1414 5154 1415 5155 1408 5156 1407 5157 1422 5158 1423 5159 1423 5160 1422 5161 1437 5162 1438 5163 1419 5164 1418 5165 1433 5166 1434 5167 1415 5168 1414 5169 1429 5170 1430 5171 1416 5172 1415 5173 1430 5174 1431 5175 1424 5176 1423 5177 1438 5178 1439 5179 1420 5180 1419 5181 1434 5182 1435 5183 1421 5184 1420 5185 1435 5186 1436 5187 1417 5188 1416 5189 1431 5190 1432 5191 1413 5192 1412 5193 1427 5194 1428 5195 1425 5196 1424 5197 1439 5198 1440 5199 1426 5200 1425 5201 1440 5202 1441 5203 1422 5204 1421 5205 1436 5206 1437 5207 1418 5208 1417 5209 1432 5210 1433 5211 1414 5212 1413 5213 1428 5214 1429 5215 1433 5216 1432 5217 1447 5218 1448 5219 1429 5220 1428 5221 1443 5222 1444 5223 1441 5224 1440 5225 1455 5226 1456 5227 1437 5228 1436 5229 1451 5230 1452 5231 1438 5232 1437 5233 1452 5234 1453 5235 1434 5236 1433 5237 1448 5238 1449 5239 1430 5240 1429 5241 1444 5242 1445 5243 1439 5244 1438 5245 1453 5246 1454 5247 1435 5248 1434 5249 1449 5250 1450 5251 1431 5252 1430 5253 1445 5254 1446 5255 1428 5256 1427 5257 1442 5258 1443 5259 1440 5260 1439 5261 1454 5262 1455 5263 1436 5264 1435 5265 1450 5266 1451 5267 1432 5268 1431 5269 1446 5270 1447 5271 1455 5272 1454 5273 1469 5274 1470 5275 1451 5276 1450 5277 1465 5278 1466 5279 1447 5280 1446 5281 1461 5282 1462 5283 1443 5284 1442 5285 1457 5286 1458 5287 1456 5288 1455 5289 1470 5290 1471 5291 1452 5292 1451 5293 1466 5294 1467 5295 1448 5296 1447 5297 1462 5298 1463 5299 1444 5300 1443 5301 1458 5302 1459 5303 1445 5304 1444 5305 1459 5306 1460 5307 1453 5308 1452 5309 1467 5310 1468 5311 1449 5312 1448 5313 1463 5314 1464 5315 1450 5316 1449 5317 1464 5318 1465 5319 1446 5320 1445 5321 1460 5322 1461 5323 1454 5324 1453 5325 1468 5326 1469 5327 1469 5328 1468 5329 1483 5330 1484 5331 1465 5332 1464 5333 1479 5334 1480 5335 1461 5336 1460 5337 1475 5338 1476 5339 1462 5340 1461 5341 1476 5342 1477 5343 1458 5344 1457 5345 1472 5346 1473 5347 1470 5348 1469 5349 1484 5350 1485 5351 1466 5352 1465 5353 1480 5354 1481 5355 1467 5356 1466 5357 1481 5358 1482 5359 1463 5360 1462 5361 1477 5362 1478 5363 1459 5364 1458 5365 1473 5366 1474 5367 1471 5368 1470 5369 1485 5370 1486 5371 1468 5372 1467 5373 1482 5374 1483 5375 1464 5376 1463 5377 1478 5378 1479 5379 1460 5380 1459 5381 1474 5382 1475 5383 1479 5384 1478 5385 1493 5386 1494 5387 1475 5388 1474 5389 1489 5390 1490 5391 1483 5392 1482 5393 1497 5394 1498 5395 1484 5396 1483 5397 1498 5398 1499 5399 1480 5400 1479 5401 1494 5402 1495 5403 1476 5404 1475 5405 1490 5406 1491 5407 1485 5408 1484 5409 1499 5410 1500 5411 1481 5412 1480 5413 1495 5414 1496 5415 1477 5416 1476 5417 1491 5418 1492 5419 1473 5420 1472 5421 1487 5422 1488 5423 1474 5424 1473 5425 1488 5426 1489 5427 1486 5428 1485 5429 1500 5430 1501 5431 1482 5432 1481 5433 1496 5434 1497 5435 1478 5436 1477 5437 1492 5438 1493 5439 1501 5440 1500 5441 1515 5442 1516 5443 1497 5444 1496 5445 1511 5446 1512 5447 1493 5448 1492 5449 1507 5450 1508 5451 1489 5452 1488 5453 1503 5454 1504 5455 1498 5456 1497 5457 1512 5458 1513 5459 1494 5460 1493 5461 1508 5462 1509 5463 1490 5464 1489 5465 1504 5466 1505 5467 1491 5468 1490 5469 1505 5470 1506 5471 1499 5472 1498 5473 1513 5474 1514 5475 1495 5476 1494 5477 1509 5478 1510 5479 1496 5480 1495 5481 1510 5482 1511 5483 1492 5484 1491 5485 1506 5486 1507 5487 1488 5488 1487 5489 1502 5490 1503 5491 1500 5492 1499 5493 1514 5494 1515 5495 1503 5496 1502 5497 1517 5498 1518 5499 1515 5500 1514 5501 1529 5502 1530 5503 1511 5504 1510 5505 1525 5506 1526 5507 1507 5508 1506 5509 1521 5510 1522 5511 1508 5512 1507 5513 1522 5514 1523 5515 1504 5516 1503 5517 1518 5518 1519 5519 1516 5520 1515 5521 1530 5522 1531 5523 1512 5524 1511 5525 1526 5526 1527 5527 1513 5528 1512 5529 1527 5530 1528 5531 1509 5532 1508 5533 1523 5534 1524 5535 1505 5536 1504 5537 1519 5538 1520 5539 1514 5540 1513 5541 1528 5542 1529 5543 1510 5544 1509 5545 1524 5546 1525 5547 1506 5548 1505 5549 1520 5550 1521 5551 1525 5552 1524 5553 1539 5554 1540 5555 1521 5556 1520 5557 1535 5558 1536 5559 1529 5560 1528 5561 1543 5562 1544 5563 1530 5564 1529 5565 1544 5566 1545 5567 1526 5568 1525 5569 1540 5570 1541 5571 1522 5572 1521 5573 1536 5574 1537 5575 1518 5576 1517 5577 1532 5578 1533 5579 1531 5580 1530 5581 1545 5582 1546 5583 1527 5584 1526 5585 1541 5586 1542 5587 1523 5588 1522 5589 1537 5590 1538 5591 1519 5592 1518 5593 1533 5594 1534 5595 1520 5596 1519 5597 1534 5598 1535 5599 1528 5600 1527 5601 1542 5602 1543 5603 1524 5604 1523 5605 1538 5606 1539 5607 1543 5608 1542 5609 1557 5610 1558 5611 1539 5612 1538 5613 1553 5614 1554 5615 1535 5616 1534 5617 1549 5618 1550 5619 1544 5620 1543 5621 1558 5622 1559 5623 1540 5624 1539 5625 1554 5626 1555 5627 1536 5628 1535 5629 1550 5630 1551 5631 1537 5632 1536 5633 1551 5634 1552 5635 1533 5636 1532 5637 1547 5638 1548 5639 1545 5640 1544 5641 1559 5642 1560 5643 1541 5644 1540 5645 1555 5646 1556 5647 1542 5648 1541 5649 1556 5650 1557 5651 1538 5652 1537 5653 1552 5654 1553 5655 1534 5656 1533 5657 1548 5658 1549 5659 1546 5660 1545 5661 1560 5662 1561 5663 1549 5664 1548 5665 1563 5666 1564 5667 1561 5668 1560 5669 1575 5670 1576 5671 1557 5672 1556 5673 1571 5674 1572 5675 1553 5676 1552 5677 1567 5678 1568 5679 1554 5680 1553 5681 1568 5682 1569 5683 1550 5684 1549 5685 1564 5686 1565 5687 1558 5688 1557 5689 1572 5690 1573 5691 1559 5692 1558 5693 1573 5694 1574 5695 1555 5696 1554 5697 1569 5698 1570 5699 1551 5700 1550 5701 1565 5702 1566 5703 1560 5704 1559 5705 1574 5706 1575 5707 1556 5708 1555 5709 1570 5710 1571 5711 1552 5712 1551 5713 1566 5714 1567 5715 1548 5716 1547 5717 1562 5718 1563 5719 1571 5720 1570 5721 1585 5722 1586 5723 1567 5724 1566 5725 1581 5726 1582 5727 1563 5728 1562 5729 1577 5730 1578 5731 1575 5732 1574 5733 1589 5734 1590 5735 1576 5736 1575 5737 1590 5738 1591 5739 1572 5740 1571 5741 1586 5742 1587 5743 1568 5744 1567 5745 1582 5746 1583 5747 1564 5748 1563 5749 1578 5750 1579 5751 1573 5752 1572 5753 1587 5754 1588 5755 1569 5756 1568 5757 1583 5758 1584 5759 1565 5760 1564 5761 1579 5762 1580 5763 1566 5764 1565 5765 1580 5766 1581 5767 1574 5768 1573 5769 1588 5770 1589 5771 1570 5772 1569 5773 1584 5774 1585 5775 1590 5776 1589 5777 1605 5778 1606 5779 1586 5780 1585 5781 1601 5782 1602 5783 1582 5784 1581 5785 1597 5786 1598 5787 1578 5788 1577 5789 1593 5790 1594 5791 1591 5792 1590 5793 1606 5794 1607 5795 1587 5796 1586 5797 1602 5798 1603 5799 1583 5800 1582 5801 1598 5802 1599 5803 1579 5804 1578 5805 1594 5806 1595 5807 1580 5808 1579 5809 1595 5810 1596 5811 1588 5812 1587 5813 1603 5814 1604 5815 1584 5816 1583 5817 1599 5818 1600 5819 1585 5820 1584 5821 1600 5822 1601 5823 1581 5824 1580 5825 1596 5826 1597 5827 1589 5828 1588 5829 1604 5830 1605 5831 1605 5832 1604 5833 1619 5834 1620 5835 1601 5836 1600 5837 1615 5838 1616 5839 1597 5840 1596 5841 1611 5842 1612 5843 1598 5844 1597 5845 1612 5846 1613 5847 1594 5848 1593 5849 1608 5850 1609 5851 1606 5852 1605 5853 1620 5854 1621 5855 1602 5856 1601 5857 1616 5858 1617 5859 1603 5860 1602 5861 1617 5862 1618 5863 1599 5864 1598 5865 1613 5866 1614 5867 1595 5868 1594 5869 1609 5870 1610 5871 1607 5872 1606 5873 1621 5874 1622 5875 1604 5876 1603 5877 1618 5878 1619 5879 1600 5880 1599 5881 1614 5882 1615 5883 1596 5884 1595 5885 1610 5886 1611 5887 1615 5888 1614 5889 1629 5890 1630 5891 1611 5892 1610 5893 1625 5894 1626 5895 1619 5896 1618 5897 1633 5898 1634 5899 1620 5900 1619 5901 1634 5902 1635 5903 1616 5904 1615 5905 1630 5906 1631 5907 1612 5908 1611 5909 1626 5910 1627 5911 1621 5912 1620 5913 1635 5914 1636 5915 1617 5916 1616 5917 1631 5918 1632 5919 1613 5920 1612 5921 1627 5922 1628 5923 1609 5924 1608 5925 1623 5926 1624 5927 1610 5928 1609 5929 1624 5930 1625 5931 1622 5932 1621 5933 1636 5934 1637 5935 1618 5936 1617 5937 1632 5938 1633 5939 1614 5940 1613 5941 1628 5942 1629 5943 1637 5944 1636 5945 1651 5946 1652 5947 1633 5948 1632 5949 1647 5950 1648 5951 1629 5952 1628 5953 1643 5954 1644 5955 1625 5956 1624 5957 1639 5958 1640 5959 1634 5960 1633 5961 1648 5962 1649 5963 1630 5964 1629 5965 1644 5966 1645 5967 1626 5968 1625 5969 1640 5970 1641 5971 1627 5972 1626 5973 1641 5974 1642 5975 1635 5976 1634 5977 1649 5978 1650 5979 1631 5980 1630 5981 1645 5982 1646 5983 1632 5984 1631 5985 1646 5986 1647 5987 1628 5988 1627 5989 1642 5990 1643 5991 1624 5992 1623 5993 1638 5994 1639 5995 1636 5996 1635 5997 1650 5998 1651 5999 1639 6000 1638 6001 1653 6002 1654 6003 1651 6004 1650 6005 1665 6006 1666 6007 1647 6008 1646 6009 1661 6010 1662 6011 1643 6012 1642 6013 1657 6014 1658 6015 1644 6016 1643 6017 1658 6018 1659 6019 1640 6020 1639 6021 1654 6022 1655 6023 1652 6024 1651 6025 1666 6026 1667 6027 1648 6028 1647 6029 1662 6030 1663 6031 1649 6032 1648 6033 1663 6034 1664 6035 1645 6036 1644 6037 1659 6038 1660 6039 1641 6040 1640 6041 1655 6042 1656 6043 1650 6044 1649 6045 1664 6046 1665 6047 1646 6048 1645 6049 1660 6050 1661 6051 1642 6052 1641 6053 1656 6054 1657 6055 1661 6056 1660 6057 1675 6058 1676 6059 1657 6060 1656 6061 1671 6062 1672 6063 1665 6064 1664 6065 1679 6066 1680 6067 1666 6068 1665 6069 1680 6070 1681 6071 1662 6072 1661 6073 1676 6074 1677 6075 1658 6076 1657 6077 1672 6078 1673 6079 1654 6080 1653 6081 1668 6082 1669 6083 1667 6084 1666 6085 1681 6086 1682 6087 1663 6088 1662 6089 1677 6090 1678 6091 1659 6092 1658 6093 1673 6094 1674 6095 1655 6096 1654 6097 1669 6098 1670 6099 1656 6100 1655 6101 1670 6102 1671 6103 1664 6104 1663 6105 1678 6106 1679 6107 1660 6108 1659 6109 1674 6110 1675 6111 1679 6112 1678 6113 1693 6114 1694 6115 1675 6116 1674 6117 1689 6118 1690 6119 1671 6120 1670 6121 1685 6122 1686 6123 1680 6124 1679 6125 1694 6126 1695 6127 1676 6128 1675 6129 1690 6130 1691 6131 1672 6132 1671 6133 1686 6134 1687 6135 1673 6136 1672 6137 1687 6138 1688 6139 1669 6140 1668 6141 1683 6142 1684 6143 1681 6144 1680 6145 1695 6146 1696 6147 1677 6148 1676 6149 1691 6150 1692 6151 1678 6152 1677 6153 1692 6154 1693 6155 1674 6156 1673 6157 1688 6158 1689 6159 1670 6160 1669 6161 1684 6162 1685 6163 1682 6164 1681 6165 1696 6166 1697 6167 1685 6168 1684 6169 1699 6170 1700 6171 1697 6172 1696 6173 1711 6174 1712 6175 1693 6176 1692 6177 1707 6178 1708 6179 1689 6180 1688 6181 1703 6182 1704 6183 1690 6184 1689 6185 1704 6186 1705 6187 1686 6188 1685 6189 1700 6190 1701 6191 1694 6192 1693 6193 1708 6194 1709 6195 1695 6196 1694 6197 1709 6198 1710 6199 1691 6200 1690 6201 1705 6202 1706 6203 1687 6204 1686 6205 1701 6206 1702 6207 1696 6208 1695 6209 1710 6210 1711 6211 1692 6212 1691 6213 1706 6214 1707 6215 1688 6216 1687 6217 1702 6218 1703 6219 1684 6220 1683 6221 1698 6222 1699 6223 1707 6224 1706 6225 1722 6226 1723 6227 1703 6228 1702 6229 1718 6230 1719 6231 1699 6232 1698 6233 1714 6234 1715 6235 1711 6236 1710 6237 1726 6238 1727 6239 1712 6240 1711 6241 1727 6242 1728 6243 1708 6244 1707 6245 1723 6246 1724 6247 1704 6248 1703 6249 1719 6250 1720 6251 1700 6252 1699 6253 1715 6254 1716 6255 1709 6256 1708 6257 1724 6258 1725 6259 1705 6260 1704 6261 1720 6262 1721 6263 1701 6264 1700 6265 1716 6266 1717 6267 1702 6268 1701 6269 1717 6270 1718 6271 1710 6272 1709 6273 1725 6274 1726 6275 1706 6276 1705 6277 1721 6278 1722 6279 1726 6280 1725 6281 1740 6282 1741 6283 1722 6284 1721 6285 1736 6286 1737 6287 1718 6288 1717 6289 1732 6290 1733 6291 1715 6292 1714 6293 1729 6294 1730 6295 1727 6296 1726 6297 1741 6298 1742 6299 1723 6300 1722 6301 1737 6302 1738 6303 1719 6304 1718 6305 1733 6306 1734 6307 1720 6308 1719 6309 1734 6310 1735 6311 1716 6312 1715 6313 1730 6314 1731 6315 1728 6316 1727 6317 1742 6318 1743 6319 1724 6320 1723 6321 1738 6322 1739 6323 1725 6324 1724 6325 1739 6326 1740 6327 1721 6328 1720 6329 1735 6330 1736 6331 1717 6332 1716 6333 1731 6334 1732 6335 1262 6336 1713 6337 1277 6338 1592 6339 1276 6340 1291 6341 1277 6342 1713 6343 1292 6344 1592 6345 1291 6346 1306 6347 1592 6348 1306 6349 1321 6350 1292 6351 1713 6352 1307 6353 1592 6354 1321 6355 1336 6356 1307 6357 1713 6358 1322 6359 1592 6360 1336 6361 1351 6362 1322 6363 1713 6364 1337 6365 1337 6366 1713 6367 1352 6368 1592 6369 1351 6370 1366 6371 1592 6372 1366 6373 1381 6374 1352 6375 1713 6376 1367 6377 1592 6378 1381 6379 1396 6380 1367 6381 1713 6382 1382 6383 1592 6384 1396 6385 1411 6386 1382 6387 1713 6388 1397 6389 1397 6390 1713 6391 1412 6392 1592 6393 1411 6394 1426 6395 1592 6396 1426 6397 1441 6398 1412 6399 1713 6400 1427 6401 1592 6402 1441 6403 1456 6404 1427 6405 1713 6406 1442 6407 1592 6408 1456 6409 1471 6410 1442 6411 1713 6412 1457 6413 1457 6414 1713 6415 1472 6416 1592 6417 1471 6418 1486 6419 1592 6420 1486 6421 1501 6422 1472 6423 1713 6424 1487 6425 1592 6426 1501 6427 1516 6428 1487 6429 1713 6430 1502 6431 1592 6432 1516 6433 1531 6434 1502 6435 1713 6436 1517 6437 1517 6438 1713 6439 1532 6440 1592 6441 1531 6442 1546 6443 1592 6444 1546 6445 1561 6446 1532 6447 1713 6448 1547 6449 1592 6450 1561 6451 1576 6452 1547 6453 1713 6454 1562 6455 1592 6456 1576 6457 1591 6458 1562 6459 1713 6460 1577 6461 1592 6462 1591 6463 1607 6464 1577 6465 1713 6466 1593 6467 1593 6468 1713 6469 1608 6470 1592 6471 1607 6472 1622 6473 1592 6474 1622 6475 1637 6476 1608 6477 1713 6478 1623 6479 1592 6480 1637 6481 1652 6482 1623 6483 1713 6484 1638 6485 1592 6486 1652 6487 1667 6488 1638 6489 1713 6490 1653 6491 1653 6492 1713 6493 1668 6494 1592 6495 1667 6496 1682 6497 1592 6498 1682 6499 1697 6500 1668 6501 1713 6502 1683 6503 1592 6504 1697 6505 1712 6506 1683 6507 1713 6508 1698 6509 1592 6510 1712 6511 1728 6512 1698 6513 1713 6514 1714 6515 1714 6516 1713 6517 1729 6518 1592 6519 1728 6520 1743 6521 1732 6522 1731 6523 1264 6524 1265 6525 1592 6526 1743 6527 1276 6528 1740 6529 1739 6530 1272 6531 1273 6532 1736 6533 1735 6534 1268 6535 1269 6536 1737 6537 1736 6538 1269 6539 1270 6540 1733 6541 1732 6542 1265 6543 1266 6544 1729 6545 1713 6546 1262 6547 1741 6548 1740 6549 1273 6550 1274 6551 1742 6552 1741 6553 1274 6554 1275 6555 1738 6556 1737 6557 1270 6558 1271 6559 1734 6560 1733 6561 1266 6562 1267 6563 1730 6564 1729 6565 1262 6566 1263 6567 1743 6568 1742 6569 1275 6570 1276 6571 1739 6572 1738 6573 1271 6574 1272 6575 1735 6576 1734 6577 1267 6578 1268 6579 1731 6580 1730 6581 1263 6582 1264 6583 1756 6584 1755 6585 1770 6586 1771 6587 1752 6588 1751 6589 1766 6590 1767 6591 1748 6592 1747 6593 1762 6594 1763 6595 1757 6596 1756 6597 1771 6598 1772 6599 1753 6600 1752 6601 1767 6602 1768 6603 1749 6604 1748 6605 1763 6606 1764 6607 1745 6608 1744 6609 1759 6610 1760 6611 1746 6612 1745 6613 1760 6614 1761 6615 1758 6616 1757 6617 1772 6618 1773 6619 1754 6620 1753 6621 1768 6622 1769 6623 1750 6624 1749 6625 1764 6626 1765 6627 1751 6628 1750 6629 1765 6630 1766 6631 1747 6632 1746 6633 1761 6634 1762 6635 1755 6636 1754 6637 1769 6638 1770 6639 1771 6640 1770 6641 1785 6642 1786 6643 1767 6644 1766 6645 1781 6646 1782 6647 1763 6648 1762 6649 1777 6650 1778 6651 1760 6652 1759 6653 1774 6654 1775 6655 1772 6656 1771 6657 1786 6658 1787 6659 1768 6660 1767 6661 1782 6662 1783 6663 1764 6664 1763 6665 1778 6666 1779 6667 1765 6668 1764 6669 1779 6670 1780 6671 1761 6672 1760 6673 1775 6674 1776 6675 1773 6676 1772 6677 1787 6678 1788 6679 1769 6680 1768 6681 1783 6682 1784 6683 1770 6684 1769 6685 1784 6686 1785 6687 1766 6688 1765 6689 1780 6690 1781 6691 1762 6692 1761 6693 1776 6694 1777 6695 1777 6696 1776 6697 1791 6698 1792 6699 1785 6700 1784 6701 1799 6702 1800 6703 1781 6704 1780 6705 1795 6706 1796 6707 1782 6708 1781 6709 1796 6710 1797 6711 1778 6712 1777 6713 1792 6714 1793 6715 1786 6716 1785 6717 1800 6718 1801 6719 1787 6720 1786 6721 1801 6722 1802 6723 1783 6724 1782 6725 1797 6726 1798 6727 1779 6728 1778 6729 1793 6730 1794 6731 1775 6732 1774 6733 1789 6734 1790 6735 1788 6736 1787 6737 1802 6738 1803 6739 1784 6740 1783 6741 1798 6742 1799 6743 1780 6744 1779 6745 1794 6746 1795 6747 1776 6748 1775 6749 1790 6750 1791 6751 1799 6752 1798 6753 1813 6754 1814 6755 1795 6756 1794 6757 1809 6758 1810 6759 1791 6760 1790 6761 1805 6762 1806 6763 1803 6764 1802 6765 1817 6766 1818 6767 1800 6768 1799 6769 1814 6770 1815 6771 1796 6772 1795 6773 1810 6774 1811 6775 1792 6776 1791 6777 1806 6778 1807 6779 1801 6780 1800 6781 1815 6782 1816 6783 1797 6784 1796 6785 1811 6786 1812 6787 1793 6788 1792 6789 1807 6790 1808 6791 1794 6792 1793 6793 1808 6794 1809 6795 1790 6796 1789 6797 1804 6798 1805 6799 1802 6800 1801 6801 1816 6802 1817 6803 1798 6804 1797 6805 1812 6806 1813 6807 1817 6808 1816 6809 1831 6810 1832 6811 1813 6812 1812 6813 1827 6814 1828 6815 1809 6816 1808 6817 1823 6818 1824 6819 1805 6820 1804 6821 1819 6822 1820 6823 1806 6824 1805 6825 1820 6826 1821 6827 1818 6828 1817 6829 1832 6830 1833 6831 1814 6832 1813 6833 1828 6834 1829 6835 1810 6836 1809 6837 1824 6838 1825 6839 1811 6840 1810 6841 1825 6842 1826 6843 1807 6844 1806 6845 1821 6846 1822 6847 1815 6848 1814 6849 1829 6850 1830 6851 1816 6852 1815 6853 1830 6854 1831 6855 1812 6856 1811 6857 1826 6858 1827 6859 1808 6860 1807 6861 1822 6862 1823 6863 1823 6864 1822 6865 1837 6866 1838 6867 1831 6868 1830 6869 1845 6870 1846 6871 1827 6872 1826 6873 1841 6874 1842 6875 1828 6876 1827 6877 1842 6878 1843 6879 1824 6880 1823 6881 1838 6882 1839 6883 1820 6884 1819 6885 1834 6886 1835 6887 1832 6888 1831 6889 1846 6890 1847 6891 1833 6892 1832 6893 1847 6894 1848 6895 1829 6896 1828 6897 1843 6898 1844 6899 1825 6900 1824 6901 1839 6902 1840 6903 1821 6904 1820 6905 1835 6906 1836 6907 1830 6908 1829 6909 1844 6910 1845 6911 1826 6912 1825 6913 1840 6914 1841 6915 1822 6916 1821 6917 1836 6918 1837 6919 1845 6920 1844 6921 1859 6922 1860 6923 1841 6924 1840 6925 1855 6926 1856 6927 1837 6928 1836 6929 1851 6930 1852 6931 1846 6932 1845 6933 1860 6934 1861 6935 1842 6936 1841 6937 1856 6938 1857 6939 1838 6940 1837 6941 1852 6942 1853 6943 1835 6944 1834 6945 1849 6946 1850 6947 1847 6948 1846 6949 1861 6950 1862 6951 1843 6952 1842 6953 1857 6954 1858 6955 1839 6956 1838 6957 1853 6958 1854 6959 1840 6960 1839 6961 1854 6962 1855 6963 1836 6964 1835 6965 1850 6966 1851 6967 1848 6968 1847 6969 1862 6970 1863 6971 1844 6972 1843 6973 1858 6974 1859 6975 1863 6976 1862 6977 1877 6978 1878 6979 1859 6980 1858 6981 1873 6982 1874 6983 1855 6984 1854 6985 1869 6986 1870 6987 1851 6988 1850 6989 1865 6990 1866 6991 1852 6992 1851 6993 1866 6994 1867 6995 1860 6996 1859 6997 1874 6998 1875 6999 1856 7000 1855 7001 1870 7002 1871 7003 1857 7004 1856 7005 1871 7006 1872 7007 1853 7008 1852 7009 1867 7010 1868 7011 1861 7012 1860 7013 1875 7014 1876 7015 1862 7016 1861 7017 1876 7018 1877 7019 1858 7020 1857 7021 1872 7022 1873 7023 1854 7024 1853 7025 1868 7026 1869 7027 1850 7028 1849 7029 1864 7030 1865 7031 1869 7032 1868 7033 1883 7034 1884 7035 1865 7036 1864 7037 1879 7038 1880 7039 1877 7040 1876 7041 1891 7042 1892 7043 1873 7044 1872 7045 1887 7046 1888 7047 1874 7048 1873 7049 1888 7050 1889 7051 1870 7052 1869 7053 1884 7054 1885 7055 1866 7056 1865 7057 1880 7058 1881 7059 1878 7060 1877 7061 1892 7062 1893 7063 1875 7064 1874 7065 1889 7066 1890 7067 1871 7068 1870 7069 1885 7070 1886 7071 1867 7072 1866 7073 1881 7074 1882 7075 1876 7076 1875 7077 1890 7078 1891 7079 1872 7080 1871 7081 1886 7082 1887 7083 1868 7084 1867 7085 1882 7086 1883 7087 1891 7088 1890 7089 1905 7090 1906 7091 1887 7092 1886 7093 1901 7094 1902 7095 1883 7096 1882 7097 1897 7098 1898 7099 1892 7100 1891 7101 1906 7102 1907 7103 1888 7104 1887 7105 1902 7106 1903 7107 1884 7108 1883 7109 1898 7110 1899 7111 1880 7112 1879 7113 1894 7114 1895 7115 1881 7116 1880 7117 1895 7118 1896 7119 1893 7120 1892 7121 1907 7122 1908 7123 1889 7124 1888 7125 1903 7126 1904 7127 1885 7128 1884 7129 1899 7130 1900 7131 1886 7132 1885 7133 1900 7134 1901 7135 1882 7136 1881 7137 1896 7138 1897 7139 1890 7140 1889 7141 1904 7142 1905 7143 1905 7144 1904 7145 1919 7146 1920 7147 1901 7148 1900 7149 1915 7150 1916 7151 1897 7152 1896 7153 1911 7154 1912 7155 1898 7156 1897 7157 1912 7158 1913 7159 1906 7160 1905 7161 1920 7162 1921 7163 1902 7164 1901 7165 1916 7166 1917 7167 1903 7168 1902 7169 1917 7170 1918 7171 1899 7172 1898 7173 1913 7174 1914 7175 1895 7176 1894 7177 1909 7178 1910 7179 1907 7180 1906 7181 1921 7182 1922 7183 1908 7184 1907 7185 1922 7186 1923 7187 1904 7188 1903 7189 1918 7190 1919 7191 1900 7192 1899 7193 1914 7194 1915 7195 1896 7196 1895 7197 1910 7198 1911 7199 1915 7200 1914 7201 1929 7202 1930 7203 1911 7204 1910 7205 1925 7206 1926 7207 1923 7208 1922 7209 1937 7210 1938 7211 1919 7212 1918 7213 1933 7214 1934 7215 1920 7216 1919 7217 1934 7218 1935 7219 1916 7220 1915 7221 1930 7222 1931 7223 1912 7224 1911 7225 1926 7226 1927 7227 1921 7228 1920 7229 1935 7230 1936 7231 1917 7232 1916 7233 1931 7234 1932 7235 1913 7236 1912 7237 1927 7238 1928 7239 1910 7240 1909 7241 1924 7242 1925 7243 1922 7244 1921 7245 1936 7246 1937 7247 1918 7248 1917 7249 1932 7250 1933 7251 1914 7252 1913 7253 1928 7254 1929 7255 1937 7256 1936 7257 1951 7258 1952 7259 1933 7260 1932 7261 1947 7262 1948 7263 1929 7264 1928 7265 1943 7266 1944 7267 1925 7268 1924 7269 1939 7270 1940 7271 1938 7272 1937 7273 1952 7274 1953 7275 1934 7276 1933 7277 1948 7278 1949 7279 1930 7280 1929 7281 1944 7282 1945 7283 1926 7284 1925 7285 1940 7286 1941 7287 1927 7288 1926 7289 1941 7290 1942 7291 1935 7292 1934 7293 1949 7294 1950 7295 1931 7296 1930 7297 1945 7298 1946 7299 1932 7300 1931 7301 1946 7302 1947 7303 1928 7304 1927 7305 1942 7306 1943 7307 1936 7308 1935 7309 1950 7310 1951 7311 1951 7312 1950 7313 1965 7314 1966 7315 1947 7316 1946 7317 1961 7318 1962 7319 1943 7320 1942 7321 1957 7322 1958 7323 1944 7324 1943 7325 1958 7326 1959 7327 1940 7328 1939 7329 1954 7330 1955 7331 1952 7332 1951 7333 1966 7334 1967 7335 1948 7336 1947 7337 1962 7338 1963 7339 1949 7340 1948 7341 1963 7342 1964 7343 1945 7344 1944 7345 1959 7346 1960 7347 1941 7348 1940 7349 1955 7350 1956 7351 1953 7352 1952 7353 1967 7354 1968 7355 1950 7356 1949 7357 1964 7358 1965 7359 1946 7360 1945 7361 1960 7362 1961 7363 1942 7364 1941 7365 1956 7366 1957 7367 1961 7368 1960 7369 1975 7370 1976 7371 1957 7372 1956 7373 1971 7374 1972 7375 1965 7376 1964 7377 1979 7378 1980 7379 1966 7380 1965 7381 1980 7382 1981 7383 1962 7384 1961 7385 1976 7386 1977 7387 1958 7388 1957 7389 1972 7390 1973 7391 1967 7392 1966 7393 1981 7394 1982 7395 1963 7396 1962 7397 1977 7398 1978 7399 1959 7400 1958 7401 1973 7402 1974 7403 1955 7404 1954 7405 1969 7406 1970 7407 1956 7408 1955 7409 1970 7410 1971 7411 1968 7412 1967 7413 1982 7414 1983 7415 1964 7416 1963 7417 1978 7418 1979 7419 1960 7420 1959 7421 1974 7422 1975 7423 1983 7424 1982 7425 1997 7426 1998 7427 1979 7428 1978 7429 1993 7430 1994 7431 1975 7432 1974 7433 1989 7434 1990 7435 1971 7436 1970 7437 1985 7438 1986 7439 1980 7440 1979 7441 1994 7442 1995 7443 1976 7444 1975 7445 1990 7446 1991 7447 1972 7448 1971 7449 1986 7450 1987 7451 1973 7452 1972 7453 1987 7454 1988 7455 1981 7456 1980 7457 1995 7458 1996 7459 1977 7460 1976 7461 1991 7462 1992 7463 1978 7464 1977 7465 1992 7466 1993 7467 1974 7468 1973 7469 1988 7470 1989 7471 1970 7472 1969 7473 1984 7474 1985 7475 1982 7476 1981 7477 1996 7478 1997 7479 1985 7480 1984 7481 1999 7482 2000 7483 1997 7484 1996 7485 2011 7486 2012 7487 1993 7488 1992 7489 2007 7490 2008 7491 1989 7492 1988 7493 2003 7494 2004 7495 1990 7496 1989 7497 2004 7498 2005 7499 1986 7500 1985 7501 2000 7502 2001 7503 1998 7504 1997 7505 2012 7506 2013 7507 1994 7508 1993 7509 2008 7510 2009 7511 1995 7512 1994 7513 2009 7514 2010 7515 1991 7516 1990 7517 2005 7518 2006 7519 1987 7520 1986 7521 2001 7522 2002 7523 1996 7524 1995 7525 2010 7526 2011 7527 1992 7528 1991 7529 2006 7530 2007 7531 1988 7532 1987 7533 2002 7534 2003 7535 2007 7536 2006 7537 2021 7538 2022 7539 2003 7540 2002 7541 2017 7542 2018 7543 2011 7544 2010 7545 2025 7546 2026 7547 2012 7548 2011 7549 2026 7550 2027 7551 2008 7552 2007 7553 2022 7554 2023 7555 2004 7556 2003 7557 2018 7558 2019 7559 2000 7560 1999 7561 2014 7562 2015 7563 2013 7564 2012 7565 2027 7566 2028 7567 2009 7568 2008 7569 2023 7570 2024 7571 2005 7572 2004 7573 2019 7574 2020 7575 2001 7576 2000 7577 2015 7578 2016 7579 2002 7580 2001 7581 2016 7582 2017 7583 2010 7584 2009 7585 2024 7586 2025 7587 2006 7588 2005 7589 2020 7590 2021 7591 2025 7592 2024 7593 2039 7594 2040 7595 2021 7596 2020 7597 2035 7598 2036 7599 2017 7600 2016 7601 2031 7602 2032 7603 2026 7604 2025 7605 2040 7606 2041 7607 2022 7608 2021 7609 2036 7610 2037 7611 2018 7612 2017 7613 2032 7614 2033 7615 2019 7616 2018 7617 2033 7618 2034 7619 2015 7620 2014 7621 2029 7622 2030 7623 2027 7624 2026 7625 2041 7626 2042 7627 2023 7628 2022 7629 2037 7630 2038 7631 2024 7632 2023 7633 2038 7634 2039 7635 2020 7636 2019 7637 2034 7638 2035 7639 2016 7640 2015 7641 2030 7642 2031 7643 2028 7644 2027 7645 2042 7646 2043 7647 2031 7648 2030 7649 2045 7650 2046 7651 2043 7652 2042 7653 2057 7654 2058 7655 2039 7656 2038 7657 2053 7658 2054 7659 2035 7660 2034 7661 2049 7662 2050 7663 2036 7664 2035 7665 2050 7666 2051 7667 2032 7668 2031 7669 2046 7670 2047 7671 2040 7672 2039 7673 2054 7674 2055 7675 2041 7676 2040 7677 2055 7678 2056 7679 2037 7680 2036 7681 2051 7682 2052 7683 2033 7684 2032 7685 2047 7686 2048 7687 2042 7688 2041 7689 2056 7690 2057 7691 2038 7692 2037 7693 2052 7694 2053 7695 2034 7696 2033 7697 2048 7698 2049 7699 2030 7700 2029 7701 2044 7702 2045 7703 2053 7704 2052 7705 2067 7706 2068 7707 2049 7708 2048 7709 2063 7710 2064 7711 2045 7712 2044 7713 2059 7714 2060 7715 2057 7716 2056 7717 2071 7718 2072 7719 2058 7720 2057 7721 2072 7722 2073 7723 2054 7724 2053 7725 2068 7726 2069 7727 2050 7728 2049 7729 2064 7730 2065 7731 2046 7732 2045 7733 2060 7734 2061 7735 2055 7736 2054 7737 2069 7738 2070 7739 2051 7740 2050 7741 2065 7742 2066 7743 2047 7744 2046 7745 2061 7746 2062 7747 2048 7748 2047 7749 2062 7750 2063 7751 2056 7752 2055 7753 2070 7754 2071 7755 2052 7756 2051 7757 2066 7758 2067 7759 2072 7760 2071 7761 2087 7762 2088 7763 2068 7764 2067 7765 2083 7766 2084 7767 2064 7768 2063 7769 2079 7770 2080 7771 2060 7772 2059 7773 2075 7774 2076 7775 2073 7776 2072 7777 2088 7778 2089 7779 2069 7780 2068 7781 2084 7782 2085 7783 2065 7784 2064 7785 2080 7786 2081 7787 2061 7788 2060 7789 2076 7790 2077 7791 2062 7792 2061 7793 2077 7794 2078 7795 2070 7796 2069 7797 2085 7798 2086 7799 2066 7800 2065 7801 2081 7802 2082 7803 2067 7804 2066 7805 2082 7806 2083 7807 2063 7808 2062 7809 2078 7810 2079 7811 2071 7812 2070 7813 2086 7814 2087 7815 2087 7816 2086 7817 2101 7818 2102 7819 2083 7820 2082 7821 2097 7822 2098 7823 2079 7824 2078 7825 2093 7826 2094 7827 2080 7828 2079 7829 2094 7830 2095 7831 2076 7832 2075 7833 2090 7834 2091 7835 2088 7836 2087 7837 2102 7838 2103 7839 2084 7840 2083 7841 2098 7842 2099 7843 2085 7844 2084 7845 2099 7846 2100 7847 2081 7848 2080 7849 2095 7850 2096 7851 2077 7852 2076 7853 2091 7854 2092 7855 2089 7856 2088 7857 2103 7858 2104 7859 2086 7860 2085 7861 2100 7862 2101 7863 2082 7864 2081 7865 2096 7866 2097 7867 2078 7868 2077 7869 2092 7870 2093 7871 2097 7872 2096 7873 2111 7874 2112 7875 2093 7876 2092 7877 2107 7878 2108 7879 2101 7880 2100 7881 2115 7882 2116 7883 2102 7884 2101 7885 2116 7886 2117 7887 2098 7888 2097 7889 2112 7890 2113 7891 2094 7892 2093 7893 2108 7894 2109 7895 2103 7896 2102 7897 2117 7898 2118 7899 2099 7900 2098 7901 2113 7902 2114 7903 2095 7904 2094 7905 2109 7906 2110 7907 2091 7908 2090 7909 2105 7910 2106 7911 2092 7912 2091 7913 2106 7914 2107 7915 2104 7916 2103 7917 2118 7918 2119 7919 2100 7920 2099 7921 2114 7922 2115 7923 2096 7924 2095 7925 2110 7926 2111 7927 2119 7928 2118 7929 2133 7930 2134 7931 2115 7932 2114 7933 2129 7934 2130 7935 2111 7936 2110 7937 2125 7938 2126 7939 2107 7940 2106 7941 2121 7942 2122 7943 2116 7944 2115 7945 2130 7946 2131 7947 2112 7948 2111 7949 2126 7950 2127 7951 2108 7952 2107 7953 2122 7954 2123 7955 2109 7956 2108 7957 2123 7958 2124 7959 2117 7960 2116 7961 2131 7962 2132 7963 2113 7964 2112 7965 2127 7966 2128 7967 2114 7968 2113 7969 2128 7970 2129 7971 2110 7972 2109 7973 2124 7974 2125 7975 2106 7976 2105 7977 2120 7978 2121 7979 2118 7980 2117 7981 2132 7982 2133 7983 2121 7984 2120 7985 2135 7986 2136 7987 2133 7988 2132 7989 2147 7990 2148 7991 2129 7992 2128 7993 2143 7994 2144 7995 2125 7996 2124 7997 2139 7998 2140 7999 2126 8000 2125 8001 2140 8002 2141 8003 2122 8004 2121 8005 2136 8006 2137 8007 2134 8008 2133 8009 2148 8010 2149 8011 2130 8012 2129 8013 2144 8014 2145 8015 2131 8016 2130 8017 2145 8018 2146 8019 2127 8020 2126 8021 2141 8022 2142 8023 2123 8024 2122 8025 2137 8026 2138 8027 2132 8028 2131 8029 2146 8030 2147 8031 2128 8032 2127 8033 2142 8034 2143 8035 2124 8036 2123 8037 2138 8038 2139 8039 2143 8040 2142 8041 2157 8042 2158 8043 2139 8044 2138 8045 2153 8046 2154 8047 2147 8048 2146 8049 2161 8050 2162 8051 2148 8052 2147 8053 2162 8054 2163 8055 2144 8056 2143 8057 2158 8058 2159 8059 2140 8060 2139 8061 2154 8062 2155 8063 2136 8064 2135 8065 2150 8066 2151 8067 2149 8068 2148 8069 2163 8070 2164 8071 2145 8072 2144 8073 2159 8074 2160 8075 2141 8076 2140 8077 2155 8078 2156 8079 2137 8080 2136 8081 2151 8082 2152 8083 2138 8084 2137 8085 2152 8086 2153 8087 2146 8088 2145 8089 2160 8090 2161 8091 2142 8092 2141 8093 2156 8094 2157 8095 2161 8096 2160 8097 2175 8098 2176 8099 2157 8100 2156 8101 2171 8102 2172 8103 2153 8104 2152 8105 2167 8106 2168 8107 2162 8108 2161 8109 2176 8110 2177 8111 2158 8112 2157 8113 2172 8114 2173 8115 2154 8116 2153 8117 2168 8118 2169 8119 2155 8120 2154 8121 2169 8122 2170 8123 2151 8124 2150 8125 2165 8126 2166 8127 2163 8128 2162 8129 2177 8130 2178 8131 2159 8132 2158 8133 2173 8134 2174 8135 2160 8136 2159 8137 2174 8138 2175 8139 2156 8140 2155 8141 2170 8142 2171 8143 2152 8144 2151 8145 2166 8146 2167 8147 2164 8148 2163 8149 2178 8150 2179 8151 2167 8152 2166 8153 2181 8154 2182 8155 2179 8156 2178 8157 2193 8158 2194 8159 2175 8160 2174 8161 2189 8162 2190 8163 2171 8164 2170 8165 2185 8166 2186 8167 2172 8168 2171 8169 2186 8170 2187 8171 2168 8172 2167 8173 2182 8174 2183 8175 2176 8176 2175 8177 2190 8178 2191 8179 2177 8180 2176 8181 2191 8182 2192 8183 2173 8184 2172 8185 2187 8186 2188 8187 2169 8188 2168 8189 2183 8190 2184 8191 2178 8192 2177 8193 2192 8194 2193 8195 2174 8196 2173 8197 2188 8198 2189 8199 2170 8200 2169 8201 2184 8202 2185 8203 2166 8204 2165 8205 2180 8206 2181 8207 2189 8208 2188 8209 2204 8210 2205 8211 2185 8212 2184 8213 2200 8214 2201 8215 2181 8216 2180 8217 2196 8218 2197 8219 2193 8220 2192 8221 2208 8222 2209 8223 2194 8224 2193 8225 2209 8226 2210 8227 2190 8228 2189 8229 2205 8230 2206 8231 2186 8232 2185 8233 2201 8234 2202 8235 2182 8236 2181 8237 2197 8238 2198 8239 2191 8240 2190 8241 2206 8242 2207 8243 2187 8244 2186 8245 2202 8246 2203 8247 2183 8248 2182 8249 2198 8250 2199 8251 2184 8252 2183 8253 2199 8254 2200 8255 2192 8256 2191 8257 2207 8258 2208 8259 2188 8260 2187 8261 2203 8262 2204 8263 2208 8264 2207 8265 2222 8266 2223 8267 2204 8268 2203 8269 2218 8270 2219 8271 2200 8272 2199 8273 2214 8274 2215 8275 2197 8276 2196 8277 2211 8278 2212 8279 2209 8280 2208 8281 2223 8282 2224 8283 2205 8284 2204 8285 2219 8286 2220 8287 2201 8288 2200 8289 2215 8290 2216 8291 2202 8292 2201 8293 2216 8294 2217 8295 2198 8296 2197 8297 2212 8298 2213 8299 2210 8300 2209 8301 2224 8302 2225 8303 2206 8304 2205 8305 2220 8306 2221 8307 2207 8308 2206 8309 2221 8310 2222 8311 2203 8312 2202 8313 2217 8314 2218 8315 2199 8316 2198 8317 2213 8318 2214 8319 1744 8320 2195 8321 1759 8322 2074 8323 1758 8324 1773 8325 1759 8326 2195 8327 1774 8328 2074 8329 1773 8330 1788 8331 2074 8332 1788 8333 1803 8334 1774 8335 2195 8336 1789 8337 2074 8338 1803 8339 1818 8340 1789 8341 2195 8342 1804 8343 2074 8344 1818 8345 1833 8346 1804 8347 2195 8348 1819 8349 1819 8350 2195 8351 1834 8352 2074 8353 1833 8354 1848 8355 2074 8356 1848 8357 1863 8358 1834 8359 2195 8360 1849 8361 2074 8362 1863 8363 1878 8364 1849 8365 2195 8366 1864 8367 2074 8368 1878 8369 1893 8370 1864 8371 2195 8372 1879 8373 1879 8374 2195 8375 1894 8376 2074 8377 1893 8378 1908 8379 2074 8380 1908 8381 1923 8382 1894 8383 2195 8384 1909 8385 2074 8386 1923 8387 1938 8388 1909 8389 2195 8390 1924 8391 2074 8392 1938 8393 1953 8394 1924 8395 2195 8396 1939 8397 1939 8398 2195 8399 1954 8400 2074 8401 1953 8402 1968 8403 2074 8404 1968 8405 1983 8406 1954 8407 2195 8408 1969 8409 2074 8410 1983 8411 1998 8412 1969 8413 2195 8414 1984 8415 2074 8416 1998 8417 2013 8418 1984 8419 2195 8420 1999 8421 1999 8422 2195 8423 2014 8424 2074 8425 2013 8426 2028 8427 2074 8428 2028 8429 2043 8430 2014 8431 2195 8432 2029 8433 2074 8434 2043 8435 2058 8436 2029 8437 2195 8438 2044 8439 2074 8440 2058 8441 2073 8442 2044 8443 2195 8444 2059 8445 2074 8446 2073 8447 2089 8448 2059 8449 2195 8450 2075 8451 2075 8452 2195 8453 2090 8454 2074 8455 2089 8456 2104 8457 2074 8458 2104 8459 2119 8460 2090 8461 2195 8462 2105 8463 2074 8464 2119 8465 2134 8466 2105 8467 2195 8468 2120 8469 2074 8470 2134 8471 2149 8472 2120 8473 2195 8474 2135 8475 2135 8476 2195 8477 2150 8478 2074 8479 2149 8480 2164 8481 2074 8482 2164 8483 2179 8484 2150 8485 2195 8486 2165 8487 2074 8488 2179 8489 2194 8490 2165 8491 2195 8492 2180 8493 2074 8494 2194 8495 2210 8496 2180 8497 2195 8498 2196 8499 2196 8500 2195 8501 2211 8502 2074 8503 2210 8504 2225 8505 2214 8506 2213 8507 1746 8508 1747 8509 2074 8510 2225 8511 1758 8512 2222 8513 2221 8514 1754 8515 1755 8516 2218 8517 2217 8518 1750 8519 1751 8520 2219 8521 2218 8522 1751 8523 1752 8524 2215 8525 2214 8526 1747 8527 1748 8528 2211 8529 2195 8530 1744 8531 2223 8532 2222 8533 1755 8534 1756 8535 2224 8536 2223 8537 1756 8538 1757 8539 2220 8540 2219 8541 1752 8542 1753 8543 2216 8544 2215 8545 1748 8546 1749 8547 2212 8548 2211 8549 1744 8550 1745 8551 2225 8552 2224 8553 1757 8554 1758 8555 2221 8556 2220 8557 1753 8558 1754 8559 2217 8560 2216 8561 1749 8562 1750 8563 2213 8564 2212 8565 1745 8566 1746 8567 2238 8568 2237 8569 2252 8570 2253 8571 2234 8572 2233 8573 2248 8574 2249 8575 2230 8576 2229 8577 2244 8578 2245 8579 2239 8580 2238 8581 2253 8582 2254 8583 2235 8584 2234 8585 2249 8586 2250 8587 2231 8588 2230 8589 2245 8590 2246 8591 2227 8592 2226 8593 2241 8594 2242 8595 2228 8596 2227 8597 2242 8598 2243 8599 2240 8600 2239 8601 2254 8602 2255 8603 2236 8604 2235 8605 2250 8606 2251 8607 2232 8608 2231 8609 2246 8610 2247 8611 2233 8612 2232 8613 2247 8614 2248 8615 2229 8616 2228 8617 2243 8618 2244 8619 2237 8620 2236 8621 2251 8622 2252 8623 2253 8624 2252 8625 2267 8626 2268 8627 2249 8628 2248 8629 2263 8630 2264 8631 2245 8632 2244 8633 2259 8634 2260 8635 2242 8636 2241 8637 2256 8638 2257 8639 2254 8640 2253 8641 2268 8642 2269 8643 2250 8644 2249 8645 2264 8646 2265 8647 2246 8648 2245 8649 2260 8650 2261 8651 2247 8652 2246 8653 2261 8654 2262 8655 2243 8656 2242 8657 2257 8658 2258 8659 2255 8660 2254 8661 2269 8662 2270 8663 2251 8664 2250 8665 2265 8666 2266 8667 2252 8668 2251 8669 2266 8670 2267 8671 2248 8672 2247 8673 2262 8674 2263 8675 2244 8676 2243 8677 2258 8678 2259 8679 2259 8680 2258 8681 2273 8682 2274 8683 2267 8684 2266 8685 2281 8686 2282 8687 2263 8688 2262 8689 2277 8690 2278 8691 2264 8692 2263 8693 2278 8694 2279 8695 2260 8696 2259 8697 2274 8698 2275 8699 2268 8700 2267 8701 2282 8702 2283 8703 2269 8704 2268 8705 2283 8706 2284 8707 2265 8708 2264 8709 2279 8710 2280 8711 2261 8712 2260 8713 2275 8714 2276 8715 2257 8716 2256 8717 2271 8718 2272 8719 2270 8720 2269 8721 2284 8722 2285 8723 2266 8724 2265 8725 2280 8726 2281 8727 2262 8728 2261 8729 2276 8730 2277 8731 2258 8732 2257 8733 2272 8734 2273 8735 2281 8736 2280 8737 2295 8738 2296 8739 2277 8740 2276 8741 2291 8742 2292 8743 2273 8744 2272 8745 2287 8746 2288 8747 2285 8748 2284 8749 2299 8750 2300 8751 2282 8752 2281 8753 2296 8754 2297 8755 2278 8756 2277 8757 2292 8758 2293 8759 2274 8760 2273 8761 2288 8762 2289 8763 2283 8764 2282 8765 2297 8766 2298 8767 2279 8768 2278 8769 2293 8770 2294 8771 2275 8772 2274 8773 2289 8774 2290 8775 2276 8776 2275 8777 2290 8778 2291 8779 2272 8780 2271 8781 2286 8782 2287 8783 2284 8784 2283 8785 2298 8786 2299 8787 2280 8788 2279 8789 2294 8790 2295 8791 2299 8792 2298 8793 2313 8794 2314 8795 2295 8796 2294 8797 2309 8798 2310 8799 2291 8800 2290 8801 2305 8802 2306 8803 2287 8804 2286 8805 2301 8806 2302 8807 2288 8808 2287 8809 2302 8810 2303 8811 2300 8812 2299 8813 2314 8814 2315 8815 2296 8816 2295 8817 2310 8818 2311 8819 2292 8820 2291 8821 2306 8822 2307 8823 2293 8824 2292 8825 2307 8826 2308 8827 2289 8828 2288 8829 2303 8830 2304 8831 2297 8832 2296 8833 2311 8834 2312 8835 2298 8836 2297 8837 2312 8838 2313 8839 2294 8840 2293 8841 2308 8842 2309 8843 2290 8844 2289 8845 2304 8846 2305 8847 2305 8848 2304 8849 2319 8850 2320 8851 2313 8852 2312 8853 2327 8854 2328 8855 2309 8856 2308 8857 2323 8858 2324 8859 2310 8860 2309 8861 2324 8862 2325 8863 2306 8864 2305 8865 2320 8866 2321 8867 2302 8868 2301 8869 2316 8870 2317 8871 2314 8872 2313 8873 2328 8874 2329 8875 2315 8876 2314 8877 2329 8878 2330 8879 2311 8880 2310 8881 2325 8882 2326 8883 2307 8884 2306 8885 2321 8886 2322 8887 2303 8888 2302 8889 2317 8890 2318 8891 2312 8892 2311 8893 2326 8894 2327 8895 2308 8896 2307 8897 2322 8898 2323 8899 2304 8900 2303 8901 2318 8902 2319 8903 2327 8904 2326 8905 2341 8906 2342 8907 2323 8908 2322 8909 2337 8910 2338 8911 2319 8912 2318 8913 2333 8914 2334 8915 2328 8916 2327 8917 2342 8918 2343 8919 2324 8920 2323 8921 2338 8922 2339 8923 2320 8924 2319 8925 2334 8926 2335 8927 2317 8928 2316 8929 2331 8930 2332 8931 2329 8932 2328 8933 2343 8934 2344 8935 2325 8936 2324 8937 2339 8938 2340 8939 2321 8940 2320 8941 2335 8942 2336 8943 2322 8944 2321 8945 2336 8946 2337 8947 2318 8948 2317 8949 2332 8950 2333 8951 2330 8952 2329 8953 2344 8954 2345 8955 2326 8956 2325 8957 2340 8958 2341 8959 2345 8960 2344 8961 2359 8962 2360 8963 2341 8964 2340 8965 2355 8966 2356 8967 2337 8968 2336 8969 2351 8970 2352 8971 2333 8972 2332 8973 2347 8974 2348 8975 2334 8976 2333 8977 2348 8978 2349 8979 2342 8980 2341 8981 2356 8982 2357 8983 2338 8984 2337 8985 2352 8986 2353 8987 2339 8988 2338 8989 2353 8990 2354 8991 2335 8992 2334 8993 2349 8994 2350 8995 2343 8996 2342 8997 2357 8998 2358 8999 2344 9000 2343 9001 2358 9002 2359 9003 2340 9004 2339 9005 2354 9006 2355 9007 2336 9008 2335 9009 2350 9010 2351 9011 2332 9012 2331 9013 2346 9014 2347 9015 2351 9016 2350 9017 2365 9018 2366 9019 2347 9020 2346 9021 2361 9022 2362 9023 2359 9024 2358 9025 2373 9026 2374 9027 2355 9028 2354 9029 2369 9030 2370 9031 2356 9032 2355 9033 2370 9034 2371 9035 2352 9036 2351 9037 2366 9038 2367 9039 2348 9040 2347 9041 2362 9042 2363 9043 2360 9044 2359 9045 2374 9046 2375 9047 2357 9048 2356 9049 2371 9050 2372 9051 2353 9052 2352 9053 2367 9054 2368 9055 2349 9056 2348 9057 2363 9058 2364 9059 2358 9060 2357 9061 2372 9062 2373 9063 2354 9064 2353 9065 2368 9066 2369 9067 2350 9068 2349 9069 2364 9070 2365 9071 2373 9072 2372 9073 2387 9074 2388 9075 2369 9076 2368 9077 2383 9078 2384 9079 2365 9080 2364 9081 2379 9082 2380 9083 2374 9084 2373 9085 2388 9086 2389 9087 2370 9088 2369 9089 2384 9090 2385 9091 2366 9092 2365 9093 2380 9094 2381 9095 2362 9096 2361 9097 2376 9098 2377 9099 2363 9100 2362 9101 2377 9102 2378 9103 2375 9104 2374 9105 2389 9106 2390 9107 2371 9108 2370 9109 2385 9110 2386 9111 2367 9112 2366 9113 2381 9114 2382 9115 2368 9116 2367 9117 2382 9118 2383 9119 2364 9120 2363 9121 2378 9122 2379 9123 2372 9124 2371 9125 2386 9126 2387 9127 2387 9128 2386 9129 2401 9130 2402 9131 2383 9132 2382 9133 2397 9134 2398 9135 2379 9136 2378 9137 2393 9138 2394 9139 2380 9140 2379 9141 2394 9142 2395 9143 2388 9144 2387 9145 2402 9146 2403 9147 2384 9148 2383 9149 2398 9150 2399 9151 2385 9152 2384 9153 2399 9154 2400 9155 2381 9156 2380 9157 2395 9158 2396 9159 2377 9160 2376 9161 2391 9162 2392 9163 2389 9164 2388 9165 2403 9166 2404 9167 2390 9168 2389 9169 2404 9170 2405 9171 2386 9172 2385 9173 2400 9174 2401 9175 2382 9176 2381 9177 2396 9178 2397 9179 2378 9180 2377 9181 2392 9182 2393 9183 2397 9184 2396 9185 2411 9186 2412 9187 2393 9188 2392 9189 2407 9190 2408 9191 2405 9192 2404 9193 2419 9194 2420 9195 2401 9196 2400 9197 2415 9198 2416 9199 2402 9200 2401 9201 2416 9202 2417 9203 2398 9204 2397 9205 2412 9206 2413 9207 2394 9208 2393 9209 2408 9210 2409 9211 2403 9212 2402 9213 2417 9214 2418 9215 2399 9216 2398 9217 2413 9218 2414 9219 2395 9220 2394 9221 2409 9222 2410 9223 2392 9224 2391 9225 2406 9226 2407 9227 2404 9228 2403 9229 2418 9230 2419 9231 2400 9232 2399 9233 2414 9234 2415 9235 2396 9236 2395 9237 2410 9238 2411 9239 2419 9240 2418 9241 2433 9242 2434 9243 2415 9244 2414 9245 2429 9246 2430 9247 2411 9248 2410 9249 2425 9250 2426 9251 2407 9252 2406 9253 2421 9254 2422 9255 2420 9256 2419 9257 2434 9258 2435 9259 2416 9260 2415 9261 2430 9262 2431 9263 2412 9264 2411 9265 2426 9266 2427 9267 2408 9268 2407 9269 2422 9270 2423 9271 2409 9272 2408 9273 2423 9274 2424 9275 2417 9276 2416 9277 2431 9278 2432 9279 2413 9280 2412 9281 2427 9282 2428 9283 2414 9284 2413 9285 2428 9286 2429 9287 2410 9288 2409 9289 2424 9290 2425 9291 2418 9292 2417 9293 2432 9294 2433 9295 2433 9296 2432 9297 2447 9298 2448 9299 2429 9300 2428 9301 2443 9302 2444 9303 2425 9304 2424 9305 2439 9306 2440 9307 2426 9308 2425 9309 2440 9310 2441 9311 2422 9312 2421 9313 2436 9314 2437 9315 2434 9316 2433 9317 2448 9318 2449 9319 2430 9320 2429 9321 2444 9322 2445 9323 2431 9324 2430 9325 2445 9326 2446 9327 2427 9328 2426 9329 2441 9330 2442 9331 2423 9332 2422 9333 2437 9334 2438 9335 2435 9336 2434 9337 2449 9338 2450 9339 2432 9340 2431 9341 2446 9342 2447 9343 2428 9344 2427 9345 2442 9346 2443 9347 2424 9348 2423 9349 2438 9350 2439 9351 2443 9352 2442 9353 2457 9354 2458 9355 2439 9356 2438 9357 2453 9358 2454 9359 2447 9360 2446 9361 2461 9362 2462 9363 2448 9364 2447 9365 2462 9366 2463 9367 2444 9368 2443 9369 2458 9370 2459 9371 2440 9372 2439 9373 2454 9374 2455 9375 2449 9376 2448 9377 2463 9378 2464 9379 2445 9380 2444 9381 2459 9382 2460 9383 2441 9384 2440 9385 2455 9386 2456 9387 2437 9388 2436 9389 2451 9390 2452 9391 2438 9392 2437 9393 2452 9394 2453 9395 2450 9396 2449 9397 2464 9398 2465 9399 2446 9400 2445 9401 2460 9402 2461 9403 2442 9404 2441 9405 2456 9406 2457 9407 2465 9408 2464 9409 2479 9410 2480 9411 2461 9412 2460 9413 2475 9414 2476 9415 2457 9416 2456 9417 2471 9418 2472 9419 2453 9420 2452 9421 2467 9422 2468 9423 2462 9424 2461 9425 2476 9426 2477 9427 2458 9428 2457 9429 2472 9430 2473 9431 2454 9432 2453 9433 2468 9434 2469 9435 2455 9436 2454 9437 2469 9438 2470 9439 2463 9440 2462 9441 2477 9442 2478 9443 2459 9444 2458 9445 2473 9446 2474 9447 2460 9448 2459 9449 2474 9450 2475 9451 2456 9452 2455 9453 2470 9454 2471 9455 2452 9456 2451 9457 2466 9458 2467 9459 2464 9460 2463 9461 2478 9462 2479 9463 2467 9464 2466 9465 2481 9466 2482 9467 2479 9468 2478 9469 2493 9470 2494 9471 2475 9472 2474 9473 2489 9474 2490 9475 2471 9476 2470 9477 2485 9478 2486 9479 2472 9480 2471 9481 2486 9482 2487 9483 2468 9484 2467 9485 2482 9486 2483 9487 2480 9488 2479 9489 2494 9490 2495 9491 2476 9492 2475 9493 2490 9494 2491 9495 2477 9496 2476 9497 2491 9498 2492 9499 2473 9500 2472 9501 2487 9502 2488 9503 2469 9504 2468 9505 2483 9506 2484 9507 2478 9508 2477 9509 2492 9510 2493 9511 2474 9512 2473 9513 2488 9514 2489 9515 2470 9516 2469 9517 2484 9518 2485 9519 2489 9520 2488 9521 2503 9522 2504 9523 2485 9524 2484 9525 2499 9526 2500 9527 2493 9528 2492 9529 2507 9530 2508 9531 2494 9532 2493 9533 2508 9534 2509 9535 2490 9536 2489 9537 2504 9538 2505 9539 2486 9540 2485 9541 2500 9542 2501 9543 2482 9544 2481 9545 2496 9546 2497 9547 2495 9548 2494 9549 2509 9550 2510 9551 2491 9552 2490 9553 2505 9554 2506 9555 2487 9556 2486 9557 2501 9558 2502 9559 2483 9560 2482 9561 2497 9562 2498 9563 2484 9564 2483 9565 2498 9566 2499 9567 2492 9568 2491 9569 2506 9570 2507 9571 2488 9572 2487 9573 2502 9574 2503 9575 2507 9576 2506 9577 2521 9578 2522 9579 2503 9580 2502 9581 2517 9582 2518 9583 2499 9584 2498 9585 2513 9586 2514 9587 2508 9588 2507 9589 2522 9590 2523 9591 2504 9592 2503 9593 2518 9594 2519 9595 2500 9596 2499 9597 2514 9598 2515 9599 2501 9600 2500 9601 2515 9602 2516 9603 2497 9604 2496 9605 2511 9606 2512 9607 2509 9608 2508 9609 2523 9610 2524 9611 2505 9612 2504 9613 2519 9614 2520 9615 2506 9616 2505 9617 2520 9618 2521 9619 2502 9620 2501 9621 2516 9622 2517 9623 2498 9624 2497 9625 2512 9626 2513 9627 2510 9628 2509 9629 2524 9630 2525 9631 2513 9632 2512 9633 2527 9634 2528 9635 2525 9636 2524 9637 2539 9638 2540 9639 2521 9640 2520 9641 2535 9642 2536 9643 2517 9644 2516 9645 2531 9646 2532 9647 2518 9648 2517 9649 2532 9650 2533 9651 2514 9652 2513 9653 2528 9654 2529 9655 2522 9656 2521 9657 2536 9658 2537 9659 2523 9660 2522 9661 2537 9662 2538 9663 2519 9664 2518 9665 2533 9666 2534 9667 2515 9668 2514 9669 2529 9670 2530 9671 2524 9672 2523 9673 2538 9674 2539 9675 2520 9676 2519 9677 2534 9678 2535 9679 2516 9680 2515 9681 2530 9682 2531 9683 2512 9684 2511 9685 2526 9686 2527 9687 2535 9688 2534 9689 2549 9690 2550 9691 2531 9692 2530 9693 2545 9694 2546 9695 2527 9696 2526 9697 2541 9698 2542 9699 2539 9700 2538 9701 2553 9702 2554 9703 2540 9704 2539 9705 2554 9706 2555 9707 2536 9708 2535 9709 2550 9710 2551 9711 2532 9712 2531 9713 2546 9714 2547 9715 2528 9716 2527 9717 2542 9718 2543 9719 2537 9720 2536 9721 2551 9722 2552 9723 2533 9724 2532 9725 2547 9726 2548 9727 2529 9728 2528 9729 2543 9730 2544 9731 2530 9732 2529 9733 2544 9734 2545 9735 2538 9736 2537 9737 2552 9738 2553 9739 2534 9740 2533 9741 2548 9742 2549 9743 2554 9744 2553 9745 2569 9746 2570 9747 2550 9748 2549 9749 2565 9750 2566 9751 2546 9752 2545 9753 2561 9754 2562 9755 2542 9756 2541 9757 2557 9758 2558 9759 2555 9760 2554 9761 2570 9762 2571 9763 2551 9764 2550 9765 2566 9766 2567 9767 2547 9768 2546 9769 2562 9770 2563 9771 2543 9772 2542 9773 2558 9774 2559 9775 2544 9776 2543 9777 2559 9778 2560 9779 2552 9780 2551 9781 2567 9782 2568 9783 2548 9784 2547 9785 2563 9786 2564 9787 2549 9788 2548 9789 2564 9790 2565 9791 2545 9792 2544 9793 2560 9794 2561 9795 2553 9796 2552 9797 2568 9798 2569 9799 2569 9800 2568 9801 2583 9802 2584 9803 2565 9804 2564 9805 2579 9806 2580 9807 2561 9808 2560 9809 2575 9810 2576 9811 2562 9812 2561 9813 2576 9814 2577 9815 2558 9816 2557 9817 2572 9818 2573 9819 2570 9820 2569 9821 2584 9822 2585 9823 2566 9824 2565 9825 2580 9826 2581 9827 2567 9828 2566 9829 2581 9830 2582 9831 2563 9832 2562 9833 2577 9834 2578 9835 2559 9836 2558 9837 2573 9838 2574 9839 2571 9840 2570 9841 2585 9842 2586 9843 2568 9844 2567 9845 2582 9846 2583 9847 2564 9848 2563 9849 2578 9850 2579 9851 2560 9852 2559 9853 2574 9854 2575 9855 2579 9856 2578 9857 2593 9858 2594 9859 2575 9860 2574 9861 2589 9862 2590 9863 2583 9864 2582 9865 2597 9866 2598 9867 2584 9868 2583 9869 2598 9870 2599 9871 2580 9872 2579 9873 2594 9874 2595 9875 2576 9876 2575 9877 2590 9878 2591 9879 2585 9880 2584 9881 2599 9882 2600 9883 2581 9884 2580 9885 2595 9886 2596 9887 2577 9888 2576 9889 2591 9890 2592 9891 2573 9892 2572 9893 2587 9894 2588 9895 2574 9896 2573 9897 2588 9898 2589 9899 2586 9900 2585 9901 2600 9902 2601 9903 2582 9904 2581 9905 2596 9906 2597 9907 2578 9908 2577 9909 2592 9910 2593 9911 2601 9912 2600 9913 2615 9914 2616 9915 2597 9916 2596 9917 2611 9918 2612 9919 2593 9920 2592 9921 2607 9922 2608 9923 2589 9924 2588 9925 2603 9926 2604 9927 2598 9928 2597 9929 2612 9930 2613 9931 2594 9932 2593 9933 2608 9934 2609 9935 2590 9936 2589 9937 2604 9938 2605 9939 2591 9940 2590 9941 2605 9942 2606 9943 2599 9944 2598 9945 2613 9946 2614 9947 2595 9948 2594 9949 2609 9950 2610 9951 2596 9952 2595 9953 2610 9954 2611 9955 2592 9956 2591 9957 2606 9958 2607 9959 2588 9960 2587 9961 2602 9962 2603 9963 2600 9964 2599 9965 2614 9966 2615 9967 2603 9968 2602 9969 2617 9970 2618 9971 2615 9972 2614 9973 2629 9974 2630 9975 2611 9976 2610 9977 2625 9978 2626 9979 2607 9980 2606 9981 2621 9982 2622 9983 2608 9984 2607 9985 2622 9986 2623 9987 2604 9988 2603 9989 2618 9990 2619 9991 2616 9992 2615 9993 2630 9994 2631 9995 2612 9996 2611 9997 2626 9998 2627 9999 2613 10000 2612 10001 2627 10002 2628 10003 2609 10004 2608 10005 2623 10006 2624 10007 2605 10008 2604 10009 2619 10010 2620 10011 2614 10012 2613 10013 2628 10014 2629 10015 2610 10016 2609 10017 2624 10018 2625 10019 2606 10020 2605 10021 2620 10022 2621 10023 2625 10024 2624 10025 2639 10026 2640 10027 2621 10028 2620 10029 2635 10030 2636 10031 2629 10032 2628 10033 2643 10034 2644 10035 2630 10036 2629 10037 2644 10038 2645 10039 2626 10040 2625 10041 2640 10042 2641 10043 2622 10044 2621 10045 2636 10046 2637 10047 2618 10048 2617 10049 2632 10050 2633 10051 2631 10052 2630 10053 2645 10054 2646 10055 2627 10056 2626 10057 2641 10058 2642 10059 2623 10060 2622 10061 2637 10062 2638 10063 2619 10064 2618 10065 2633 10066 2634 10067 2620 10068 2619 10069 2634 10070 2635 10071 2628 10072 2627 10073 2642 10074 2643 10075 2624 10076 2623 10077 2638 10078 2639 10079 2643 10080 2642 10081 2657 10082 2658 10083 2639 10084 2638 10085 2653 10086 2654 10087 2635 10088 2634 10089 2649 10090 2650 10091 2644 10092 2643 10093 2658 10094 2659 10095 2640 10096 2639 10097 2654 10098 2655 10099 2636 10100 2635 10101 2650 10102 2651 10103 2637 10104 2636 10105 2651 10106 2652 10107 2633 10108 2632 10109 2647 10110 2648 10111 2645 10112 2644 10113 2659 10114 2660 10115 2641 10116 2640 10117 2655 10118 2656 10119 2642 10120 2641 10121 2656 10122 2657 10123 2638 10124 2637 10125 2652 10126 2653 10127 2634 10128 2633 10129 2648 10130 2649 10131 2646 10132 2645 10133 2660 10134 2661 10135 2649 10136 2648 10137 2663 10138 2664 10139 2661 10140 2660 10141 2675 10142 2676 10143 2657 10144 2656 10145 2671 10146 2672 10147 2653 10148 2652 10149 2667 10150 2668 10151 2654 10152 2653 10153 2668 10154 2669 10155 2650 10156 2649 10157 2664 10158 2665 10159 2658 10160 2657 10161 2672 10162 2673 10163 2659 10164 2658 10165 2673 10166 2674 10167 2655 10168 2654 10169 2669 10170 2670 10171 2651 10172 2650 10173 2665 10174 2666 10175 2660 10176 2659 10177 2674 10178 2675 10179 2656 10180 2655 10181 2670 10182 2671 10183 2652 10184 2651 10185 2666 10186 2667 10187 2648 10188 2647 10189 2662 10190 2663 10191 2671 10192 2670 10193 2686 10194 2687 10195 2667 10196 2666 10197 2682 10198 2683 10199 2663 10200 2662 10201 2678 10202 2679 10203 2675 10204 2674 10205 2690 10206 2691 10207 2676 10208 2675 10209 2691 10210 2692 10211 2672 10212 2671 10213 2687 10214 2688 10215 2668 10216 2667 10217 2683 10218 2684 10219 2664 10220 2663 10221 2679 10222 2680 10223 2673 10224 2672 10225 2688 10226 2689 10227 2669 10228 2668 10229 2684 10230 2685 10231 2665 10232 2664 10233 2680 10234 2681 10235 2666 10236 2665 10237 2681 10238 2682 10239 2674 10240 2673 10241 2689 10242 2690 10243 2670 10244 2669 10245 2685 10246 2686 10247 2690 10248 2689 10249 2704 10250 2705 10251 2686 10252 2685 10253 2700 10254 2701 10255 2682 10256 2681 10257 2696 10258 2697 10259 2679 10260 2678 10261 2693 10262 2694 10263 2691 10264 2690 10265 2705 10266 2706 10267 2687 10268 2686 10269 2701 10270 2702 10271 2683 10272 2682 10273 2697 10274 2698 10275 2684 10276 2683 10277 2698 10278 2699 10279 2680 10280 2679 10281 2694 10282 2695 10283 2692 10284 2691 10285 2706 10286 2707 10287 2688 10288 2687 10289 2702 10290 2703 10291 2689 10292 2688 10293 2703 10294 2704 10295 2685 10296 2684 10297 2699 10298 2700 10299 2681 10300 2680 10301 2695 10302 2696 10303 2226 10304 2677 10305 2241 10306 2556 10307 2240 10308 2255 10309 2241 10310 2677 10311 2256 10312 2556 10313 2255 10314 2270 10315 2556 10316 2270 10317 2285 10318 2256 10319 2677 10320 2271 10321 2556 10322 2285 10323 2300 10324 2271 10325 2677 10326 2286 10327 2556 10328 2300 10329 2315 10330 2286 10331 2677 10332 2301 10333 2301 10334 2677 10335 2316 10336 2556 10337 2315 10338 2330 10339 2556 10340 2330 10341 2345 10342 2316 10343 2677 10344 2331 10345 2556 10346 2345 10347 2360 10348 2331 10349 2677 10350 2346 10351 2556 10352 2360 10353 2375 10354 2346 10355 2677 10356 2361 10357 2361 10358 2677 10359 2376 10360 2556 10361 2375 10362 2390 10363 2556 10364 2390 10365 2405 10366 2376 10367 2677 10368 2391 10369 2556 10370 2405 10371 2420 10372 2391 10373 2677 10374 2406 10375 2556 10376 2420 10377 2435 10378 2406 10379 2677 10380 2421 10381 2421 10382 2677 10383 2436 10384 2556 10385 2435 10386 2450 10387 2556 10388 2450 10389 2465 10390 2436 10391 2677 10392 2451 10393 2556 10394 2465 10395 2480 10396 2451 10397 2677 10398 2466 10399 2556 10400 2480 10401 2495 10402 2466 10403 2677 10404 2481 10405 2481 10406 2677 10407 2496 10408 2556 10409 2495 10410 2510 10411 2556 10412 2510 10413 2525 10414 2496 10415 2677 10416 2511 10417 2556 10418 2525 10419 2540 10420 2511 10421 2677 10422 2526 10423 2556 10424 2540 10425 2555 10426 2526 10427 2677 10428 2541 10429 2556 10430 2555 10431 2571 10432 2541 10433 2677 10434 2557 10435 2557 10436 2677 10437 2572 10438 2556 10439 2571 10440 2586 10441 2556 10442 2586 10443 2601 10444 2572 10445 2677 10446 2587 10447 2556 10448 2601 10449 2616 10450 2587 10451 2677 10452 2602 10453 2556 10454 2616 10455 2631 10456 2602 10457 2677 10458 2617 10459 2617 10460 2677 10461 2632 10462 2556 10463 2631 10464 2646 10465 2556 10466 2646 10467 2661 10468 2632 10469 2677 10470 2647 10471 2556 10472 2661 10473 2676 10474 2647 10475 2677 10476 2662 10477 2556 10478 2676 10479 2692 10480 2662 10481 2677 10482 2678 10483 2678 10484 2677 10485 2693 10486 2556 10487 2692 10488 2707 10489 2696 10490 2695 10491 2228 10492 2229 10493 2556 10494 2707 10495 2240 10496 2704 10497 2703 10498 2236 10499 2237 10500 2700 10501 2699 10502 2232 10503 2233 10504 2701 10505 2700 10506 2233 10507 2234 10508 2697 10509 2696 10510 2229 10511 2230 10512 2693 10513 2677 10514 2226 10515 2705 10516 2704 10517 2237 10518 2238 10519 2706 10520 2705 10521 2238 10522 2239 10523 2702 10524 2701 10525 2234 10526 2235 10527 2698 10528 2697 10529 2230 10530 2231 10531 2694 10532 2693 10533 2226 10534 2227 10535 2707 10536 2706 10537 2239 10538 2240 10539 2703 10540 2702 10541 2235 10542 2236 10543 2699 10544 2698 10545 2231 10546 2232 10547 2695 10548 2694 10549 2227 10550 2228 10551 2720 10552 2719 10553 2734 10554 2735 10555 2716 10556 2715 10557 2730 10558 2731 10559 2712 10560 2711 10561 2726 10562 2727 10563 2721 10564 2720 10565 2735 10566 2736 10567 2717 10568 2716 10569 2731 10570 2732 10571 2713 10572 2712 10573 2727 10574 2728 10575 2709 10576 2708 10577 2723 10578 2724 10579 2710 10580 2709 10581 2724 10582 2725 10583 2722 10584 2721 10585 2736 10586 2737 10587 2718 10588 2717 10589 2732 10590 2733 10591 2714 10592 2713 10593 2728 10594 2729 10595 2715 10596 2714 10597 2729 10598 2730 10599 2711 10600 2710 10601 2725 10602 2726 10603 2719 10604 2718 10605 2733 10606 2734 10607 2735 10608 2734 10609 2749 10610 2750 10611 2731 10612 2730 10613 2745 10614 2746 10615 2727 10616 2726 10617 2741 10618 2742 10619 2724 10620 2723 10621 2738 10622 2739 10623 2736 10624 2735 10625 2750 10626 2751 10627 2732 10628 2731 10629 2746 10630 2747 10631 2728 10632 2727 10633 2742 10634 2743 10635 2729 10636 2728 10637 2743 10638 2744 10639 2725 10640 2724 10641 2739 10642 2740 10643 2737 10644 2736 10645 2751 10646 2752 10647 2733 10648 2732 10649 2747 10650 2748 10651 2734 10652 2733 10653 2748 10654 2749 10655 2730 10656 2729 10657 2744 10658 2745 10659 2726 10660 2725 10661 2740 10662 2741 10663 2741 10664 2740 10665 2755 10666 2756 10667 2749 10668 2748 10669 2763 10670 2764 10671 2745 10672 2744 10673 2759 10674 2760 10675 2746 10676 2745 10677 2760 10678 2761 10679 2742 10680 2741 10681 2756 10682 2757 10683 2750 10684 2749 10685 2764 10686 2765 10687 2751 10688 2750 10689 2765 10690 2766 10691 2747 10692 2746 10693 2761 10694 2762 10695 2743 10696 2742 10697 2757 10698 2758 10699 2739 10700 2738 10701 2753 10702 2754 10703 2752 10704 2751 10705 2766 10706 2767 10707 2748 10708 2747 10709 2762 10710 2763 10711 2744 10712 2743 10713 2758 10714 2759 10715 2740 10716 2739 10717 2754 10718 2755 10719 2763 10720 2762 10721 2777 10722 2778 10723 2759 10724 2758 10725 2773 10726 2774 10727 2755 10728 2754 10729 2769 10730 2770 10731 2767 10732 2766 10733 2781 10734 2782 10735 2764 10736 2763 10737 2778 10738 2779 10739 2760 10740 2759 10741 2774 10742 2775 10743 2756 10744 2755 10745 2770 10746 2771 10747 2765 10748 2764 10749 2779 10750 2780 10751 2761 10752 2760 10753 2775 10754 2776 10755 2757 10756 2756 10757 2771 10758 2772 10759 2758 10760 2757 10761 2772 10762 2773 10763 2754 10764 2753 10765 2768 10766 2769 10767 2766 10768 2765 10769 2780 10770 2781 10771 2762 10772 2761 10773 2776 10774 2777 10775 2781 10776 2780 10777 2795 10778 2796 10779 2777 10780 2776 10781 2791 10782 2792 10783 2773 10784 2772 10785 2787 10786 2788 10787 2769 10788 2768 10789 2783 10790 2784 10791 2770 10792 2769 10793 2784 10794 2785 10795 2782 10796 2781 10797 2796 10798 2797 10799 2778 10800 2777 10801 2792 10802 2793 10803 2774 10804 2773 10805 2788 10806 2789 10807 2775 10808 2774 10809 2789 10810 2790 10811 2771 10812 2770 10813 2785 10814 2786 10815 2779 10816 2778 10817 2793 10818 2794 10819 2780 10820 2779 10821 2794 10822 2795 10823 2776 10824 2775 10825 2790 10826 2791 10827 2772 10828 2771 10829 2786 10830 2787 10831 2787 10832 2786 10833 2801 10834 2802 10835 2795 10836 2794 10837 2809 10838 2810 10839 2791 10840 2790 10841 2805 10842 2806 10843 2792 10844 2791 10845 2806 10846 2807 10847 2788 10848 2787 10849 2802 10850 2803 10851 2784 10852 2783 10853 2798 10854 2799 10855 2796 10856 2795 10857 2810 10858 2811 10859 2797 10860 2796 10861 2811 10862 2812 10863 2793 10864 2792 10865 2807 10866 2808 10867 2789 10868 2788 10869 2803 10870 2804 10871 2785 10872 2784 10873 2799 10874 2800 10875 2794 10876 2793 10877 2808 10878 2809 10879 2790 10880 2789 10881 2804 10882 2805 10883 2786 10884 2785 10885 2800 10886 2801 10887 2809 10888 2808 10889 2823 10890 2824 10891 2805 10892 2804 10893 2819 10894 2820 10895 2801 10896 2800 10897 2815 10898 2816 10899 2810 10900 2809 10901 2824 10902 2825 10903 2806 10904 2805 10905 2820 10906 2821 10907 2802 10908 2801 10909 2816 10910 2817 10911 2799 10912 2798 10913 2813 10914 2814 10915 2811 10916 2810 10917 2825 10918 2826 10919 2807 10920 2806 10921 2821 10922 2822 10923 2803 10924 2802 10925 2817 10926 2818 10927 2804 10928 2803 10929 2818 10930 2819 10931 2800 10932 2799 10933 2814 10934 2815 10935 2812 10936 2811 10937 2826 10938 2827 10939 2808 10940 2807 10941 2822 10942 2823 10943 2827 10944 2826 10945 2841 10946 2842 10947 2823 10948 2822 10949 2837 10950 2838 10951 2819 10952 2818 10953 2833 10954 2834 10955 2815 10956 2814 10957 2829 10958 2830 10959 2816 10960 2815 10961 2830 10962 2831 10963 2824 10964 2823 10965 2838 10966 2839 10967 2820 10968 2819 10969 2834 10970 2835 10971 2821 10972 2820 10973 2835 10974 2836 10975 2817 10976 2816 10977 2831 10978 2832 10979 2825 10980 2824 10981 2839 10982 2840 10983 2826 10984 2825 10985 2840 10986 2841 10987 2822 10988 2821 10989 2836 10990 2837 10991 2818 10992 2817 10993 2832 10994 2833 10995 2814 10996 2813 10997 2828 10998 2829 10999 2833 11000 2832 11001 2847 11002 2848 11003 2829 11004 2828 11005 2843 11006 2844 11007 2841 11008 2840 11009 2855 11010 2856 11011 2837 11012 2836 11013 2851 11014 2852 11015 2838 11016 2837 11017 2852 11018 2853 11019 2834 11020 2833 11021 2848 11022 2849 11023 2830 11024 2829 11025 2844 11026 2845 11027 2842 11028 2841 11029 2856 11030 2857 11031 2839 11032 2838 11033 2853 11034 2854 11035 2835 11036 2834 11037 2849 11038 2850 11039 2831 11040 2830 11041 2845 11042 2846 11043 2840 11044 2839 11045 2854 11046 2855 11047 2836 11048 2835 11049 2850 11050 2851 11051 2832 11052 2831 11053 2846 11054 2847 11055 2855 11056 2854 11057 2869 11058 2870 11059 2851 11060 2850 11061 2865 11062 2866 11063 2847 11064 2846 11065 2861 11066 2862 11067 2856 11068 2855 11069 2870 11070 2871 11071 2852 11072 2851 11073 2866 11074 2867 11075 2848 11076 2847 11077 2862 11078 2863 11079 2844 11080 2843 11081 2858 11082 2859 11083 2845 11084 2844 11085 2859 11086 2860 11087 2857 11088 2856 11089 2871 11090 2872 11091 2853 11092 2852 11093 2867 11094 2868 11095 2849 11096 2848 11097 2863 11098 2864 11099 2850 11100 2849 11101 2864 11102 2865 11103 2846 11104 2845 11105 2860 11106 2861 11107 2854 11108 2853 11109 2868 11110 2869 11111 2869 11112 2868 11113 2883 11114 2884 11115 2865 11116 2864 11117 2879 11118 2880 11119 2861 11120 2860 11121 2875 11122 2876 11123 2862 11124 2861 11125 2876 11126 2877 11127 2870 11128 2869 11129 2884 11130 2885 11131 2866 11132 2865 11133 2880 11134 2881 11135 2867 11136 2866 11137 2881 11138 2882 11139 2863 11140 2862 11141 2877 11142 2878 11143 2859 11144 2858 11145 2873 11146 2874 11147 2871 11148 2870 11149 2885 11150 2886 11151 2872 11152 2871 11153 2886 11154 2887 11155 2868 11156 2867 11157 2882 11158 2883 11159 2864 11160 2863 11161 2878 11162 2879 11163 2860 11164 2859 11165 2874 11166 2875 11167 2879 11168 2878 11169 2893 11170 2894 11171 2875 11172 2874 11173 2889 11174 2890 11175 2887 11176 2886 11177 2901 11178 2902 11179 2883 11180 2882 11181 2897 11182 2898 11183 2884 11184 2883 11185 2898 11186 2899 11187 2880 11188 2879 11189 2894 11190 2895 11191 2876 11192 2875 11193 2890 11194 2891 11195 2885 11196 2884 11197 2899 11198 2900 11199 2881 11200 2880 11201 2895 11202 2896 11203 2877 11204 2876 11205 2891 11206 2892 11207 2874 11208 2873 11209 2888 11210 2889 11211 2886 11212 2885 11213 2900 11214 2901 11215 2882 11216 2881 11217 2896 11218 2897 11219 2878 11220 2877 11221 2892 11222 2893 11223 2901 11224 2900 11225 2915 11226 2916 11227 2897 11228 2896 11229 2911 11230 2912 11231 2893 11232 2892 11233 2907 11234 2908 11235 2889 11236 2888 11237 2903 11238 2904 11239 2902 11240 2901 11241 2916 11242 2917 11243 2898 11244 2897 11245 2912 11246 2913 11247 2894 11248 2893 11249 2908 11250 2909 11251 2890 11252 2889 11253 2904 11254 2905 11255 2891 11256 2890 11257 2905 11258 2906 11259 2899 11260 2898 11261 2913 11262 2914 11263 2895 11264 2894 11265 2909 11266 2910 11267 2896 11268 2895 11269 2910 11270 2911 11271 2892 11272 2891 11273 2906 11274 2907 11275 2900 11276 2899 11277 2914 11278 2915 11279 2915 11280 2914 11281 2929 11282 2930 11283 2911 11284 2910 11285 2925 11286 2926 11287 2907 11288 2906 11289 2921 11290 2922 11291 2908 11292 2907 11293 2922 11294 2923 11295 2904 11296 2903 11297 2918 11298 2919 11299 2916 11300 2915 11301 2930 11302 2931 11303 2912 11304 2911 11305 2926 11306 2927 11307 2913 11308 2912 11309 2927 11310 2928 11311 2909 11312 2908 11313 2923 11314 2924 11315 2905 11316 2904 11317 2919 11318 2920 11319 2917 11320 2916 11321 2931 11322 2932 11323 2914 11324 2913 11325 2928 11326 2929 11327 2910 11328 2909 11329 2924 11330 2925 11331 2906 11332 2905 11333 2920 11334 2921 11335 2925 11336 2924 11337 2939 11338 2940 11339 2921 11340 2920 11341 2935 11342 2936 11343 2929 11344 2928 11345 2943 11346 2944 11347 2930 11348 2929 11349 2944 11350 2945 11351 2926 11352 2925 11353 2940 11354 2941 11355 2922 11356 2921 11357 2936 11358 2937 11359 2931 11360 2930 11361 2945 11362 2946 11363 2927 11364 2926 11365 2941 11366 2942 11367 2923 11368 2922 11369 2937 11370 2938 11371 2919 11372 2918 11373 2933 11374 2934 11375 2920 11376 2919 11377 2934 11378 2935 11379 2932 11380 2931 11381 2946 11382 2947 11383 2928 11384 2927 11385 2942 11386 2943 11387 2924 11388 2923 11389 2938 11390 2939 11391 2947 11392 2946 11393 2961 11394 2962 11395 2943 11396 2942 11397 2957 11398 2958 11399 2939 11400 2938 11401 2953 11402 2954 11403 2935 11404 2934 11405 2949 11406 2950 11407 2944 11408 2943 11409 2958 11410 2959 11411 2940 11412 2939 11413 2954 11414 2955 11415 2936 11416 2935 11417 2950 11418 2951 11419 2937 11420 2936 11421 2951 11422 2952 11423 2945 11424 2944 11425 2959 11426 2960 11427 2941 11428 2940 11429 2955 11430 2956 11431 2942 11432 2941 11433 2956 11434 2957 11435 2938 11436 2937 11437 2952 11438 2953 11439 2934 11440 2933 11441 2948 11442 2949 11443 2946 11444 2945 11445 2960 11446 2961 11447 2949 11448 2948 11449 2963 11450 2964 11451 2961 11452 2960 11453 2975 11454 2976 11455 2957 11456 2956 11457 2971 11458 2972 11459 2953 11460 2952 11461 2967 11462 2968 11463 2954 11464 2953 11465 2968 11466 2969 11467 2950 11468 2949 11469 2964 11470 2965 11471 2962 11472 2961 11473 2976 11474 2977 11475 2958 11476 2957 11477 2972 11478 2973 11479 2959 11480 2958 11481 2973 11482 2974 11483 2955 11484 2954 11485 2969 11486 2970 11487 2951 11488 2950 11489 2965 11490 2966 11491 2960 11492 2959 11493 2974 11494 2975 11495 2956 11496 2955 11497 2970 11498 2971 11499 2952 11500 2951 11501 2966 11502 2967 11503 2971 11504 2970 11505 2985 11506 2986 11507 2967 11508 2966 11509 2981 11510 2982 11511 2975 11512 2974 11513 2989 11514 2990 11515 2976 11516 2975 11517 2990 11518 2991 11519 2972 11520 2971 11521 2986 11522 2987 11523 2968 11524 2967 11525 2982 11526 2983 11527 2964 11528 2963 11529 2978 11530 2979 11531 2977 11532 2976 11533 2991 11534 2992 11535 2973 11536 2972 11537 2987 11538 2988 11539 2969 11540 2968 11541 2983 11542 2984 11543 2965 11544 2964 11545 2979 11546 2980 11547 2966 11548 2965 11549 2980 11550 2981 11551 2974 11552 2973 11553 2988 11554 2989 11555 2970 11556 2969 11557 2984 11558 2985 11559 2989 11560 2988 11561 3003 11562 3004 11563 2985 11564 2984 11565 2999 11566 3000 11567 2981 11568 2980 11569 2995 11570 2996 11571 2990 11572 2989 11573 3004 11574 3005 11575 2986 11576 2985 11577 3000 11578 3001 11579 2982 11580 2981 11581 2996 11582 2997 11583 2983 11584 2982 11585 2997 11586 2998 11587 2979 11588 2978 11589 2993 11590 2994 11591 2991 11592 2990 11593 3005 11594 3006 11595 2987 11596 2986 11597 3001 11598 3002 11599 2988 11600 2987 11601 3002 11602 3003 11603 2984 11604 2983 11605 2998 11606 2999 11607 2980 11608 2979 11609 2994 11610 2995 11611 2992 11612 2991 11613 3006 11614 3007 11615 2995 11616 2994 11617 3009 11618 3010 11619 3007 11620 3006 11621 3021 11622 3022 11623 3003 11624 3002 11625 3017 11626 3018 11627 2999 11628 2998 11629 3013 11630 3014 11631 3000 11632 2999 11633 3014 11634 3015 11635 2996 11636 2995 11637 3010 11638 3011 11639 3004 11640 3003 11641 3018 11642 3019 11643 3005 11644 3004 11645 3019 11646 3020 11647 3001 11648 3000 11649 3015 11650 3016 11651 2997 11652 2996 11653 3011 11654 3012 11655 3006 11656 3005 11657 3020 11658 3021 11659 3002 11660 3001 11661 3016 11662 3017 11663 2998 11664 2997 11665 3012 11666 3013 11667 2994 11668 2993 11669 3008 11670 3009 11671 3017 11672 3016 11673 3031 11674 3032 11675 3013 11676 3012 11677 3027 11678 3028 11679 3009 11680 3008 11681 3023 11682 3024 11683 3021 11684 3020 11685 3035 11686 3036 11687 3022 11688 3021 11689 3036 11690 3037 11691 3018 11692 3017 11693 3032 11694 3033 11695 3014 11696 3013 11697 3028 11698 3029 11699 3010 11700 3009 11701 3024 11702 3025 11703 3019 11704 3018 11705 3033 11706 3034 11707 3015 11708 3014 11709 3029 11710 3030 11711 3011 11712 3010 11713 3025 11714 3026 11715 3012 11716 3011 11717 3026 11718 3027 11719 3020 11720 3019 11721 3034 11722 3035 11723 3016 11724 3015 11725 3030 11726 3031 11727 3036 11728 3035 11729 3051 11730 3052 11731 3032 11732 3031 11733 3047 11734 3048 11735 3028 11736 3027 11737 3043 11738 3044 11739 3024 11740 3023 11741 3039 11742 3040 11743 3037 11744 3036 11745 3052 11746 3053 11747 3033 11748 3032 11749 3048 11750 3049 11751 3029 11752 3028 11753 3044 11754 3045 11755 3025 11756 3024 11757 3040 11758 3041 11759 3026 11760 3025 11761 3041 11762 3042 11763 3034 11764 3033 11765 3049 11766 3050 11767 3030 11768 3029 11769 3045 11770 3046 11771 3031 11772 3030 11773 3046 11774 3047 11775 3027 11776 3026 11777 3042 11778 3043 11779 3035 11780 3034 11781 3050 11782 3051 11783 3051 11784 3050 11785 3065 11786 3066 11787 3047 11788 3046 11789 3061 11790 3062 11791 3043 11792 3042 11793 3057 11794 3058 11795 3044 11796 3043 11797 3058 11798 3059 11799 3040 11800 3039 11801 3054 11802 3055 11803 3052 11804 3051 11805 3066 11806 3067 11807 3048 11808 3047 11809 3062 11810 3063 11811 3049 11812 3048 11813 3063 11814 3064 11815 3045 11816 3044 11817 3059 11818 3060 11819 3041 11820 3040 11821 3055 11822 3056 11823 3053 11824 3052 11825 3067 11826 3068 11827 3050 11828 3049 11829 3064 11830 3065 11831 3046 11832 3045 11833 3060 11834 3061 11835 3042 11836 3041 11837 3056 11838 3057 11839 3061 11840 3060 11841 3075 11842 3076 11843 3057 11844 3056 11845 3071 11846 3072 11847 3065 11848 3064 11849 3079 11850 3080 11851 3066 11852 3065 11853 3080 11854 3081 11855 3062 11856 3061 11857 3076 11858 3077 11859 3058 11860 3057 11861 3072 11862 3073 11863 3067 11864 3066 11865 3081 11866 3082 11867 3063 11868 3062 11869 3077 11870 3078 11871 3059 11872 3058 11873 3073 11874 3074 11875 3055 11876 3054 11877 3069 11878 3070 11879 3056 11880 3055 11881 3070 11882 3071 11883 3068 11884 3067 11885 3082 11886 3083 11887 3064 11888 3063 11889 3078 11890 3079 11891 3060 11892 3059 11893 3074 11894 3075 11895 3083 11896 3082 11897 3097 11898 3098 11899 3079 11900 3078 11901 3093 11902 3094 11903 3075 11904 3074 11905 3089 11906 3090 11907 3071 11908 3070 11909 3085 11910 3086 11911 3080 11912 3079 11913 3094 11914 3095 11915 3076 11916 3075 11917 3090 11918 3091 11919 3072 11920 3071 11921 3086 11922 3087 11923 3073 11924 3072 11925 3087 11926 3088 11927 3081 11928 3080 11929 3095 11930 3096 11931 3077 11932 3076 11933 3091 11934 3092 11935 3078 11936 3077 11937 3092 11938 3093 11939 3074 11940 3073 11941 3088 11942 3089 11943 3070 11944 3069 11945 3084 11946 3085 11947 3082 11948 3081 11949 3096 11950 3097 11951 3085 11952 3084 11953 3099 11954 3100 11955 3097 11956 3096 11957 3111 11958 3112 11959 3093 11960 3092 11961 3107 11962 3108 11963 3089 11964 3088 11965 3103 11966 3104 11967 3090 11968 3089 11969 3104 11970 3105 11971 3086 11972 3085 11973 3100 11974 3101 11975 3098 11976 3097 11977 3112 11978 3113 11979 3094 11980 3093 11981 3108 11982 3109 11983 3095 11984 3094 11985 3109 11986 3110 11987 3091 11988 3090 11989 3105 11990 3106 11991 3087 11992 3086 11993 3101 11994 3102 11995 3096 11996 3095 11997 3110 11998 3111 11999 3092 12000 3091 12001 3106 12002 3107 12003 3088 12004 3087 12005 3102 12006 3103 12007 3107 12008 3106 12009 3121 12010 3122 12011 3103 12012 3102 12013 3117 12014 3118 12015 3111 12016 3110 12017 3125 12018 3126 12019 3112 12020 3111 12021 3126 12022 3127 12023 3108 12024 3107 12025 3122 12026 3123 12027 3104 12028 3103 12029 3118 12030 3119 12031 3100 12032 3099 12033 3114 12034 3115 12035 3113 12036 3112 12037 3127 12038 3128 12039 3109 12040 3108 12041 3123 12042 3124 12043 3105 12044 3104 12045 3119 12046 3120 12047 3101 12048 3100 12049 3115 12050 3116 12051 3102 12052 3101 12053 3116 12054 3117 12055 3110 12056 3109 12057 3124 12058 3125 12059 3106 12060 3105 12061 3120 12062 3121 12063 3125 12064 3124 12065 3139 12066 3140 12067 3121 12068 3120 12069 3135 12070 3136 12071 3117 12072 3116 12073 3131 12074 3132 12075 3126 12076 3125 12077 3140 12078 3141 12079 3122 12080 3121 12081 3136 12082 3137 12083 3118 12084 3117 12085 3132 12086 3133 12087 3119 12088 3118 12089 3133 12090 3134 12091 3115 12092 3114 12093 3129 12094 3130 12095 3127 12096 3126 12097 3141 12098 3142 12099 3123 12100 3122 12101 3137 12102 3138 12103 3124 12104 3123 12105 3138 12106 3139 12107 3120 12108 3119 12109 3134 12110 3135 12111 3116 12112 3115 12113 3130 12114 3131 12115 3128 12116 3127 12117 3142 12118 3143 12119 3131 12120 3130 12121 3145 12122 3146 12123 3143 12124 3142 12125 3157 12126 3158 12127 3139 12128 3138 12129 3153 12130 3154 12131 3135 12132 3134 12133 3149 12134 3150 12135 3136 12136 3135 12137 3150 12138 3151 12139 3132 12140 3131 12141 3146 12142 3147 12143 3140 12144 3139 12145 3154 12146 3155 12147 3141 12148 3140 12149 3155 12150 3156 12151 3137 12152 3136 12153 3151 12154 3152 12155 3133 12156 3132 12157 3147 12158 3148 12159 3142 12160 3141 12161 3156 12162 3157 12163 3138 12164 3137 12165 3152 12166 3153 12167 3134 12168 3133 12169 3148 12170 3149 12171 3130 12172 3129 12173 3144 12174 3145 12175 3153 12176 3152 12177 3168 12178 3169 12179 3149 12180 3148 12181 3164 12182 3165 12183 3145 12184 3144 12185 3160 12186 3161 12187 3157 12188 3156 12189 3172 12190 3173 12191 3158 12192 3157 12193 3173 12194 3174 12195 3154 12196 3153 12197 3169 12198 3170 12199 3150 12200 3149 12201 3165 12202 3166 12203 3146 12204 3145 12205 3161 12206 3162 12207 3155 12208 3154 12209 3170 12210 3171 12211 3151 12212 3150 12213 3166 12214 3167 12215 3147 12216 3146 12217 3162 12218 3163 12219 3148 12220 3147 12221 3163 12222 3164 12223 3156 12224 3155 12225 3171 12226 3172 12227 3152 12228 3151 12229 3167 12230 3168 12231 3172 12232 3171 12233 3186 12234 3187 12235 3168 12236 3167 12237 3182 12238 3183 12239 3164 12240 3163 12241 3178 12242 3179 12243 3161 12244 3160 12245 3175 12246 3176 12247 3173 12248 3172 12249 3187 12250 3188 12251 3169 12252 3168 12253 3183 12254 3184 12255 3165 12256 3164 12257 3179 12258 3180 12259 3166 12260 3165 12261 3180 12262 3181 12263 3162 12264 3161 12265 3176 12266 3177 12267 3174 12268 3173 12269 3188 12270 3189 12271 3170 12272 3169 12273 3184 12274 3185 12275 3171 12276 3170 12277 3185 12278 3186 12279 3167 12280 3166 12281 3181 12282 3182 12283 3163 12284 3162 12285 3177 12286 3178 12287 2708 12288 3159 12289 2723 12290 3038 12291 2722 12292 2737 12293 2723 12294 3159 12295 2738 12296 3038 12297 2737 12298 2752 12299 3038 12300 2752 12301 2767 12302 2738 12303 3159 12304 2753 12305 3038 12306 2767 12307 2782 12308 2753 12309 3159 12310 2768 12311 3038 12312 2782 12313 2797 12314 2768 12315 3159 12316 2783 12317 2783 12318 3159 12319 2798 12320 3038 12321 2797 12322 2812 12323 3038 12324 2812 12325 2827 12326 2798 12327 3159 12328 2813 12329 3038 12330 2827 12331 2842 12332 2813 12333 3159 12334 2828 12335 3038 12336 2842 12337 2857 12338 2828 12339 3159 12340 2843 12341 2843 12342 3159 12343 2858 12344 3038 12345 2857 12346 2872 12347 3038 12348 2872 12349 2887 12350 2858 12351 3159 12352 2873 12353 3038 12354 2887 12355 2902 12356 2873 12357 3159 12358 2888 12359 3038 12360 2902 12361 2917 12362 2888 12363 3159 12364 2903 12365 2903 12366 3159 12367 2918 12368 3038 12369 2917 12370 2932 12371 3038 12372 2932 12373 2947 12374 2918 12375 3159 12376 2933 12377 3038 12378 2947 12379 2962 12380 2933 12381 3159 12382 2948 12383 3038 12384 2962 12385 2977 12386 2948 12387 3159 12388 2963 12389 2963 12390 3159 12391 2978 12392 3038 12393 2977 12394 2992 12395 3038 12396 2992 12397 3007 12398 2978 12399 3159 12400 2993 12401 3038 12402 3007 12403 3022 12404 2993 12405 3159 12406 3008 12407 3038 12408 3022 12409 3037 12410 3008 12411 3159 12412 3023 12413 3038 12414 3037 12415 3053 12416 3023 12417 3159 12418 3039 12419 3039 12420 3159 12421 3054 12422 3038 12423 3053 12424 3068 12425 3038 12426 3068 12427 3083 12428 3054 12429 3159 12430 3069 12431 3038 12432 3083 12433 3098 12434 3069 12435 3159 12436 3084 12437 3038 12438 3098 12439 3113 12440 3084 12441 3159 12442 3099 12443 3099 12444 3159 12445 3114 12446 3038 12447 3113 12448 3128 12449 3038 12450 3128 12451 3143 12452 3114 12453 3159 12454 3129 12455 3038 12456 3143 12457 3158 12458 3129 12459 3159 12460 3144 12461 3038 12462 3158 12463 3174 12464 3144 12465 3159 12466 3160 12467 3160 12468 3159 12469 3175 12470 3038 12471 3174 12472 3189 12473 3178 12474 3177 12475 2710 12476 2711 12477 3038 12478 3189 12479 2722 12480 3186 12481 3185 12482 2718 12483 2719 12484 3182 12485 3181 12486 2714 12487 2715 12488 3183 12489 3182 12490 2715 12491 2716 12492 3179 12493 3178 12494 2711 12495 2712 12496 3175 12497 3159 12498 2708 12499 3187 12500 3186 12501 2719 12502 2720 12503 3188 12504 3187 12505 2720 12506 2721 12507 3184 12508 3183 12509 2716 12510 2717 12511 3180 12512 3179 12513 2712 12514 2713 12515 3176 12516 3175 12517 2708 12518 2709 12519 3189 12520 3188 12521 2721 12522 2722 12523 3185 12524 3184 12525 2717 12526 2718 12527 3181 12528 3180 12529 2713 12530 2714 12531 3177 12532 3176 12533 2709 12534 2710 12535</p></polylist>
      </mesh>
    </geometry>
  </library_geometries>
  <library_visual_scenes>
    <visual_scene id="Untitled-Scene" name="Untitled-Scene">
      <node name="saber-excalibur" id="saber-excalibur" sid="saber-excalibur"><matrix sid="matrix">1.000000 0.000000 0.000000 0.000000 0.000000 1.000000 0.000000 0.000000 0.000000 0.000000 1.000000 0.000000 0.000000 0.000000 0.000000 1.000000</matrix><extra><technique profile="FCOLLADA"><visibility>1.000000</visibility></technique></extra><node name="Plane.002" id="Plane.002" sid="Plane.002"><matrix sid="matrix">-0.000000 1.000000 0.000000 0.176429 0.213354 0.000000 -0.976975 0.943676 -0.976975 0.000000 -0.213354 0.000000 0.000000 0.000000 0.000000 1.000000</matrix><instance_geometry url="#Plane.002-lib"><bind_material><technique_common><instance_material symbol="Material.001" target="#Material.001"/><instance_material symbol="Material.002" target="#Material.002"/><instance_material symbol="Material.003" target="#Material.003"/><instance_material symbol="Material.004" target="#Material.004"/></technique_common></bind_material></instance_geometry><extra><technique profile="FCOLLADA"><visibility>1.000000</visibility></technique></extra></node></node>
      <extra><technique profile="MAX3D"><frame_rate>29.970030</frame_rate></technique><technique profile="FCOLLADA"><start_time>0.000000</start_time><end_time>6.673333</end_time></technique></extra>
    </visual_scene>
  </library_visual_scenes>
  <scene>
    <instance_visual_scene url="#Untitled-Scene"></instance_visual_scene>
  </scene>
</COLLADA>
